SET SQL_MODE = "NO_AUTO_VALUE_ON_ZERO";
SET AUTOCOMMIT = 0;
START TRANSACTION;
SET time_zone = "+00:00";

CREATE TABLE `mall_archives` (
  `id` int(11) NOT NULL,
  `pid` int(11) NOT NULL DEFAULT 0 ,
  `title` varchar(255) NOT NULL DEFAULT '' ,
  `hits` int(11) NOT NULL DEFAULT 0 ,
  `status` tinyint(1) NOT NULL DEFAULT 1 ,
  `sort` smallint(6) NOT NULL DEFAULT 0 ,
  `photo` varchar(255) NOT NULL DEFAULT '' ,
  `intro` text NOT NULL ,
  `content` longtext NOT NULL ,
  `create_time` int(10) NOT NULL DEFAULT 0 ,
  `update_time` int(10) NOT NULL DEFAULT 0 
) ENGINE=InnoDB DEFAULT CHARSET=utf8mb4;

--
-- 转存表中的数据 `mall_archives`
--

INSERT INTO `mall_archives` (`id`, `pid`, `title`, `hits`, `status`, `sort`, `photo`, `intro`, `content`, `create_time`, `update_time`) VALUES
(1, 59, 'A3Mall企业版v1.0发布啦！', 0, 0, 0, '', '', '<p>A3Mall企业版v1.0发布啦！</p>', 1624974382, 1624974382),
(2, 60, '如何支付', 0, 0, 0, '', '', '<p>如何支付</p>', 1624985454, 1624985454),
(3, 60, '退换货政策', 0, 0, 0, '', '', '<p>退换货政策</p>', 1624985469, 1624985469);

-- --------------------------------------------------------

--
-- 表的结构 `mall_area`
--

CREATE TABLE `mall_area` (
  `id` int(11) NOT NULL,
  `pid` int(11) DEFAULT 0 ,
  `name` varchar(100) DEFAULT '' ,
  `level` tinyint(4) UNSIGNED DEFAULT 0 ,
  `zip` varchar(100) DEFAULT NULL ,
  `lng` varchar(100) DEFAULT NULL,
  `lat` varchar(100) DEFAULT NULL,
  `sort` smallint(5) NOT NULL DEFAULT 0 ,
  `is_lock` tinyint(1) NOT NULL DEFAULT 0 
) ENGINE=InnoDB DEFAULT CHARSET=utf8mb4;

--
-- 转存表中的数据 `mall_area`
--

INSERT INTO `mall_area` (`id`, `pid`, `name`, `level`, `zip`, `lng`, `lat`, `sort`, `is_lock`) VALUES
(1, 0, '北京市', 1, '', '116.405285', '39.904989', 0, 0),
(2, 1, '北京市', 2, '100000', '116.405285', '39.904989', 0, 0),
(3, 2, '东城区', 3, '100010', '116.41005', '39.93157', 0, 0),
(4, 2, '西城区', 3, '100032', '116.36003', '39.9305', 0, 0),
(5, 2, '朝阳区', 3, '100020', '116.48548', '39.9484', 0, 0),
(6, 2, '丰台区', 3, '100071', '116.28625', '39.8585', 0, 0),
(7, 2, '石景山区', 3, '100043', '116.2229', '39.90564', 0, 0),
(8, 2, '海淀区', 3, '100089', '116.29812', '39.95931', 0, 0),
(9, 2, '门头沟区', 3, '102300', '116.10137', '39.94043', 0, 0),
(10, 2, '房山区', 3, '102488', '116.14257', '39.74786', 0, 0),
(11, 2, '通州区', 3, '101149', '116.65716', '39.90966', 0, 0),
(12, 2, '顺义区', 3, '101300', '116.65417', '40.1302', 0, 0),
(13, 2, '昌平区', 3, '102200', '116.2312', '40.22072', 0, 0),
(14, 2, '大兴区', 3, '102600', '116.34149', '39.72668', 0, 0),
(15, 2, '怀柔区', 3, '101400', '116.63168', '40.31602', 0, 0),
(16, 2, '平谷区', 3, '101200', '117.12133', '40.14056', 0, 0),
(17, 2, '密云县', 3, '101500', '116.84295', '40.37618', 0, 0),
(18, 2, '延庆县', 3, '102100', '115.97494', '40.45672', 0, 0),
(19, 0, '天津市', 1, '', '117.190182', '39.125596', 0, 0),
(20, 19, '天津市', 2, '300000', '117.190182', '39.125596', 0, 0),
(21, 20, '和平区', 3, '300041', '117.21456', '39.11718', 0, 0),
(22, 20, '河东区', 3, '300171', '117.22562', '39.12318', 0, 0),
(23, 20, '河西区', 3, '300202', '117.22327', '39.10959', 0, 0),
(24, 20, '南开区', 3, '300110', '117.15074', '39.13821', 0, 0),
(25, 20, '河北区', 3, '300143', '117.19697', '39.14816', 0, 0),
(26, 20, '红桥区', 3, '300131', '117.15145', '39.16715', 0, 0),
(27, 20, '东丽区', 3, '300300', '117.31436', '39.0863', 0, 0),
(28, 20, '西青区', 3, '300380', '117.00927', '39.14123', 0, 0),
(29, 20, '津南区', 3, '300350', '117.38537', '38.99139', 0, 0),
(30, 20, '北辰区', 3, '300400', '117.13217', '39.22131', 0, 0),
(31, 20, '武清区', 3, '301700', '117.04443', '39.38415', 0, 0),
(32, 20, '宝坻区', 3, '301800', '117.3103', '39.71761', 0, 0),
(33, 20, '滨海新区', 3, '300451', '117.70162', '39.02668', 0, 0),
(34, 20, '宁河县', 3, '301500', '117.8255', '39.33048', 0, 0),
(35, 20, '静海县', 3, '301600', '116.97436', '38.94582', 0, 0),
(36, 20, '蓟县', 3, '301900', '117.40799', '40.04567', 0, 0),
(37, 0, '河北省', 1, '', '114.502461', '38.045474', 0, 0),
(38, 37, '石家庄市', 2, '050011', '114.502461', '38.045474', 0, 0),
(39, 38, '长安区', 3, '050011', '114.53906', '38.03665', 0, 0),
(40, 38, '桥西区', 3, '050091', '114.46977', '38.03221', 0, 0),
(41, 38, '新华区', 3, '050051', '114.46326', '38.05088', 0, 0),
(42, 38, '井陉矿区', 3, '050100', '114.06518', '38.06705', 0, 0),
(43, 38, '裕华区', 3, '050031', '114.53115', '38.00604', 0, 0),
(44, 38, '藁城区', 3, '052160', '114.84671', '38.02162', 0, 0),
(45, 38, '鹿泉区', 3, '050200', '114.31347', '38.08782', 0, 0),
(46, 38, '栾城区', 3, '051430', '114.64834', '37.90022', 0, 0),
(47, 38, '井陉县', 3, '050300', '114.14257', '38.03688', 0, 0),
(48, 38, '正定县', 3, '050800', '114.57296', '38.14445', 0, 0),
(49, 38, '行唐县', 3, '050600', '114.55316', '38.43654', 0, 0),
(50, 38, '灵寿县', 3, '050500', '114.38259', '38.30845', 0, 0),
(51, 38, '高邑县', 3, '051330', '114.61142', '37.61556', 0, 0),
(52, 38, '深泽县', 3, '052560', '115.20358', '38.18353', 0, 0),
(53, 38, '赞皇县', 3, '051230', '114.38775', '37.66135', 0, 0),
(54, 38, '无极县', 3, '052460', '114.97509', '38.17653', 0, 0),
(55, 38, '平山县', 3, '050400', '114.186', '38.25994', 0, 0),
(56, 38, '元氏县', 3, '051130', '114.52539', '37.76668', 0, 0),
(57, 38, '赵县', 3, '051530', '114.77612', '37.75628', 0, 0),
(58, 38, '辛集市', 3, '052360', '115.20626', '37.94079', 0, 0),
(59, 38, '晋州市', 3, '052260', '115.04348', '38.03135', 0, 0),
(60, 38, '新乐市', 3, '050700', '114.68985', '38.34417', 0, 0),
(61, 37, '唐山市', 2, '063000', '118.175393', '39.635113', 0, 0),
(62, 61, '路南区', 3, '063000', '118.15431', '39.62505', 0, 0),
(63, 61, '路北区', 3, '063000', '118.20079', '39.62436', 0, 0),
(64, 61, '古冶区', 3, '063100', '118.45803', '39.71993', 0, 0),
(65, 61, '开平区', 3, '063021', '118.26171', '39.67128', 0, 0),
(66, 61, '丰南区', 3, '063300', '118.11282', '39.56483', 0, 0),
(67, 61, '丰润区', 3, '064000', '118.12976', '39.8244', 0, 0),
(68, 61, '曹妃甸区', 3, '063200', '118.460379', '39.273070', 0, 0),
(69, 61, '滦县', 3, '063700', '118.70346', '39.74056', 0, 0),
(70, 61, '滦南县', 3, '063500', '118.6741', '39.5039', 0, 0),
(71, 61, '乐亭县', 3, '063600', '118.9125', '39.42561', 0, 0),
(72, 61, '迁西县', 3, '064300', '118.31616', '40.14587', 0, 0),
(73, 61, '玉田县', 3, '064100', '117.7388', '39.90049', 0, 0),
(74, 61, '遵化市', 3, '064200', '117.96444', '40.18741', 0, 0),
(75, 61, '迁安市', 3, '064400', '118.70068', '39.99833', 0, 0),
(76, 37, '秦皇岛市', 2, '066000', '119.586579', '39.942531', 0, 0),
(77, 76, '海港区', 3, '066000', '119.61046', '39.9345', 0, 0),
(78, 76, '山海关区', 3, '066200', '119.77563', '39.97869', 0, 0),
(79, 76, '北戴河区', 3, '066100', '119.48388', '39.83408', 0, 0),
(80, 76, '青龙满族自治县', 3, '066500', '118.95242', '40.40743', 0, 0),
(81, 76, '昌黎县', 3, '066600', '119.16595', '39.70884', 0, 0),
(82, 76, '抚宁县', 3, '066300', '119.24487', '39.87538', 0, 0),
(83, 76, '卢龙县', 3, '066400', '118.89288', '39.89176', 0, 0),
(84, 37, '邯郸市', 2, '056002', '114.490686', '36.612273', 0, 0),
(85, 84, '邯山区', 3, '056001', '114.48375', '36.60006', 0, 0),
(86, 84, '丛台区', 3, '056002', '114.49343', '36.61847', 0, 0),
(87, 84, '复兴区', 3, '056003', '114.45928', '36.61134', 0, 0),
(88, 84, '峰峰矿区', 3, '056200', '114.21148', '36.41937', 0, 0),
(89, 84, '邯郸县', 3, '056101', '114.53103', '36.59385', 0, 0),
(90, 84, '临漳县', 3, '056600', '114.6195', '36.33461', 0, 0),
(91, 84, '成安县', 3, '056700', '114.66995', '36.44411', 0, 0),
(92, 84, '大名县', 3, '056900', '115.15362', '36.27994', 0, 0),
(93, 84, '涉县', 3, '056400', '113.69183', '36.58072', 0, 0),
(94, 84, '磁县', 3, '056500', '114.37387', '36.37392', 0, 0),
(95, 84, '肥乡县', 3, '057550', '114.79998', '36.54807', 0, 0),
(96, 84, '永年县', 3, '057150', '114.48925', '36.78356', 0, 0),
(97, 84, '邱县', 3, '057450', '115.17407', '36.82082', 0, 0),
(98, 84, '鸡泽县', 3, '057350', '114.8742', '36.92374', 0, 0),
(99, 84, '广平县', 3, '057650', '114.94653', '36.48046', 0, 0),
(100, 84, '馆陶县', 3, '057750', '115.29913', '36.53719', 0, 0),
(101, 84, '魏县', 3, '056800', '114.93518', '36.36171', 0, 0),
(102, 84, '曲周县', 3, '057250', '114.95196', '36.77671', 0, 0),
(103, 84, '武安市', 3, '056300', '114.20153', '36.69281', 0, 0),
(104, 37, '邢台市', 2, '054001', '114.508851', '37.0682', 0, 0),
(105, 104, '桥东区', 3, '054001', '114.50725', '37.06801', 0, 0),
(106, 104, '桥西区', 3, '054000', '114.46803', '37.05984', 0, 0),
(107, 104, '邢台县', 3, '054001', '114.56575', '37.0456', 0, 0),
(108, 104, '临城县', 3, '054300', '114.50387', '37.43977', 0, 0),
(109, 104, '内丘县', 3, '054200', '114.51212', '37.28671', 0, 0),
(110, 104, '柏乡县', 3, '055450', '114.69332', '37.48242', 0, 0),
(111, 104, '隆尧县', 3, '055350', '114.77615', '37.35351', 0, 0),
(112, 104, '任县', 3, '055150', '114.6842', '37.12575', 0, 0),
(113, 104, '南和县', 3, '054400', '114.68371', '37.00488', 0, 0),
(114, 104, '宁晋县', 3, '055550', '114.92117', '37.61696', 0, 0),
(115, 104, '巨鹿县', 3, '055250', '115.03524', '37.21801', 0, 0),
(116, 104, '新河县', 3, '055650', '115.24987', '37.52718', 0, 0),
(117, 104, '广宗县', 3, '054600', '115.14254', '37.0746', 0, 0),
(118, 104, '平乡县', 3, '054500', '115.03002', '37.06317', 0, 0),
(119, 104, '威县', 3, '054700', '115.2637', '36.9768', 0, 0),
(120, 104, '清河县', 3, '054800', '115.66479', '37.07122', 0, 0),
(121, 104, '临西县', 3, '054900', '115.50097', '36.87078', 0, 0),
(122, 104, '南宫市', 3, '055750', '115.39068', '37.35799', 0, 0),
(123, 104, '沙河市', 3, '054100', '114.4981', '36.8577', 0, 0),
(124, 37, '保定市', 2, '071052', '115.482331', '38.867657', 0, 0),
(125, 124, '新市区', 3, '071051', '115.4587', '38.87751', 0, 0),
(126, 124, '北市区', 3, '071000', '115.49715', '38.88322', 0, 0),
(127, 124, '南市区', 3, '071001', '115.52859', '38.85455', 0, 0),
(128, 124, '满城县', 3, '072150', '115.32296', '38.94972', 0, 0),
(129, 124, '清苑县', 3, '071100', '115.49267', '38.76709', 0, 0),
(130, 124, '涞水县', 3, '074100', '115.71517', '39.39404', 0, 0),
(131, 124, '阜平县', 3, '073200', '114.19683', '38.84763', 0, 0),
(132, 124, '徐水县', 3, '072550', '115.65829', '39.02099', 0, 0),
(133, 124, '定兴县', 3, '072650', '115.80786', '39.26312', 0, 0),
(134, 124, '唐县', 3, '072350', '114.98516', '38.74513', 0, 0),
(135, 124, '高阳县', 3, '071500', '115.7788', '38.70003', 0, 0),
(136, 124, '容城县', 3, '071700', '115.87158', '39.0535', 0, 0),
(137, 124, '涞源县', 3, '074300', '114.69128', '39.35388', 0, 0),
(138, 124, '望都县', 3, '072450', '115.1567', '38.70996', 0, 0),
(139, 124, '安新县', 3, '071600', '115.93557', '38.93532', 0, 0),
(140, 124, '易县', 3, '074200', '115.4981', '39.34885', 0, 0),
(141, 124, '曲阳县', 3, '073100', '114.70123', '38.62154', 0, 0),
(142, 124, '蠡县', 3, '071400', '115.57717', '38.48974', 0, 0),
(143, 124, '顺平县', 3, '072250', '115.1347', '38.83854', 0, 0),
(144, 124, '博野县', 3, '071300', '115.47033', '38.4564', 0, 0),
(145, 124, '雄县', 3, '071800', '116.10873', '38.99442', 0, 0),
(146, 124, '涿州市', 3, '072750', '115.98062', '39.48622', 0, 0),
(147, 124, '定州市', 3, '073000', '114.9902', '38.51623', 0, 0),
(148, 124, '安国市', 3, '071200', '115.32321', '38.41391', 0, 0),
(149, 124, '高碑店市', 3, '074000', '115.87368', '39.32655', 0, 0),
(150, 37, '张家口市', 2, '075000', '114.884091', '40.811901', 0, 0),
(151, 150, '桥东区', 3, '075000', '114.8943', '40.78844', 0, 0),
(152, 150, '桥西区', 3, '075061', '114.86962', '40.81945', 0, 0),
(153, 150, '宣化区', 3, '075100', '115.06543', '40.60957', 0, 0),
(154, 150, '下花园区', 3, '075300', '115.28744', '40.50236', 0, 0),
(155, 150, '宣化县', 3, '075100', '115.15497', '40.56618', 0, 0),
(156, 150, '张北县', 3, '076450', '114.71432', '41.15977', 0, 0),
(157, 150, '康保县', 3, '076650', '114.60031', '41.85225', 0, 0),
(158, 150, '沽源县', 3, '076550', '115.68859', '41.66959', 0, 0),
(159, 150, '尚义县', 3, '076750', '113.97134', '41.07782', 0, 0),
(160, 150, '蔚县', 3, '075700', '114.58892', '39.84067', 0, 0),
(161, 150, '阳原县', 3, '075800', '114.15051', '40.10361', 0, 0),
(162, 150, '怀安县', 3, '076150', '114.38559', '40.67425', 0, 0),
(163, 150, '万全县', 3, '076250', '114.7405', '40.76694', 0, 0),
(164, 150, '怀来县', 3, '075400', '115.51773', '40.41536', 0, 0),
(165, 150, '涿鹿县', 3, '075600', '115.22403', '40.37636', 0, 0),
(166, 150, '赤城县', 3, '075500', '115.83187', '40.91438', 0, 0),
(167, 150, '崇礼县', 3, '076350', '115.27993', '40.97519', 0, 0),
(168, 37, '承德市', 2, '067000', '117.939152', '40.976204', 0, 0),
(169, 168, '双桥区', 3, '067000', '117.9432', '40.97466', 0, 0),
(170, 168, '双滦区', 3, '067001', '117.74487', '40.95375', 0, 0),
(171, 168, '鹰手营子矿区', 3, '067200', '117.65985', '40.54744', 0, 0),
(172, 168, '承德县', 3, '067400', '118.17639', '40.76985', 0, 0),
(173, 168, '兴隆县', 3, '067300', '117.50073', '40.41709', 0, 0),
(174, 168, '平泉县', 3, '067500', '118.70196', '41.01839', 0, 0),
(175, 168, '滦平县', 3, '068250', '117.33276', '40.94148', 0, 0),
(176, 168, '隆化县', 3, '068150', '117.7297', '41.31412', 0, 0),
(177, 168, '丰宁满族自治县', 3, '068350', '116.6492', '41.20481', 0, 0),
(178, 168, '宽城满族自治县', 3, '067600', '118.49176', '40.60829', 0, 0),
(179, 168, '围场满族蒙古族自治县', 3, '068450', '117.7601', '41.94368', 0, 0),
(180, 37, '沧州市', 2, '061001', '116.857461', '38.310582', 0, 0),
(181, 180, '新华区', 3, '061000', '116.86643', '38.31438', 0, 0),
(182, 180, '运河区', 3, '061001', '116.85706', '38.31352', 0, 0),
(183, 180, '沧县', 3, '061000', '116.87817', '38.29361', 0, 0),
(184, 180, '青县', 3, '062650', '116.80316', '38.58345', 0, 0),
(185, 180, '东光县', 3, '061600', '116.53668', '37.8857', 0, 0),
(186, 180, '海兴县', 3, '061200', '117.49758', '38.13958', 0, 0),
(187, 180, '盐山县', 3, '061300', '117.23092', '38.05647', 0, 0),
(188, 180, '肃宁县', 3, '062350', '115.82971', '38.42272', 0, 0),
(189, 180, '南皮县', 3, '061500', '116.70224', '38.04109', 0, 0),
(190, 180, '吴桥县', 3, '061800', '116.3847', '37.62546', 0, 0),
(191, 180, '献县', 3, '062250', '116.12695', '38.19228', 0, 0),
(192, 180, '孟村回族自治县', 3, '061400', '117.10412', '38.05338', 0, 0),
(193, 180, '泊头市', 3, '062150', '116.57824', '38.08359', 0, 0),
(194, 180, '任丘市', 3, '062550', '116.1033', '38.71124', 0, 0),
(195, 180, '黄骅市', 3, '061100', '117.33883', '38.3706', 0, 0),
(196, 180, '河间市', 3, '062450', '116.0993', '38.44549', 0, 0),
(197, 37, '廊坊市', 2, '065000', '116.713873', '39.529244', 0, 0),
(198, 197, '安次区', 3, '065000', '116.70308', '39.52057', 0, 0),
(199, 197, '广阳区', 3, '065000', '116.71069', '39.52278', 0, 0),
(200, 197, '固安县', 3, '065500', '116.29916', '39.43833', 0, 0),
(201, 197, '永清县', 3, '065600', '116.50091', '39.32069', 0, 0),
(202, 197, '香河县', 3, '065400', '117.00634', '39.76133', 0, 0),
(203, 197, '大城县', 3, '065900', '116.65353', '38.70534', 0, 0),
(204, 197, '文安县', 3, '065800', '116.45846', '38.87325', 0, 0),
(205, 197, '大厂回族自治县', 3, '065300', '116.98916', '39.88649', 0, 0),
(206, 197, '霸州市', 3, '065700', '116.39154', '39.12569', 0, 0),
(207, 197, '三河市', 3, '065200', '117.07229', '39.98358', 0, 0),
(208, 37, '衡水市', 2, '053000', '115.665993', '37.735097', 0, 0),
(209, 208, '桃城区', 3, '053000', '115.67529', '37.73499', 0, 0),
(210, 208, '枣强县', 3, '053100', '115.72576', '37.51027', 0, 0),
(211, 208, '武邑县', 3, '053400', '115.88748', '37.80181', 0, 0),
(212, 208, '武强县', 3, '053300', '115.98226', '38.04138', 0, 0),
(213, 208, '饶阳县', 3, '053900', '115.72558', '38.23529', 0, 0),
(214, 208, '安平县', 3, '053600', '115.51876', '38.23388', 0, 0),
(215, 208, '故城县', 3, '053800', '115.97076', '37.34773', 0, 0),
(216, 208, '景县', 3, '053500', '116.26904', '37.6926', 0, 0),
(217, 208, '阜城县', 3, '053700', '116.14431', '37.86881', 0, 0),
(218, 208, '冀州市', 3, '053200', '115.57934', '37.55082', 0, 0),
(219, 208, '深州市', 3, '053800', '115.55993', '38.00109', 0, 0),
(220, 0, '山西省', 1, '', '112.549248', '37.857014', 0, 0),
(221, 220, '太原市', 2, '030082', '112.549248', '37.857014', 0, 0),
(222, 221, '小店区', 3, '030032', '112.56878', '37.73565', 0, 0),
(223, 221, '迎泽区', 3, '030002', '112.56338', '37.86326', 0, 0),
(224, 221, '杏花岭区', 3, '030009', '112.56237', '37.88429', 0, 0),
(225, 221, '尖草坪区', 3, '030023', '112.48709', '37.94193', 0, 0),
(226, 221, '万柏林区', 3, '030024', '112.51553', '37.85923', 0, 0),
(227, 221, '晋源区', 3, '030025', '112.47985', '37.72479', 0, 0),
(228, 221, '清徐县', 3, '030400', '112.35888', '37.60758', 0, 0),
(229, 221, '阳曲县', 3, '030100', '112.67861', '38.05989', 0, 0),
(230, 221, '娄烦县', 3, '030300', '111.79473', '38.06689', 0, 0),
(231, 221, '古交市', 3, '030200', '112.16918', '37.90983', 0, 0),
(232, 220, '大同市', 2, '037008', '113.295259', '40.09031', 0, 0),
(233, 232, '城区', 3, '037008', '113.298', '40.07566', 0, 0),
(234, 232, '矿区', 3, '037003', '113.1772', '40.03685', 0, 0),
(235, 232, '南郊区', 3, '037001', '113.14947', '40.00539', 0, 0),
(236, 232, '新荣区', 3, '037002', '113.13504', '40.25618', 0, 0),
(237, 232, '阳高县', 3, '038100', '113.75012', '40.36256', 0, 0),
(238, 232, '天镇县', 3, '038200', '114.0931', '40.42299', 0, 0),
(239, 232, '广灵县', 3, '037500', '114.28204', '39.76082', 0, 0),
(240, 232, '灵丘县', 3, '034400', '114.23672', '39.44043', 0, 0),
(241, 232, '浑源县', 3, '037400', '113.69552', '39.69962', 0, 0),
(242, 232, '左云县', 3, '037100', '112.70266', '40.01336', 0, 0),
(243, 232, '大同县', 3, '037300', '113.61212', '40.04012', 0, 0),
(244, 220, '阳泉市', 2, '045000', '113.583285', '37.861188', 0, 0),
(245, 244, '城区', 3, '045000', '113.60069', '37.8474', 0, 0),
(246, 244, '矿区', 3, '045000', '113.55677', '37.86895', 0, 0),
(247, 244, '郊区', 3, '045011', '113.58539', '37.94139', 0, 0),
(248, 244, '平定县', 3, '045200', '113.65789', '37.78601', 0, 0),
(249, 244, '盂县', 3, '045100', '113.41235', '38.08579', 0, 0),
(250, 220, '长治市', 2, '046000', '113.113556', '36.191112', 0, 0),
(251, 250, '城区', 3, '046011', '113.12308', '36.20351', 0, 0),
(252, 250, '郊区', 3, '046011', '113.12653', '36.19918', 0, 0),
(253, 250, '长治县', 3, '047100', '113.04791', '36.04722', 0, 0),
(254, 250, '襄垣县', 3, '046200', '113.05157', '36.53527', 0, 0),
(255, 250, '屯留县', 3, '046100', '112.89196', '36.31579', 0, 0),
(256, 250, '平顺县', 3, '047400', '113.43603', '36.20005', 0, 0),
(257, 250, '黎城县', 3, '047600', '113.38766', '36.50301', 0, 0),
(258, 250, '壶关县', 3, '047300', '113.207', '36.11301', 0, 0),
(259, 250, '长子县', 3, '046600', '112.87731', '36.12125', 0, 0),
(260, 250, '武乡县', 3, '046300', '112.86343', '36.83687', 0, 0),
(261, 250, '沁县', 3, '046400', '112.69863', '36.75628', 0, 0),
(262, 250, '沁源县', 3, '046500', '112.33758', '36.50008', 0, 0),
(263, 250, '潞城市', 3, '047500', '113.22888', '36.33414', 0, 0),
(264, 220, '晋城市', 2, '048000', '112.851274', '35.497553', 0, 0),
(265, 264, '城区', 3, '048000', '112.85319', '35.50175', 0, 0),
(266, 264, '沁水县', 3, '048200', '112.1871', '35.69102', 0, 0),
(267, 264, '阳城县', 3, '048100', '112.41485', '35.48614', 0, 0),
(268, 264, '陵川县', 3, '048300', '113.2806', '35.77532', 0, 0),
(269, 264, '泽州县', 3, '048012', '112.83947', '35.50789', 0, 0),
(270, 264, '高平市', 3, '048400', '112.92288', '35.79705', 0, 0),
(271, 220, '朔州市', 2, '038500', '112.433387', '39.331261', 0, 0),
(272, 271, '朔城区', 3, '036000', '112.43189', '39.31982', 0, 0),
(273, 271, '平鲁区', 3, '038600', '112.28833', '39.51155', 0, 0),
(274, 271, '山阴县', 3, '036900', '112.81662', '39.52697', 0, 0),
(275, 271, '应县', 3, '037600', '113.19052', '39.55279', 0, 0),
(276, 271, '右玉县', 3, '037200', '112.46902', '39.99011', 0, 0),
(277, 271, '怀仁县', 3, '038300', '113.10009', '39.82806', 0, 0),
(278, 220, '晋中市', 2, '030600', '112.736465', '37.696495', 0, 0),
(279, 278, '榆次区', 3, '030600', '112.70788', '37.6978', 0, 0),
(280, 278, '榆社县', 3, '031800', '112.97558', '37.0721', 0, 0),
(281, 278, '左权县', 3, '032600', '113.37918', '37.08235', 0, 0),
(282, 278, '和顺县', 3, '032700', '113.56988', '37.32963', 0, 0),
(283, 278, '昔阳县', 3, '045300', '113.70517', '37.61863', 0, 0),
(284, 278, '寿阳县', 3, '045400', '113.17495', '37.88899', 0, 0),
(285, 278, '太谷县', 3, '030800', '112.55246', '37.42161', 0, 0),
(286, 278, '祁县', 3, '030900', '112.33358', '37.3579', 0, 0),
(287, 278, '平遥县', 3, '031100', '112.17553', '37.1892', 0, 0),
(288, 278, '灵石县', 3, '031300', '111.7774', '36.84814', 0, 0),
(289, 278, '介休市', 3, '032000', '111.91824', '37.02771', 0, 0),
(290, 220, '运城市', 2, '044000', '111.003957', '35.022778', 0, 0),
(291, 290, '盐湖区', 3, '044000', '110.99827', '35.0151', 0, 0),
(292, 290, '临猗县', 3, '044100', '110.77432', '35.14455', 0, 0),
(293, 290, '万荣县', 3, '044200', '110.83657', '35.41556', 0, 0),
(294, 290, '闻喜县', 3, '043800', '111.22265', '35.35553', 0, 0),
(295, 290, '稷山县', 3, '043200', '110.97924', '35.59993', 0, 0),
(296, 290, '新绛县', 3, '043100', '111.22509', '35.61566', 0, 0),
(297, 290, '绛县', 3, '043600', '111.56668', '35.49096', 0, 0),
(298, 290, '垣曲县', 3, '043700', '111.67166', '35.29923', 0, 0),
(299, 290, '夏县', 3, '044400', '111.21966', '35.14121', 0, 0),
(300, 290, '平陆县', 3, '044300', '111.21704', '34.83772', 0, 0),
(301, 290, '芮城县', 3, '044600', '110.69455', '34.69384', 0, 0),
(302, 290, '永济市', 3, '044500', '110.44537', '34.86556', 0, 0),
(303, 290, '河津市', 3, '043300', '110.7116', '35.59478', 0, 0),
(304, 220, '忻州市', 2, '034000', '112.733538', '38.41769', 0, 0),
(305, 304, '忻府区', 3, '034000', '112.74603', '38.40414', 0, 0),
(306, 304, '定襄县', 3, '035400', '112.95733', '38.47387', 0, 0),
(307, 304, '五台县', 3, '035500', '113.25256', '38.72774', 0, 0),
(308, 304, '代县', 3, '034200', '112.95913', '39.06717', 0, 0),
(309, 304, '繁峙县', 3, '034300', '113.26303', '39.18886', 0, 0),
(310, 304, '宁武县', 3, '036700', '112.30423', '39.00211', 0, 0),
(311, 304, '静乐县', 3, '035100', '111.94158', '38.3602', 0, 0),
(312, 304, '神池县', 3, '036100', '112.20541', '39.09', 0, 0),
(313, 304, '五寨县', 3, '036200', '111.8489', '38.90757', 0, 0),
(314, 304, '岢岚县', 3, '036300', '111.57388', '38.70452', 0, 0),
(315, 304, '河曲县', 3, '036500', '111.13821', '39.38439', 0, 0),
(316, 304, '保德县', 3, '036600', '111.08656', '39.02248', 0, 0),
(317, 304, '偏关县', 3, '036400', '111.50863', '39.43609', 0, 0),
(318, 304, '原平市', 3, '034100', '112.70584', '38.73181', 0, 0),
(319, 220, '临汾市', 2, '041000', '111.517973', '36.08415', 0, 0),
(320, 319, '尧都区', 3, '041000', '111.5787', '36.08298', 0, 0),
(321, 319, '曲沃县', 3, '043400', '111.47525', '35.64119', 0, 0),
(322, 319, '翼城县', 3, '043500', '111.7181', '35.73881', 0, 0),
(323, 319, '襄汾县', 3, '041500', '111.44204', '35.87711', 0, 0),
(324, 319, '洪洞县', 3, '041600', '111.67501', '36.25425', 0, 0),
(325, 319, '古县', 3, '042400', '111.92041', '36.26688', 0, 0),
(326, 319, '安泽县', 3, '042500', '112.24981', '36.14803', 0, 0),
(327, 319, '浮山县', 3, '042600', '111.84744', '35.96854', 0, 0),
(328, 319, '吉县', 3, '042200', '110.68148', '36.09873', 0, 0),
(329, 319, '乡宁县', 3, '042100', '110.84652', '35.97072', 0, 0),
(330, 319, '大宁县', 3, '042300', '110.75216', '36.46624', 0, 0),
(331, 319, '隰县', 3, '041300', '110.93881', '36.69258', 0, 0),
(332, 319, '永和县', 3, '041400', '110.63168', '36.7584', 0, 0),
(333, 319, '蒲县', 3, '041200', '111.09674', '36.41243', 0, 0),
(334, 319, '汾西县', 3, '031500', '111.56811', '36.65063', 0, 0),
(335, 319, '侯马市', 3, '043000', '111.37207', '35.61903', 0, 0),
(336, 319, '霍州市', 3, '031400', '111.755', '36.5638', 0, 0),
(337, 220, '吕梁市', 2, '033000', '111.134335', '37.524366', 0, 0),
(338, 337, '离石区', 3, '033000', '111.15059', '37.5177', 0, 0),
(339, 337, '文水县', 3, '032100', '112.02829', '37.43841', 0, 0),
(340, 337, '交城县', 3, '030500', '112.1585', '37.5512', 0, 0),
(341, 337, '兴县', 3, '033600', '111.12692', '38.46321', 0, 0),
(342, 337, '临县', 3, '033200', '110.99282', '37.95271', 0, 0),
(343, 337, '柳林县', 3, '033300', '110.88922', '37.42932', 0, 0),
(344, 337, '石楼县', 3, '032500', '110.8352', '36.99731', 0, 0),
(345, 337, '岚县', 3, '033500', '111.67627', '38.27874', 0, 0),
(346, 337, '方山县', 3, '033100', '111.24011', '37.88979', 0, 0),
(347, 337, '中阳县', 3, '033400', '111.1795', '37.35715', 0, 0),
(348, 337, '交口县', 3, '032400', '111.18103', '36.98213', 0, 0),
(349, 337, '孝义市', 3, '032300', '111.77362', '37.14414', 0, 0),
(350, 337, '汾阳市', 3, '032200', '111.7882', '37.26605', 0, 0),
(351, 0, '内蒙古自治区', 1, '', '111.670801', '40.818311', 0, 0),
(352, 351, '呼和浩特市', 2, '010000', '111.670801', '40.818311', 0, 0),
(353, 352, '新城区', 3, '010050', '111.66554', '40.85828', 0, 0),
(354, 352, '回民区', 3, '010030', '111.62402', '40.80827', 0, 0),
(355, 352, '玉泉区', 3, '010020', '111.67456', '40.75227', 0, 0),
(356, 352, '赛罕区', 3, '010020', '111.70224', '40.79207', 0, 0),
(357, 352, '土默特左旗', 3, '010100', '111.14898', '40.72229', 0, 0),
(358, 352, '托克托县', 3, '010200', '111.19101', '40.27492', 0, 0),
(359, 352, '和林格尔县', 3, '011500', '111.82205', '40.37892', 0, 0),
(360, 352, '清水河县', 3, '011600', '111.68316', '39.9097', 0, 0),
(361, 352, '武川县', 3, '011700', '111.45785', '41.09289', 0, 0),
(362, 351, '包头市', 2, '014025', '109.840405', '40.658168', 0, 0),
(363, 362, '东河区', 3, '014040', '110.0462', '40.58237', 0, 0),
(364, 362, '昆都仑区', 3, '014010', '109.83862', '40.64175', 0, 0),
(365, 362, '青山区', 3, '014030', '109.90131', '40.64329', 0, 0),
(366, 362, '石拐区', 3, '014070', '110.27322', '40.67297', 0, 0),
(367, 362, '白云鄂博矿区', 3, '014080', '109.97367', '41.76968', 0, 0),
(368, 362, '九原区', 3, '014060', '109.96496', '40.60554', 0, 0),
(369, 362, '土默特右旗', 3, '014100', '110.52417', '40.5688', 0, 0),
(370, 362, '固阳县', 3, '014200', '110.06372', '41.01851', 0, 0),
(371, 362, '达尔罕茂明安联合旗', 3, '014500', '110.43258', '41.69875', 0, 0),
(372, 351, '乌海市', 2, '016000', '106.825563', '39.673734', 0, 0),
(373, 372, '海勃湾区', 3, '016000', '106.8222', '39.66955', 0, 0),
(374, 372, '海南区', 3, '016030', '106.88656', '39.44128', 0, 0),
(375, 372, '乌达区', 3, '016040', '106.72723', '39.505', 0, 0),
(376, 351, '赤峰市', 2, '024000', '118.956806', '42.275317', 0, 0),
(377, 376, '红山区', 3, '024020', '118.95755', '42.24312', 0, 0),
(378, 376, '元宝山区', 3, '024076', '119.28921', '42.04005', 0, 0),
(379, 376, '松山区', 3, '024005', '118.9328', '42.28613', 0, 0),
(380, 376, '阿鲁科尔沁旗', 3, '025550', '120.06527', '43.87988', 0, 0),
(381, 376, '巴林左旗', 3, '025450', '119.38012', '43.97031', 0, 0),
(382, 376, '巴林右旗', 3, '025150', '118.66461', '43.53387', 0, 0),
(383, 376, '林西县', 3, '025250', '118.04733', '43.61165', 0, 0),
(384, 376, '克什克腾旗', 3, '025350', '117.54562', '43.26501', 0, 0),
(385, 376, '翁牛特旗', 3, '024500', '119.03042', '42.93147', 0, 0),
(386, 376, '喀喇沁旗', 3, '024400', '118.70144', '41.92917', 0, 0),
(387, 376, '宁城县', 3, '024200', '119.34375', '41.59661', 0, 0),
(388, 376, '敖汉旗', 3, '024300', '119.92163', '42.29071', 0, 0),
(389, 351, '通辽市', 2, '028000', '122.263119', '43.617429', 0, 0),
(390, 389, '科尔沁区', 3, '028000', '122.25573', '43.62257', 0, 0),
(391, 389, '科尔沁左翼中旗', 3, '029300', '123.31912', '44.13014', 0, 0),
(392, 389, '科尔沁左翼后旗', 3, '028100', '122.35745', '42.94897', 0, 0),
(393, 389, '开鲁县', 3, '028400', '121.31884', '43.60003', 0, 0),
(394, 389, '库伦旗', 3, '028200', '121.776', '42.72998', 0, 0),
(395, 389, '奈曼旗', 3, '028300', '120.66348', '42.84527', 0, 0),
(396, 389, '扎鲁特旗', 3, '029100', '120.91507', '44.55592', 0, 0),
(397, 389, '霍林郭勒市', 3, '029200', '119.65429', '45.53454', 0, 0),
(398, 351, '鄂尔多斯市', 2, '017004', '109.99029', '39.817179', 0, 0),
(399, 398, '东胜区', 3, '017000', '109.96289', '39.82236', 0, 0),
(400, 398, '达拉特旗', 3, '014300', '110.03317', '40.4001', 0, 0),
(401, 398, '准格尔旗', 3, '017100', '111.23645', '39.86783', 0, 0),
(402, 398, '鄂托克前旗', 3, '016200', '107.48403', '38.18396', 0, 0),
(403, 398, '鄂托克旗', 3, '016100', '107.98226', '39.09456', 0, 0),
(404, 398, '杭锦旗', 3, '017400', '108.72934', '39.84023', 0, 0),
(405, 398, '乌审旗', 3, '017300', '108.8461', '38.59092', 0, 0),
(406, 398, '伊金霍洛旗', 3, '017200', '109.74908', '39.57393', 0, 0),
(407, 351, '呼伦贝尔市', 2, '021008', '119.758168', '49.215333', 0, 0),
(408, 407, '海拉尔区', 3, '021000', '119.7364', '49.2122', 0, 0),
(409, 407, '扎赉诺尔区', 3, '021410', '117.792702', '49.486943', 0, 0),
(410, 407, '阿荣旗', 3, '162750', '123.45941', '48.12581', 0, 0),
(411, 407, '莫力达瓦达斡尔族自治旗', 3, '162850', '124.51498', '48.48055', 0, 0),
(412, 407, '鄂伦春自治旗', 3, '165450', '123.72604', '50.59777', 0, 0),
(413, 407, '鄂温克族自治旗', 3, '021100', '119.7565', '49.14284', 0, 0),
(414, 407, '陈巴尔虎旗', 3, '021500', '119.42434', '49.32684', 0, 0),
(415, 407, '新巴尔虎左旗', 3, '021200', '118.26989', '48.21842', 0, 0),
(416, 407, '新巴尔虎右旗', 3, '021300', '116.82366', '48.66473', 0, 0),
(417, 407, '满洲里市', 3, '021400', '117.47946', '49.58272', 0, 0),
(418, 407, '牙克石市', 3, '022150', '120.7117', '49.2856', 0, 0),
(419, 407, '扎兰屯市', 3, '162650', '122.73757', '48.01363', 0, 0),
(420, 407, '额尔古纳市', 3, '022250', '120.19094', '50.24249', 0, 0),
(421, 407, '根河市', 3, '022350', '121.52197', '50.77996', 0, 0),
(422, 351, '巴彦淖尔市', 2, '015001', '107.416959', '40.757402', 0, 0),
(423, 422, '临河区', 3, '015001', '107.42668', '40.75827', 0, 0),
(424, 422, '五原县', 3, '015100', '108.26916', '41.09631', 0, 0),
(425, 422, '磴口县', 3, '015200', '107.00936', '40.33062', 0, 0),
(426, 422, '乌拉特前旗', 3, '014400', '108.65219', '40.73649', 0, 0),
(427, 422, '乌拉特中旗', 3, '015300', '108.52587', '41.56789', 0, 0),
(428, 422, '乌拉特后旗', 3, '015500', '106.98971', '41.43151', 0, 0),
(429, 422, '杭锦后旗', 3, '015400', '107.15133', '40.88627', 0, 0),
(430, 351, '乌兰察布市', 2, '012000', '113.114543', '41.034126', 0, 0),
(431, 430, '集宁区', 3, '012000', '113.11452', '41.0353', 0, 0),
(432, 430, '卓资县', 3, '012300', '112.57757', '40.89414', 0, 0),
(433, 430, '化德县', 3, '013350', '114.01071', '41.90433', 0, 0),
(434, 430, '商都县', 3, '013450', '113.57772', '41.56213', 0, 0),
(435, 430, '兴和县', 3, '013650', '113.83395', '40.87186', 0, 0),
(436, 430, '凉城县', 3, '013750', '112.49569', '40.53346', 0, 0),
(437, 430, '察哈尔右翼前旗', 3, '012200', '113.22131', '40.7788', 0, 0),
(438, 430, '察哈尔右翼中旗', 3, '013550', '112.63537', '41.27742', 0, 0),
(439, 430, '察哈尔右翼后旗', 3, '012400', '113.19216', '41.43554', 0, 0),
(440, 430, '四子王旗', 3, '011800', '111.70654', '41.53312', 0, 0),
(441, 430, '丰镇市', 3, '012100', '113.10983', '40.4369', 0, 0),
(442, 351, '兴安盟', 2, '137401', '122.070317', '46.076268', 0, 0),
(443, 442, '乌兰浩特市', 3, '137401', '122.06378', '46.06235', 0, 0),
(444, 442, '阿尔山市', 3, '137800', '119.94317', '47.17716', 0, 0),
(445, 442, '科尔沁右翼前旗', 3, '137423', '121.95269', '46.0795', 0, 0),
(446, 442, '科尔沁右翼中旗', 3, '029400', '121.46807', '45.05605', 0, 0),
(447, 442, '扎赉特旗', 3, '137600', '122.91229', '46.7267', 0, 0),
(448, 442, '突泉县', 3, '137500', '121.59396', '45.38187', 0, 0),
(449, 351, '锡林郭勒盟', 2, '026000', '116.090996', '43.944018', 0, 0),
(450, 449, '二连浩特市', 3, '011100', '111.98297', '43.65303', 0, 0),
(451, 449, '锡林浩特市', 3, '026021', '116.08603', '43.93341', 0, 0),
(452, 449, '阿巴嘎旗', 3, '011400', '114.96826', '44.02174', 0, 0),
(453, 449, '苏尼特左旗', 3, '011300', '113.6506', '43.85687', 0, 0),
(454, 449, '苏尼特右旗', 3, '011200', '112.65741', '42.7469', 0, 0),
(455, 449, '东乌珠穆沁旗', 3, '026300', '116.97293', '45.51108', 0, 0),
(456, 449, '西乌珠穆沁旗', 3, '026200', '117.60983', '44.59623', 0, 0),
(457, 449, '太仆寺旗', 3, '027000', '115.28302', '41.87727', 0, 0),
(458, 449, '镶黄旗', 3, '013250', '113.84472', '42.23927', 0, 0),
(459, 449, '正镶白旗', 3, '013800', '115.00067', '42.30712', 0, 0),
(460, 449, '正蓝旗', 3, '027200', '116.00363', '42.25229', 0, 0),
(461, 449, '多伦县', 3, '027300', '116.48565', '42.203', 0, 0),
(462, 351, '阿拉善盟', 2, '750306', '105.706422', '38.844814', 0, 0),
(463, 462, '阿拉善左旗', 3, '750306', '105.67532', '38.8293', 0, 0),
(464, 462, '阿拉善右旗', 3, '737300', '101.66705', '39.21533', 0, 0),
(465, 462, '额济纳旗', 3, '735400', '101.06887', '41.96755', 0, 0),
(466, 0, '辽宁省', 1, '', '123.429096', '41.796767', 0, 0),
(467, 466, '沈阳市', 2, '110013', '123.429096', '41.796767', 0, 0),
(468, 467, '和平区', 3, '110001', '123.4204', '41.78997', 0, 0),
(469, 467, '沈河区', 3, '110011', '123.45871', '41.79625', 0, 0),
(470, 467, '大东区', 3, '110041', '123.46997', '41.80539', 0, 0),
(471, 467, '皇姑区', 3, '110031', '123.42527', '41.82035', 0, 0),
(472, 467, '铁西区', 3, '110021', '123.37675', '41.80269', 0, 0),
(473, 467, '苏家屯区', 3, '110101', '123.34405', '41.66475', 0, 0),
(474, 467, '浑南区', 3, '110015', '123.457707', '41.719450', 0, 0),
(475, 467, '沈北新区', 3, '110121', '123.52658', '42.05297', 0, 0),
(476, 467, '于洪区', 3, '110141', '123.30807', '41.794', 0, 0),
(477, 467, '辽中县', 3, '110200', '122.72659', '41.51302', 0, 0),
(478, 467, '康平县', 3, '110500', '123.35446', '42.75081', 0, 0),
(479, 467, '法库县', 3, '110400', '123.41214', '42.50608', 0, 0),
(480, 467, '新民市', 3, '110300', '122.82867', '41.99847', 0, 0),
(481, 466, '大连市', 2, '116011', '121.618622', '38.91459', 0, 0),
(482, 481, '中山区', 3, '116001', '121.64465', '38.91859', 0, 0),
(483, 481, '西岗区', 3, '116011', '121.61238', '38.91469', 0, 0),
(484, 481, '沙河口区', 3, '116021', '121.58017', '38.90536', 0, 0),
(485, 481, '甘井子区', 3, '116033', '121.56567', '38.95017', 0, 0),
(486, 481, '旅顺口区', 3, '116041', '121.26202', '38.85125', 0, 0),
(487, 481, '金州区', 3, '116100', '121.71893', '39.1004', 0, 0),
(488, 481, '长海县', 3, '116500', '122.58859', '39.27274', 0, 0),
(489, 481, '瓦房店市', 3, '116300', '121.98104', '39.62843', 0, 0),
(490, 481, '普兰店市', 3, '116200', '121.96316', '39.39465', 0, 0),
(491, 481, '庄河市', 3, '116400', '122.96725', '39.68815', 0, 0),
(492, 466, '鞍山市', 2, '114001', '122.995632', '41.110626', 0, 0),
(493, 492, '铁东区', 3, '114001', '122.99085', '41.08975', 0, 0),
(494, 492, '铁西区', 3, '114013', '122.96967', '41.11977', 0, 0),
(495, 492, '立山区', 3, '114031', '123.02948', '41.15008', 0, 0),
(496, 492, '千山区', 3, '114041', '122.96048', '41.07507', 0, 0),
(497, 492, '台安县', 3, '114100', '122.43585', '41.41265', 0, 0),
(498, 492, '岫岩满族自治县', 3, '114300', '123.28875', '40.27996', 0, 0),
(499, 492, '海城市', 3, '114200', '122.68457', '40.88142', 0, 0),
(500, 466, '抚顺市', 2, '113008', '123.921109', '41.875956', 0, 0),
(501, 500, '新抚区', 3, '113008', '123.91264', '41.86205', 0, 0),
(502, 500, '东洲区', 3, '113003', '124.03759', '41.8519', 0, 0),
(503, 500, '望花区', 3, '113001', '123.78283', '41.85532', 0, 0),
(504, 500, '顺城区', 3, '113006', '123.94506', '41.88321', 0, 0),
(505, 500, '抚顺县', 3, '113006', '124.17755', '41.71217', 0, 0),
(506, 500, '新宾满族自治县', 3, '113200', '125.04049', '41.73409', 0, 0),
(507, 500, '清原满族自治县', 3, '113300', '124.92807', '42.10221', 0, 0),
(508, 466, '本溪市', 2, '117000', '123.770519', '41.297909', 0, 0),
(509, 508, '平山区', 3, '117000', '123.76892', '41.2997', 0, 0),
(510, 508, '溪湖区', 3, '117002', '123.76764', '41.32921', 0, 0),
(511, 508, '明山区', 3, '117021', '123.81746', '41.30827', 0, 0),
(512, 508, '南芬区', 3, '117014', '123.74523', '41.1006', 0, 0),
(513, 508, '本溪满族自治县', 3, '117100', '124.12741', '41.30059', 0, 0),
(514, 508, '桓仁满族自治县', 3, '117200', '125.36062', '41.26798', 0, 0),
(515, 466, '丹东市', 2, '118000', '124.383044', '40.124296', 0, 0),
(516, 515, '元宝区', 3, '118000', '124.39575', '40.13651', 0, 0),
(517, 515, '振兴区', 3, '118002', '124.36035', '40.10489', 0, 0),
(518, 515, '振安区', 3, '118001', '124.42816', '40.15826', 0, 0),
(519, 515, '宽甸满族自治县', 3, '118200', '124.78247', '40.73187', 0, 0),
(520, 515, '东港市', 3, '118300', '124.16287', '39.86256', 0, 0),
(521, 515, '凤城市', 3, '118100', '124.06671', '40.45302', 0, 0),
(522, 466, '锦州市', 2, '121000', '121.135742', '41.119269', 0, 0),
(523, 522, '古塔区', 3, '121001', '121.12832', '41.11725', 0, 0),
(524, 522, '凌河区', 3, '121000', '121.15089', '41.11496', 0, 0),
(525, 522, '太和区', 3, '121011', '121.10354', '41.10929', 0, 0),
(526, 522, '黑山县', 3, '121400', '122.12081', '41.69417', 0, 0),
(527, 522, '义县', 3, '121100', '121.24035', '41.53458', 0, 0),
(528, 522, '凌海市', 3, '121200', '121.35705', '41.1737', 0, 0),
(529, 522, '北镇市', 3, '121300', '121.79858', '41.59537', 0, 0),
(530, 466, '营口市', 2, '115003', '122.235151', '40.667432', 0, 0),
(531, 530, '站前区', 3, '115002', '122.25896', '40.67266', 0, 0),
(532, 530, '西市区', 3, '115004', '122.20641', '40.6664', 0, 0),
(533, 530, '鲅鱼圈区', 3, '115007', '122.13266', '40.26865', 0, 0),
(534, 530, '老边区', 3, '115005', '122.37996', '40.6803', 0, 0),
(535, 530, '盖州市', 3, '115200', '122.35464', '40.40446', 0, 0),
(536, 530, '大石桥市', 3, '115100', '122.50927', '40.64567', 0, 0),
(537, 466, '阜新市', 2, '123000', '121.648962', '42.011796', 0, 0),
(538, 537, '海州区', 3, '123000', '121.65626', '42.01336', 0, 0),
(539, 537, '新邱区', 3, '123005', '121.79251', '42.09181', 0, 0),
(540, 537, '太平区', 3, '123003', '121.67865', '42.01065', 0, 0),
(541, 537, '清河门区', 3, '123006', '121.4161', '41.78309', 0, 0),
(542, 537, '细河区', 3, '123000', '121.68013', '42.02533', 0, 0),
(543, 537, '阜新蒙古族自治县', 3, '123100', '121.75787', '42.0651', 0, 0),
(544, 537, '彰武县', 3, '123200', '122.54022', '42.38625', 0, 0),
(545, 466, '辽阳市', 2, '111000', '123.18152', '41.269402', 0, 0),
(546, 545, '白塔区', 3, '111000', '123.1747', '41.27025', 0, 0),
(547, 545, '文圣区', 3, '111000', '123.18521', '41.26267', 0, 0),
(548, 545, '宏伟区', 3, '111003', '123.1929', '41.21852', 0, 0),
(549, 545, '弓长岭区', 3, '111008', '123.41963', '41.15181', 0, 0),
(550, 545, '太子河区', 3, '111000', '123.18182', '41.25337', 0, 0),
(551, 545, '辽阳县', 3, '111200', '123.10574', '41.20542', 0, 0),
(552, 545, '灯塔市', 3, '111300', '123.33926', '41.42612', 0, 0),
(553, 466, '盘锦市', 2, '124010', '122.06957', '41.124484', 0, 0),
(554, 553, '双台子区', 3, '124000', '122.06011', '41.1906', 0, 0),
(555, 553, '兴隆台区', 3, '124010', '122.07529', '41.12402', 0, 0),
(556, 553, '大洼县', 3, '124200', '122.08239', '41.00244', 0, 0),
(557, 553, '盘山县', 3, '124000', '121.99777', '41.23805', 0, 0),
(558, 466, '铁岭市', 2, '112000', '123.844279', '42.290585', 0, 0),
(559, 558, '银州区', 3, '112000', '123.8573', '42.29507', 0, 0),
(560, 558, '清河区', 3, '112003', '124.15911', '42.54679', 0, 0),
(561, 558, '铁岭县', 3, '112000', '123.77325', '42.22498', 0, 0),
(562, 558, '西丰县', 3, '112400', '124.7304', '42.73756', 0, 0),
(563, 558, '昌图县', 3, '112500', '124.11206', '42.78428', 0, 0),
(564, 558, '调兵山市', 3, '112700', '123.56689', '42.4675', 0, 0),
(565, 558, '开原市', 3, '112300', '124.03945', '42.54585', 0, 0),
(566, 466, '朝阳市', 2, '122000', '120.451176', '41.576758', 0, 0),
(567, 566, '双塔区', 3, '122000', '120.45385', '41.566', 0, 0),
(568, 566, '龙城区', 3, '122000', '120.43719', '41.59264', 0, 0),
(569, 566, '朝阳县', 3, '122000', '120.17401', '41.4324', 0, 0),
(570, 566, '建平县', 3, '122400', '119.64392', '41.40315', 0, 0),
(571, 566, '喀喇沁左翼蒙古族自治县', 3, '122300', '119.74185', '41.12801', 0, 0),
(572, 566, '北票市', 3, '122100', '120.76977', '41.80196', 0, 0),
(573, 566, '凌源市', 3, '122500', '119.40148', '41.24558', 0, 0),
(574, 466, '葫芦岛市', 2, '125000', '120.856394', '40.755572', 0, 0),
(575, 574, '连山区', 3, '125001', '120.86393', '40.75554', 0, 0),
(576, 574, '龙港区', 3, '125003', '120.94866', '40.71919', 0, 0),
(577, 574, '南票区', 3, '125027', '120.74978', '41.10707', 0, 0),
(578, 574, '绥中县', 3, '125200', '120.34451', '40.32552', 0, 0),
(579, 574, '建昌县', 3, '125300', '119.8377', '40.82448', 0, 0),
(580, 574, '兴城市', 3, '125100', '120.72537', '40.61492', 0, 0),
(581, 466, '金普新区', 2, '116100', '121.789627', '39.055451', 0, 0),
(582, 581, '金州新区', 3, '116100', '121.784821', '39.052252', 0, 0),
(583, 581, '普湾新区', 3, '116200', '121.812812', '39.330093', 0, 0),
(584, 581, '保税区', 3, '116100', '121.94289', '39.224614', 0, 0),
(585, 0, '吉林省', 1, '', '125.3245', '43.886841', 0, 0),
(586, 585, '长春市', 2, '130022', '125.3245', '43.886841', 0, 0),
(587, 586, '南关区', 3, '130022', '125.35035', '43.86401', 0, 0),
(588, 586, '宽城区', 3, '130051', '125.32635', '43.90182', 0, 0),
(589, 586, '朝阳区', 3, '130012', '125.2883', '43.83339', 0, 0),
(590, 586, '二道区', 3, '130031', '125.37429', '43.86501', 0, 0),
(591, 586, '绿园区', 3, '130062', '125.25582', '43.88045', 0, 0),
(592, 586, '双阳区', 3, '130600', '125.65631', '43.52803', 0, 0),
(593, 586, '九台区', 3, '130500', '125.8395', '44.15163', 0, 0),
(594, 586, '农安县', 3, '130200', '125.18481', '44.43265', 0, 0),
(595, 586, '榆树市', 3, '130400', '126.55688', '44.82523', 0, 0),
(596, 586, '德惠市', 3, '130300', '125.70538', '44.53719', 0, 0),
(597, 585, '吉林市', 2, '132011', '126.55302', '43.843577', 0, 0),
(598, 597, '昌邑区', 3, '132002', '126.57424', '43.88183', 0, 0),
(599, 597, '龙潭区', 3, '132021', '126.56213', '43.91054', 0, 0),
(600, 597, '船营区', 3, '132011', '126.54096', '43.83344', 0, 0),
(601, 597, '丰满区', 3, '132013', '126.56237', '43.82236', 0, 0),
(602, 597, '永吉县', 3, '132200', '126.4963', '43.67197', 0, 0),
(603, 597, '蛟河市', 3, '132500', '127.34426', '43.72696', 0, 0),
(604, 597, '桦甸市', 3, '132400', '126.74624', '42.97206', 0, 0),
(605, 597, '舒兰市', 3, '132600', '126.9653', '44.40582', 0, 0),
(606, 597, '磐石市', 3, '132300', '126.0625', '42.94628', 0, 0),
(607, 585, '四平市', 2, '136000', '124.370785', '43.170344', 0, 0),
(608, 607, '铁西区', 3, '136000', '124.37369', '43.17456', 0, 0),
(609, 607, '铁东区', 3, '136001', '124.40976', '43.16241', 0, 0),
(610, 607, '梨树县', 3, '136500', '124.33563', '43.30717', 0, 0),
(611, 607, '伊通满族自治县', 3, '130700', '125.30596', '43.34434', 0, 0),
(612, 607, '公主岭市', 3, '136100', '124.82266', '43.50453', 0, 0),
(613, 607, '双辽市', 3, '136400', '123.50106', '43.52099', 0, 0),
(614, 585, '辽源市', 2, '136200', '125.145349', '42.902692', 0, 0),
(615, 614, '龙山区', 3, '136200', '125.13641', '42.89714', 0, 0),
(616, 614, '西安区', 3, '136201', '125.14904', '42.927', 0, 0),
(617, 614, '东丰县', 3, '136300', '125.53244', '42.6783', 0, 0),
(618, 614, '东辽县', 3, '136600', '124.98596', '42.92492', 0, 0),
(619, 585, '通化市', 2, '134001', '125.936501', '41.721177', 0, 0),
(620, 619, '东昌区', 3, '134001', '125.9551', '41.72849', 0, 0),
(621, 619, '二道江区', 3, '134003', '126.04257', '41.7741', 0, 0),
(622, 619, '通化县', 3, '134100', '125.75936', '41.67928', 0, 0),
(623, 619, '辉南县', 3, '135100', '126.04684', '42.68497', 0, 0),
(624, 619, '柳河县', 3, '135300', '125.74475', '42.28468', 0, 0),
(625, 619, '梅河口市', 3, '135000', '125.71041', '42.53828', 0, 0),
(626, 619, '集安市', 3, '134200', '126.18829', '41.12268', 0, 0),
(627, 585, '白山市', 2, '134300', '126.427839', '41.942505', 0, 0),
(628, 627, '浑江区', 3, '134300', '126.422342', '41.945656', 0, 0),
(629, 627, '江源区', 3, '134700', '126.59079', '42.05664', 0, 0),
(630, 627, '抚松县', 3, '134500', '127.2803', '42.34198', 0, 0),
(631, 627, '靖宇县', 3, '135200', '126.81308', '42.38863', 0, 0),
(632, 627, '长白朝鲜族自治县', 3, '134400', '128.20047', '41.41996', 0, 0),
(633, 627, '临江市', 3, '134600', '126.91751', '41.81142', 0, 0),
(634, 585, '松原市', 2, '138000', '124.823608', '45.118243', 0, 0),
(635, 634, '宁江区', 3, '138000', '124.81689', '45.17175', 0, 0),
(636, 634, '前郭尔罗斯蒙古族自治县', 3, '138000', '124.82351', '45.11726', 0, 0),
(637, 634, '长岭县', 3, '131500', '123.96725', '44.27581', 0, 0),
(638, 634, '乾安县', 3, '131400', '124.02737', '45.01068', 0, 0),
(639, 634, '扶余市', 3, '131200', '126.042758', '44.986199', 0, 0),
(640, 585, '白城市', 2, '137000', '122.841114', '45.619026', 0, 0),
(641, 640, '洮北区', 3, '137000', '122.85104', '45.62167', 0, 0),
(642, 640, '镇赉县', 3, '137300', '123.19924', '45.84779', 0, 0),
(643, 640, '通榆县', 3, '137200', '123.08761', '44.81388', 0, 0),
(644, 640, '洮南市', 3, '137100', '122.78772', '45.33502', 0, 0),
(645, 640, '大安市', 3, '131300', '124.29519', '45.50846', 0, 0),
(646, 585, '延边朝鲜族自治州', 2, '133000', '129.513228', '42.904823', 0, 0),
(647, 646, '延吉市', 3, '133000', '129.51357', '42.90682', 0, 0),
(648, 646, '图们市', 3, '133100', '129.84381', '42.96801', 0, 0),
(649, 646, '敦化市', 3, '133700', '128.23242', '43.37304', 0, 0),
(650, 646, '珲春市', 3, '133300', '130.36572', '42.86242', 0, 0),
(651, 646, '龙井市', 3, '133400', '129.42584', '42.76804', 0, 0),
(652, 646, '和龙市', 3, '133500', '129.01077', '42.5464', 0, 0),
(653, 646, '汪清县', 3, '133200', '129.77121', '43.31278', 0, 0),
(654, 646, '安图县', 3, '133600', '128.90625', '43.11533', 0, 0),
(655, 0, '黑龙江省', 1, '', '126.642464', '45.756967', 0, 0),
(656, 655, '哈尔滨市', 2, '150010', '126.642464', '45.756967', 0, 0),
(657, 656, '道里区', 3, '150010', '126.61705', '45.75586', 0, 0),
(658, 656, '南岗区', 3, '150006', '126.66854', '45.75996', 0, 0),
(659, 656, '道外区', 3, '150020', '126.64938', '45.79187', 0, 0),
(660, 656, '平房区', 3, '150060', '126.63729', '45.59777', 0, 0),
(661, 656, '松北区', 3, '150028', '126.56276', '45.80831', 0, 0),
(662, 656, '香坊区', 3, '150036', '126.67968', '45.72383', 0, 0),
(663, 656, '呼兰区', 3, '150500', '126.58792', '45.88895', 0, 0),
(664, 656, '阿城区', 3, '150300', '126.97525', '45.54144', 0, 0),
(665, 656, '双城区', 3, '150100', '126.308784', '45.377942', 0, 0),
(666, 656, '依兰县', 3, '154800', '129.56817', '46.3247', 0, 0),
(667, 656, '方正县', 3, '150800', '128.82952', '45.85162', 0, 0),
(668, 656, '宾县', 3, '150400', '127.48675', '45.75504', 0, 0),
(669, 656, '巴彦县', 3, '151800', '127.40799', '46.08148', 0, 0),
(670, 656, '木兰县', 3, '151900', '128.0448', '45.94944', 0, 0),
(671, 656, '通河县', 3, '150900', '128.74603', '45.99007', 0, 0),
(672, 656, '延寿县', 3, '150700', '128.33419', '45.4554', 0, 0),
(673, 656, '尚志市', 3, '150600', '127.96191', '45.21736', 0, 0),
(674, 656, '五常市', 3, '150200', '127.16751', '44.93184', 0, 0),
(675, 655, '齐齐哈尔市', 2, '161005', '123.953486', '47.348079', 0, 0),
(676, 675, '龙沙区', 3, '161000', '123.95752', '47.31776', 0, 0),
(677, 675, '建华区', 3, '161006', '124.0133', '47.36718', 0, 0),
(678, 675, '铁锋区', 3, '161000', '123.97821', '47.34075', 0, 0),
(679, 675, '昂昂溪区', 3, '161031', '123.82229', '47.15513', 0, 0),
(680, 675, '富拉尔基区', 3, '161041', '123.62918', '47.20884', 0, 0),
(681, 675, '碾子山区', 3, '161046', '122.88183', '47.51662', 0, 0),
(682, 675, '梅里斯达斡尔族区', 3, '161021', '123.75274', '47.30946', 0, 0),
(683, 675, '龙江县', 3, '161100', '123.20532', '47.33868', 0, 0),
(684, 675, '依安县', 3, '161500', '125.30896', '47.8931', 0, 0),
(685, 675, '泰来县', 3, '162400', '123.42285', '46.39386', 0, 0),
(686, 675, '甘南县', 3, '162100', '123.50317', '47.92437', 0, 0),
(687, 675, '富裕县', 3, '161200', '124.47457', '47.77431', 0, 0),
(688, 675, '克山县', 3, '161600', '125.87396', '48.03265', 0, 0),
(689, 675, '克东县', 3, '164800', '126.24917', '48.03828', 0, 0),
(690, 675, '拜泉县', 3, '164700', '126.09167', '47.60817', 0, 0),
(691, 675, '讷河市', 3, '161300', '124.87713', '48.48388', 0, 0),
(692, 655, '鸡西市', 2, '158100', '130.975966', '45.300046', 0, 0),
(693, 692, '鸡冠区', 3, '158100', '130.98139', '45.30396', 0, 0),
(694, 692, '恒山区', 3, '158130', '130.90493', '45.21071', 0, 0),
(695, 692, '滴道区', 3, '158150', '130.84841', '45.35109', 0, 0),
(696, 692, '梨树区', 3, '158160', '130.69848', '45.09037', 0, 0),
(697, 692, '城子河区', 3, '158170', '131.01132', '45.33689', 0, 0),
(698, 692, '麻山区', 3, '158180', '130.47811', '45.21209', 0, 0),
(699, 692, '鸡东县', 3, '158200', '131.12423', '45.26025', 0, 0),
(700, 692, '虎林市', 3, '158400', '132.93679', '45.76291', 0, 0),
(701, 692, '密山市', 3, '158300', '131.84625', '45.5297', 0, 0),
(702, 655, '鹤岗市', 2, '154100', '130.277487', '47.332085', 0, 0),
(703, 702, '向阳区', 3, '154100', '130.2943', '47.34247', 0, 0),
(704, 702, '工农区', 3, '154101', '130.27468', '47.31869', 0, 0),
(705, 702, '南山区', 3, '154104', '130.27676', '47.31404', 0, 0),
(706, 702, '兴安区', 3, '154102', '130.23965', '47.2526', 0, 0),
(707, 702, '东山区', 3, '154106', '130.31706', '47.33853', 0, 0),
(708, 702, '兴山区', 3, '154105', '130.29271', '47.35776', 0, 0),
(709, 702, '萝北县', 3, '154200', '130.83346', '47.57959', 0, 0),
(710, 702, '绥滨县', 3, '156200', '131.86029', '47.2903', 0, 0),
(711, 655, '双鸭山市', 2, '155100', '131.157304', '46.643442', 0, 0),
(712, 711, '尖山区', 3, '155100', '131.15841', '46.64635', 0, 0),
(713, 711, '岭东区', 3, '155120', '131.16473', '46.59043', 0, 0),
(714, 711, '四方台区', 3, '155130', '131.33593', '46.59499', 0, 0),
(715, 711, '宝山区', 3, '155131', '131.4016', '46.57718', 0, 0),
(716, 711, '集贤县', 3, '155900', '131.14053', '46.72678', 0, 0),
(717, 711, '友谊县', 3, '155800', '131.80789', '46.76739', 0, 0),
(718, 711, '宝清县', 3, '155600', '132.19695', '46.32716', 0, 0),
(719, 711, '饶河县', 3, '155700', '134.01986', '46.79899', 0, 0),
(720, 655, '大庆市', 2, '163000', '125.11272', '46.590734', 0, 0),
(721, 720, '萨尔图区', 3, '163001', '125.08792', '46.59359', 0, 0),
(722, 720, '龙凤区', 3, '163711', '125.11657', '46.53273', 0, 0),
(723, 720, '让胡路区', 3, '163712', '124.87075', '46.6522', 0, 0),
(724, 720, '红岗区', 3, '163511', '124.89248', '46.40128', 0, 0),
(725, 720, '大同区', 3, '163515', '124.81591', '46.03295', 0, 0),
(726, 720, '肇州县', 3, '166400', '125.27059', '45.70414', 0, 0),
(727, 720, '肇源县', 3, '166500', '125.08456', '45.52032', 0, 0),
(728, 720, '林甸县', 3, '166300', '124.87564', '47.18601', 0, 0),
(729, 720, '杜尔伯特蒙古族自治县', 3, '166200', '124.44937', '46.86507', 0, 0),
(730, 655, '伊春市', 2, '153000', '128.899396', '47.724775', 0, 0),
(731, 730, '伊春区', 3, '153000', '128.90752', '47.728', 0, 0),
(732, 730, '南岔区', 3, '153100', '129.28362', '47.13897', 0, 0),
(733, 730, '友好区', 3, '153031', '128.84039', '47.85371', 0, 0),
(734, 730, '西林区', 3, '153025', '129.31201', '47.48103', 0, 0),
(735, 730, '翠峦区', 3, '153013', '128.66729', '47.72503', 0, 0),
(736, 730, '新青区', 3, '153036', '129.53653', '48.29067', 0, 0),
(737, 730, '美溪区', 3, '153021', '129.13708', '47.63513', 0, 0),
(738, 730, '金山屯区', 3, '153026', '129.43768', '47.41349', 0, 0),
(739, 730, '五营区', 3, '153033', '129.24545', '48.10791', 0, 0),
(740, 730, '乌马河区', 3, '153011', '128.79672', '47.728', 0, 0),
(741, 730, '汤旺河区', 3, '153037', '129.57226', '48.45182', 0, 0),
(742, 730, '带岭区', 3, '153106', '129.02352', '47.02553', 0, 0),
(743, 730, '乌伊岭区', 3, '153038', '129.43981', '48.59602', 0, 0),
(744, 730, '红星区', 3, '153035', '129.3887', '48.23944', 0, 0),
(745, 730, '上甘岭区', 3, '153032', '129.02447', '47.97522', 0, 0),
(746, 730, '嘉荫县', 3, '153200', '130.39825', '48.8917', 0, 0),
(747, 730, '铁力市', 3, '152500', '128.0317', '46.98571', 0, 0),
(748, 655, '佳木斯市', 2, '154002', '130.361634', '46.809606', 0, 0),
(749, 748, '向阳区', 3, '154002', '130.36519', '46.80778', 0, 0),
(750, 748, '前进区', 3, '154002', '130.37497', '46.81401', 0, 0),
(751, 748, '东风区', 3, '154005', '130.40366', '46.82257', 0, 0),
(752, 748, '郊区', 3, '154004', '130.32731', '46.80958', 0, 0),
(753, 748, '桦南县', 3, '154400', '130.55361', '46.23921', 0, 0),
(754, 748, '桦川县', 3, '154300', '130.71893', '47.02297', 0, 0),
(755, 748, '汤原县', 3, '154700', '129.90966', '46.72755', 0, 0),
(756, 748, '抚远县', 3, '156500', '134.29595', '48.36794', 0, 0),
(757, 748, '同江市', 3, '156400', '132.51095', '47.64211', 0, 0),
(758, 748, '富锦市', 3, '156100', '132.03707', '47.25132', 0, 0),
(759, 655, '七台河市', 2, '154600', '131.015584', '45.771266', 0, 0),
(760, 759, '新兴区', 3, '154604', '130.93212', '45.81624', 0, 0),
(761, 759, '桃山区', 3, '154600', '131.01786', '45.76782', 0, 0),
(762, 759, '茄子河区', 3, '154622', '131.06807', '45.78519', 0, 0),
(763, 759, '勃利县', 3, '154500', '130.59179', '45.755', 0, 0),
(764, 655, '牡丹江市', 2, '157000', '129.618602', '44.582962', 0, 0),
(765, 764, '东安区', 3, '157000', '129.62665', '44.58133', 0, 0),
(766, 764, '阳明区', 3, '157013', '129.63547', '44.59603', 0, 0),
(767, 764, '爱民区', 3, '157009', '129.59077', '44.59648', 0, 0),
(768, 764, '西安区', 3, '157000', '129.61616', '44.57766', 0, 0),
(769, 764, '东宁县', 3, '157200', '131.12793', '44.0661', 0, 0),
(770, 764, '林口县', 3, '157600', '130.28393', '45.27809', 0, 0),
(771, 764, '绥芬河市', 3, '157300', '131.15139', '44.41249', 0, 0),
(772, 764, '海林市', 3, '157100', '129.38156', '44.59', 0, 0),
(773, 764, '宁安市', 3, '157400', '129.48303', '44.34016', 0, 0),
(774, 764, '穆棱市', 3, '157500', '130.52465', '44.919', 0, 0),
(775, 655, '黑河市', 2, '164300', '127.499023', '50.249585', 0, 0),
(776, 775, '爱辉区', 3, '164300', '127.50074', '50.25202', 0, 0),
(777, 775, '嫩江县', 3, '161400', '125.22607', '49.17844', 0, 0),
(778, 775, '逊克县', 3, '164400', '128.47882', '49.57983', 0, 0),
(779, 775, '孙吴县', 3, '164200', '127.33599', '49.42539', 0, 0),
(780, 775, '北安市', 3, '164000', '126.48193', '48.23872', 0, 0),
(781, 775, '五大连池市', 3, '164100', '126.20294', '48.51507', 0, 0),
(782, 655, '绥化市', 2, '152000', '126.99293', '46.637393', 0, 0),
(783, 782, '北林区', 3, '152000', '126.98564', '46.63735', 0, 0),
(784, 782, '望奎县', 3, '152100', '126.48187', '46.83079', 0, 0),
(785, 782, '兰西县', 3, '151500', '126.28994', '46.2525', 0, 0),
(786, 782, '青冈县', 3, '151600', '126.11325', '46.68534', 0, 0),
(787, 782, '庆安县', 3, '152400', '127.50753', '46.88016', 0, 0),
(788, 782, '明水县', 3, '151700', '125.90594', '47.17327', 0, 0),
(789, 782, '绥棱县', 3, '152200', '127.11584', '47.24267', 0, 0),
(790, 782, '安达市', 3, '151400', '125.34375', '46.4177', 0, 0),
(791, 782, '肇东市', 3, '151100', '125.96243', '46.05131', 0, 0),
(792, 782, '海伦市', 3, '152300', '126.9682', '47.46093', 0, 0),
(793, 655, '大兴安岭地区', 2, '165000', '124.711526', '52.335262', 0, 0),
(794, 793, '加格达奇区', 3, '165000', '124.30954', '51.98144', 0, 0),
(795, 793, '新林区', 3, '165000', '124.397983', '51.67341', 0, 0),
(796, 793, '松岭区', 3, '165000', '124.189713', '51.985453', 0, 0),
(797, 793, '呼中区', 3, '165000', '123.60009', '52.03346', 0, 0),
(798, 793, '呼玛县', 3, '165100', '126.66174', '51.73112', 0, 0),
(799, 793, '塔河县', 3, '165200', '124.70999', '52.33431', 0, 0),
(800, 793, '漠河县', 3, '165300', '122.53759', '52.97003', 0, 0),
(801, 0, '上海市', 1, '', '121.472644', '31.231706', 0, 0),
(802, 801, '上海市', 2, '200000', '121.472644', '31.231706', 0, 0),
(803, 802, '黄浦区', 3, '200001', '121.49295', '31.22337', 0, 0),
(804, 802, '徐汇区', 3, '200030', '121.43676', '31.18831', 0, 0),
(805, 802, '长宁区', 3, '200050', '121.42462', '31.22036', 0, 0),
(806, 802, '静安区', 3, '200040', '121.4444', '31.22884', 0, 0),
(807, 802, '普陀区', 3, '200333', '121.39703', '31.24951', 0, 0),
(808, 802, '闸北区', 3, '200070', '121.44636', '31.28075', 0, 0),
(809, 802, '虹口区', 3, '200086', '121.48162', '31.27788', 0, 0),
(810, 802, '杨浦区', 3, '200082', '121.526', '31.2595', 0, 0),
(811, 802, '闵行区', 3, '201100', '121.38162', '31.11246', 0, 0),
(812, 802, '宝山区', 3, '201900', '121.4891', '31.4045', 0, 0),
(813, 802, '嘉定区', 3, '201800', '121.2655', '31.37473', 0, 0),
(814, 802, '浦东新区', 3, '200135', '121.5447', '31.22249', 0, 0),
(815, 802, '金山区', 3, '200540', '121.34164', '30.74163', 0, 0),
(816, 802, '松江区', 3, '201600', '121.22879', '31.03222', 0, 0),
(817, 802, '青浦区', 3, '201700', '121.12417', '31.14974', 0, 0),
(818, 802, '奉贤区', 3, '201400', '121.47412', '30.9179', 0, 0);
INSERT INTO `mall_area` (`id`, `pid`, `name`, `level`, `zip`, `lng`, `lat`, `sort`, `is_lock`) VALUES
(819, 802, '崇明县', 3, '202150', '121.39758', '31.62278', 0, 0),
(820, 0, '江苏省', 1, '', '118.767413', '32.041544', 0, 0),
(821, 820, '南京市', 2, '210008', '118.767413', '32.041544', 0, 0),
(822, 821, '玄武区', 3, '210018', '118.79772', '32.04856', 0, 0),
(823, 821, '秦淮区', 3, '210001', '118.79815', '32.01112', 0, 0),
(824, 821, '建邺区', 3, '210004', '118.76641', '32.03096', 0, 0),
(825, 821, '鼓楼区', 3, '210009', '118.76974', '32.06632', 0, 0),
(826, 821, '浦口区', 3, '211800', '118.62802', '32.05881', 0, 0),
(827, 821, '栖霞区', 3, '210046', '118.88064', '32.11352', 0, 0),
(828, 821, '雨花台区', 3, '210012', '118.7799', '31.99202', 0, 0),
(829, 821, '江宁区', 3, '211100', '118.8399', '31.95263', 0, 0),
(830, 821, '六合区', 3, '211500', '118.8413', '32.34222', 0, 0),
(831, 821, '溧水区', 3, '211200', '119.028732', '31.653061', 0, 0),
(832, 821, '高淳区', 3, '211300', '118.87589', '31.327132', 0, 0),
(833, 820, '无锡市', 2, '214000', '120.301663', '31.574729', 0, 0),
(834, 833, '崇安区', 3, '214001', '120.29975', '31.58002', 0, 0),
(835, 833, '南长区', 3, '214021', '120.30873', '31.56359', 0, 0),
(836, 833, '北塘区', 3, '214044', '120.29405', '31.60592', 0, 0),
(837, 833, '锡山区', 3, '214101', '120.35699', '31.5886', 0, 0),
(838, 833, '惠山区', 3, '214174', '120.29849', '31.68088', 0, 0),
(839, 833, '滨湖区', 3, '214123', '120.29461', '31.52162', 0, 0),
(840, 833, '江阴市', 3, '214431', '120.2853', '31.91996', 0, 0),
(841, 833, '宜兴市', 3, '214200', '119.82357', '31.33978', 0, 0),
(842, 820, '徐州市', 2, '221003', '117.184811', '34.261792', 0, 0),
(843, 842, '鼓楼区', 3, '221005', '117.18559', '34.28851', 0, 0),
(844, 842, '云龙区', 3, '221007', '117.23053', '34.24895', 0, 0),
(845, 842, '贾汪区', 3, '221003', '117.45346', '34.44264', 0, 0),
(846, 842, '泉山区', 3, '221006', '117.19378', '34.24418', 0, 0),
(847, 842, '铜山区', 3, '221106', '117.183894', '34.19288', 0, 0),
(848, 842, '丰县', 3, '221700', '116.59957', '34.69972', 0, 0),
(849, 842, '沛县', 3, '221600', '116.93743', '34.72163', 0, 0),
(850, 842, '睢宁县', 3, '221200', '117.94104', '33.91269', 0, 0),
(851, 842, '新沂市', 3, '221400', '118.35452', '34.36942', 0, 0),
(852, 842, '邳州市', 3, '221300', '117.95858', '34.33329', 0, 0),
(853, 820, '常州市', 2, '213000', '119.946973', '31.772752', 0, 0),
(854, 853, '天宁区', 3, '213000', '119.95132', '31.75211', 0, 0),
(855, 853, '钟楼区', 3, '213023', '119.90178', '31.80221', 0, 0),
(856, 853, '戚墅堰区', 3, '213025', '120.06106', '31.71956', 0, 0),
(857, 853, '新北区', 3, '213022', '119.97131', '31.83046', 0, 0),
(858, 853, '武进区', 3, '213100', '119.94244', '31.70086', 0, 0),
(859, 853, '溧阳市', 3, '213300', '119.4837', '31.41538', 0, 0),
(860, 853, '金坛市', 3, '213200', '119.57757', '31.74043', 0, 0),
(861, 820, '苏州市', 2, '215002', '120.619585', '31.299379', 0, 0),
(862, 861, '虎丘区', 3, '215004', '120.57345', '31.2953', 0, 0),
(863, 861, '吴中区', 3, '215128', '120.63211', '31.26226', 0, 0),
(864, 861, '相城区', 3, '215131', '120.64239', '31.36889', 0, 0),
(865, 861, '姑苏区', 3, '215031', '120.619585', '31.299379', 0, 0),
(866, 861, '吴江区', 3, '215200', '120.638317', '31.159815', 0, 0),
(867, 861, '常熟市', 3, '215500', '120.75225', '31.65374', 0, 0),
(868, 861, '张家港市', 3, '215600', '120.55538', '31.87532', 0, 0),
(869, 861, '昆山市', 3, '215300', '120.98074', '31.38464', 0, 0),
(870, 861, '太仓市', 3, '215400', '121.10891', '31.4497', 0, 0),
(871, 820, '南通市', 2, '226001', '120.864608', '32.016212', 0, 0),
(872, 871, '崇川区', 3, '226001', '120.8573', '32.0098', 0, 0),
(873, 871, '港闸区', 3, '226001', '120.81778', '32.03163', 0, 0),
(874, 871, '通州区', 3, '226300', '121.07293', '32.0676', 0, 0),
(875, 871, '海安县', 3, '226600', '120.45852', '32.54514', 0, 0),
(876, 871, '如东县', 3, '226400', '121.18942', '32.31439', 0, 0),
(877, 871, '启东市', 3, '226200', '121.65985', '31.81083', 0, 0),
(878, 871, '如皋市', 3, '226500', '120.55969', '32.37597', 0, 0),
(879, 871, '海门市', 3, '226100', '121.16995', '31.89422', 0, 0),
(880, 820, '连云港市', 2, '222002', '119.178821', '34.600018', 0, 0),
(881, 880, '连云区', 3, '222042', '119.37304', '34.75293', 0, 0),
(882, 880, '海州区', 3, '222003', '119.13128', '34.56986', 0, 0),
(883, 880, '赣榆区', 3, '222100', '119.128774', '34.839154', 0, 0),
(884, 880, '东海县', 3, '222300', '118.77145', '34.54215', 0, 0),
(885, 880, '灌云县', 3, '222200', '119.23925', '34.28391', 0, 0),
(886, 880, '灌南县', 3, '222500', '119.35632', '34.09', 0, 0),
(887, 820, '淮安市', 2, '223001', '119.021265', '33.597506', 0, 0),
(888, 887, '清河区', 3, '223001', '119.00778', '33.59949', 0, 0),
(889, 887, '淮安区', 3, '223200', '119.021265', '33.597506', 0, 0),
(890, 887, '淮阴区', 3, '223300', '119.03485', '33.63171', 0, 0),
(891, 887, '清浦区', 3, '223002', '119.02648', '33.55232', 0, 0),
(892, 887, '涟水县', 3, '223400', '119.26083', '33.78094', 0, 0),
(893, 887, '洪泽县', 3, '223100', '118.87344', '33.29429', 0, 0),
(894, 887, '盱眙县', 3, '211700', '118.54495', '33.01086', 0, 0),
(895, 887, '金湖县', 3, '211600', '119.02307', '33.02219', 0, 0),
(896, 820, '盐城市', 2, '224005', '120.139998', '33.377631', 0, 0),
(897, 896, '亭湖区', 3, '224005', '120.16583', '33.37825', 0, 0),
(898, 896, '盐都区', 3, '224055', '120.15441', '33.3373', 0, 0),
(899, 896, '响水县', 3, '224600', '119.56985', '34.20513', 0, 0),
(900, 896, '滨海县', 3, '224500', '119.82058', '33.98972', 0, 0),
(901, 896, '阜宁县', 3, '224400', '119.80175', '33.78228', 0, 0),
(902, 896, '射阳县', 3, '224300', '120.26043', '33.77636', 0, 0),
(903, 896, '建湖县', 3, '224700', '119.79852', '33.47241', 0, 0),
(904, 896, '东台市', 3, '224200', '120.32376', '32.85078', 0, 0),
(905, 896, '大丰市', 3, '224100', '120.46594', '33.19893', 0, 0),
(906, 820, '扬州市', 2, '225002', '119.421003', '32.393159', 0, 0),
(907, 906, '广陵区', 3, '225002', '119.43186', '32.39472', 0, 0),
(908, 906, '邗江区', 3, '225002', '119.39816', '32.3765', 0, 0),
(909, 906, '江都区', 3, '225200', '119.567481', '32.426564', 0, 0),
(910, 906, '宝应县', 3, '225800', '119.31213', '33.23549', 0, 0),
(911, 906, '仪征市', 3, '211400', '119.18432', '32.27197', 0, 0),
(912, 906, '高邮市', 3, '225600', '119.45965', '32.78135', 0, 0),
(913, 820, '镇江市', 2, '212004', '119.452753', '32.204402', 0, 0),
(914, 913, '京口区', 3, '212003', '119.46947', '32.19809', 0, 0),
(915, 913, '润州区', 3, '212005', '119.41134', '32.19523', 0, 0),
(916, 913, '丹徒区', 3, '212028', '119.43383', '32.13183', 0, 0),
(917, 913, '丹阳市', 3, '212300', '119.57525', '31.99121', 0, 0),
(918, 913, '扬中市', 3, '212200', '119.79718', '32.2363', 0, 0),
(919, 913, '句容市', 3, '212400', '119.16482', '31.95591', 0, 0),
(920, 820, '泰州市', 2, '225300', '119.915176', '32.484882', 0, 0),
(921, 920, '海陵区', 3, '225300', '119.91942', '32.49101', 0, 0),
(922, 920, '高港区', 3, '225321', '119.88089', '32.31833', 0, 0),
(923, 920, '姜堰区', 3, '225500', '120.148208', '32.508483', 0, 0),
(924, 920, '兴化市', 3, '225700', '119.85238', '32.90944', 0, 0),
(925, 920, '靖江市', 3, '214500', '120.27291', '32.01595', 0, 0),
(926, 920, '泰兴市', 3, '225400', '120.05194', '32.17187', 0, 0),
(927, 820, '宿迁市', 2, '223800', '118.293328', '33.945154', 0, 0),
(928, 927, '宿城区', 3, '223800', '118.29141', '33.94219', 0, 0),
(929, 927, '宿豫区', 3, '223800', '118.32922', '33.94673', 0, 0),
(930, 927, '沭阳县', 3, '223600', '118.76873', '34.11446', 0, 0),
(931, 927, '泗阳县', 3, '223700', '118.7033', '33.72096', 0, 0),
(932, 927, '泗洪县', 3, '223900', '118.21716', '33.45996', 0, 0),
(933, 0, '浙江省', 1, '', '120.153576', '30.287459', 0, 0),
(934, 933, '杭州市', 2, '310026', '120.153576', '30.287459', 0, 0),
(935, 934, '上城区', 3, '310002', '120.16922', '30.24255', 0, 0),
(936, 934, '下城区', 3, '310006', '120.18096', '30.28153', 0, 0),
(937, 934, '江干区', 3, '310016', '120.20517', '30.2572', 0, 0),
(938, 934, '拱墅区', 3, '310011', '120.14209', '30.31968', 0, 0),
(939, 934, '西湖区', 3, '310013', '120.12979', '30.25949', 0, 0),
(940, 934, '滨江区', 3, '310051', '120.21194', '30.20835', 0, 0),
(941, 934, '萧山区', 3, '311200', '120.26452', '30.18505', 0, 0),
(942, 934, '余杭区', 3, '311100', '120.29986', '30.41829', 0, 0),
(943, 934, '桐庐县', 3, '311500', '119.68853', '29.79779', 0, 0),
(944, 934, '淳安县', 3, '311700', '119.04257', '29.60988', 0, 0),
(945, 934, '建德市', 3, '311600', '119.28158', '29.47603', 0, 0),
(946, 934, '富阳区', 3, '311400', '119.96041', '30.04878', 0, 0),
(947, 934, '临安市', 3, '311300', '119.72473', '30.23447', 0, 0),
(948, 933, '宁波市', 2, '315000', '121.549792', '29.868388', 0, 0),
(949, 948, '海曙区', 3, '315000', '121.55106', '29.85977', 0, 0),
(950, 948, '江东区', 3, '315040', '121.57028', '29.86701', 0, 0),
(951, 948, '江北区', 3, '315020', '121.55681', '29.88776', 0, 0),
(952, 948, '北仑区', 3, '315800', '121.84408', '29.90069', 0, 0),
(953, 948, '镇海区', 3, '315200', '121.71615', '29.94893', 0, 0),
(954, 948, '鄞州区', 3, '315100', '121.54754', '29.81614', 0, 0),
(955, 948, '象山县', 3, '315700', '121.86917', '29.47758', 0, 0),
(956, 948, '宁海县', 3, '315600', '121.43072', '29.2889', 0, 0),
(957, 948, '余姚市', 3, '315400', '121.15341', '30.03867', 0, 0),
(958, 948, '慈溪市', 3, '315300', '121.26641', '30.16959', 0, 0),
(959, 948, '奉化市', 3, '315500', '121.41003', '29.65537', 0, 0),
(960, 933, '温州市', 2, '325000', '120.672111', '28.000575', 0, 0),
(961, 960, '鹿城区', 3, '325000', '120.65505', '28.01489', 0, 0),
(962, 960, '龙湾区', 3, '325013', '120.83053', '27.91284', 0, 0),
(963, 960, '瓯海区', 3, '325005', '120.63751', '28.00714', 0, 0),
(964, 960, '洞头县', 3, '325700', '121.15606', '27.83634', 0, 0),
(965, 960, '永嘉县', 3, '325100', '120.69317', '28.15456', 0, 0),
(966, 960, '平阳县', 3, '325400', '120.56506', '27.66245', 0, 0),
(967, 960, '苍南县', 3, '325800', '120.42608', '27.51739', 0, 0),
(968, 960, '文成县', 3, '325300', '120.09063', '27.78678', 0, 0),
(969, 960, '泰顺县', 3, '325500', '119.7182', '27.55694', 0, 0),
(970, 960, '瑞安市', 3, '325200', '120.65466', '27.78041', 0, 0),
(971, 960, '乐清市', 3, '325600', '120.9617', '28.12404', 0, 0),
(972, 933, '嘉兴市', 2, '314000', '120.750865', '30.762653', 0, 0),
(973, 972, '南湖区', 3, '314051', '120.78524', '30.74865', 0, 0),
(974, 972, '秀洲区', 3, '314031', '120.70867', '30.76454', 0, 0),
(975, 972, '嘉善县', 3, '314100', '120.92559', '30.82993', 0, 0),
(976, 972, '海盐县', 3, '314300', '120.9457', '30.52547', 0, 0),
(977, 972, '海宁市', 3, '314400', '120.6813', '30.5097', 0, 0),
(978, 972, '平湖市', 3, '314200', '121.02166', '30.69618', 0, 0),
(979, 972, '桐乡市', 3, '314500', '120.56485', '30.6302', 0, 0),
(980, 933, '湖州市', 2, '313000', '120.102398', '30.867198', 0, 0),
(981, 980, '吴兴区', 3, '313000', '120.12548', '30.85752', 0, 0),
(982, 980, '南浔区', 3, '313009', '120.42038', '30.86686', 0, 0),
(983, 980, '德清县', 3, '313200', '119.97836', '30.53369', 0, 0),
(984, 980, '长兴县', 3, '313100', '119.90783', '31.00606', 0, 0),
(985, 980, '安吉县', 3, '313300', '119.68158', '30.63798', 0, 0),
(986, 933, '绍兴市', 2, '312000', '120.582112', '29.997117', 0, 0),
(987, 986, '越城区', 3, '312000', '120.5819', '29.98895', 0, 0),
(988, 986, '柯桥区', 3, '312030', '120.492736', '30.08763', 0, 0),
(989, 986, '上虞区', 3, '312300', '120.476075', '30.078038', 0, 0),
(990, 986, '新昌县', 3, '312500', '120.90435', '29.49991', 0, 0),
(991, 986, '诸暨市', 3, '311800', '120.23629', '29.71358', 0, 0),
(992, 986, '嵊州市', 3, '312400', '120.82174', '29.58854', 0, 0),
(993, 933, '金华市', 2, '321000', '119.649506', '29.089524', 0, 0),
(994, 993, '婺城区', 3, '321000', '119.57135', '29.09521', 0, 0),
(995, 993, '金东区', 3, '321000', '119.69302', '29.0991', 0, 0),
(996, 993, '武义县', 3, '321200', '119.8164', '28.89331', 0, 0),
(997, 993, '浦江县', 3, '322200', '119.89181', '29.45353', 0, 0),
(998, 993, '磐安县', 3, '322300', '120.45022', '29.05733', 0, 0),
(999, 993, '兰溪市', 3, '321100', '119.45965', '29.20841', 0, 0),
(1000, 993, '义乌市', 3, '322000', '120.0744', '29.30558', 0, 0),
(1001, 993, '东阳市', 3, '322100', '120.24185', '29.28942', 0, 0),
(1002, 993, '永康市', 3, '321300', '120.04727', '28.88844', 0, 0),
(1003, 933, '衢州市', 2, '324002', '118.87263', '28.941708', 0, 0),
(1004, 1003, '柯城区', 3, '324100', '118.87109', '28.96858', 0, 0),
(1005, 1003, '衢江区', 3, '324022', '118.9598', '28.97977', 0, 0),
(1006, 1003, '常山县', 3, '324200', '118.51025', '28.90191', 0, 0),
(1007, 1003, '开化县', 3, '324300', '118.41616', '29.13785', 0, 0),
(1008, 1003, '龙游县', 3, '324400', '119.17221', '29.02823', 0, 0),
(1009, 1003, '江山市', 3, '324100', '118.62674', '28.7386', 0, 0),
(1010, 933, '舟山市', 2, '316000', '122.106863', '30.016028', 0, 0),
(1011, 1010, '定海区', 3, '316000', '122.10677', '30.01985', 0, 0),
(1012, 1010, '普陀区', 3, '316100', '122.30278', '29.94908', 0, 0),
(1013, 1010, '岱山县', 3, '316200', '122.20486', '30.24385', 0, 0),
(1014, 1010, '嵊泗县', 3, '202450', '122.45129', '30.72678', 0, 0),
(1015, 933, '台州市', 2, '318000', '121.428599', '28.661378', 0, 0),
(1016, 1015, '椒江区', 3, '318000', '121.44287', '28.67301', 0, 0),
(1017, 1015, '黄岩区', 3, '318020', '121.25891', '28.65077', 0, 0),
(1018, 1015, '路桥区', 3, '318050', '121.37381', '28.58016', 0, 0),
(1019, 1015, '玉环县', 3, '317600', '121.23242', '28.13637', 0, 0),
(1020, 1015, '三门县', 3, '317100', '121.3937', '29.1051', 0, 0),
(1021, 1015, '天台县', 3, '317200', '121.00848', '29.1429', 0, 0),
(1022, 1015, '仙居县', 3, '317300', '120.72872', '28.84672', 0, 0),
(1023, 1015, '温岭市', 3, '317500', '121.38595', '28.37176', 0, 0),
(1024, 1015, '临海市', 3, '317000', '121.13885', '28.85603', 0, 0),
(1025, 933, '丽水市', 2, '323000', '119.921786', '28.451993', 0, 0),
(1026, 1025, '莲都区', 3, '323000', '119.9127', '28.44583', 0, 0),
(1027, 1025, '青田县', 3, '323900', '120.29028', '28.13897', 0, 0),
(1028, 1025, '缙云县', 3, '321400', '120.09036', '28.65944', 0, 0),
(1029, 1025, '遂昌县', 3, '323300', '119.27606', '28.59291', 0, 0),
(1030, 1025, '松阳县', 3, '323400', '119.48199', '28.4494', 0, 0),
(1031, 1025, '云和县', 3, '323600', '119.57287', '28.11643', 0, 0),
(1032, 1025, '庆元县', 3, '323800', '119.06256', '27.61842', 0, 0),
(1033, 1025, '景宁畲族自治县', 3, '323500', '119.63839', '27.97393', 0, 0),
(1034, 1025, '龙泉市', 3, '323700', '119.14163', '28.0743', 0, 0),
(1035, 933, '舟山群岛新区', 2, '316000', '122.317657', '29.813242', 0, 0),
(1036, 1035, '金塘岛', 3, '316000', '121.893373', '30.040641', 0, 0),
(1037, 1035, '六横岛', 3, '316000', '122.14265', '29.662938', 0, 0),
(1038, 1035, '衢山岛', 3, '316000', '122.358425', '30.442642', 0, 0),
(1039, 1035, '舟山本岛西北部', 3, '316000', '122.03064', '30.140377', 0, 0),
(1040, 1035, '岱山岛西南部', 3, '316000', '122.180123', '30.277269', 0, 0),
(1041, 1035, '泗礁岛', 3, '316000', '122.45803', '30.725112', 0, 0),
(1042, 1035, '朱家尖岛', 3, '316000', '122.390636', '29.916303', 0, 0),
(1043, 1035, '洋山岛', 3, '316000', '121.995891', '30.094637', 0, 0),
(1044, 1035, '长涂岛', 3, '316000', '122.284681', '30.24888', 0, 0),
(1045, 1035, '虾峙岛', 3, '316000', '122.244686', '29.752941', 0, 0),
(1046, 0, '安徽省', 1, '', '117.283042', '31.86119', 0, 0),
(1047, 1046, '合肥市', 2, '230001', '117.283042', '31.86119', 0, 0),
(1048, 1047, '瑶海区', 3, '230011', '117.30947', '31.85809', 0, 0),
(1049, 1047, '庐阳区', 3, '230001', '117.26452', '31.87874', 0, 0),
(1050, 1047, '蜀山区', 3, '230031', '117.26104', '31.85117', 0, 0),
(1051, 1047, '包河区', 3, '230041', '117.30984', '31.79502', 0, 0),
(1052, 1047, '长丰县', 3, '231100', '117.16549', '32.47959', 0, 0),
(1053, 1047, '肥东县', 3, '231600', '117.47128', '31.88525', 0, 0),
(1054, 1047, '肥西县', 3, '231200', '117.16845', '31.72143', 0, 0),
(1055, 1047, '庐江县', 3, '231500', '117.289844', '31.251488', 0, 0),
(1056, 1047, '巢湖市', 3, '238000', '117.874155', '31.600518', 0, 0),
(1057, 1046, '芜湖市', 2, '241000', '118.376451', '31.326319', 0, 0),
(1058, 1057, '镜湖区', 3, '241000', '118.38525', '31.34038', 0, 0),
(1059, 1057, '弋江区', 3, '241000', '118.37265', '31.31178', 0, 0),
(1060, 1057, '鸠江区', 3, '241000', '118.39215', '31.36928', 0, 0),
(1061, 1057, '三山区', 3, '241000', '118.22509', '31.20703', 0, 0),
(1062, 1057, '芜湖县', 3, '241100', '118.57525', '31.13476', 0, 0),
(1063, 1057, '繁昌县', 3, '241200', '118.19982', '31.08319', 0, 0),
(1064, 1057, '南陵县', 3, '242400', '118.33688', '30.91969', 0, 0),
(1065, 1057, '无为县', 3, '238300', '117.911432', '31.303075', 0, 0),
(1066, 1046, '蚌埠市', 2, '233000', '117.36237', '32.934037', 0, 0),
(1067, 1066, '龙子湖区', 3, '233000', '117.39379', '32.94301', 0, 0),
(1068, 1066, '蚌山区', 3, '233000', '117.36767', '32.94411', 0, 0),
(1069, 1066, '禹会区', 3, '233010', '117.35315', '32.93336', 0, 0),
(1070, 1066, '淮上区', 3, '233002', '117.35983', '32.96423', 0, 0),
(1071, 1066, '怀远县', 3, '233400', '117.20507', '32.97007', 0, 0),
(1072, 1066, '五河县', 3, '233300', '117.89144', '33.14457', 0, 0),
(1073, 1066, '固镇县', 3, '233700', '117.31558', '33.31803', 0, 0),
(1074, 1046, '淮南市', 2, '232001', '117.025449', '32.645947', 0, 0),
(1075, 1074, '大通区', 3, '232033', '117.05255', '32.63265', 0, 0),
(1076, 1074, '田家庵区', 3, '232000', '117.01739', '32.64697', 0, 0),
(1077, 1074, '谢家集区', 3, '232052', '116.86377', '32.59818', 0, 0),
(1078, 1074, '八公山区', 3, '232072', '116.83694', '32.62941', 0, 0),
(1079, 1074, '潘集区', 3, '232082', '116.81622', '32.78287', 0, 0),
(1080, 1074, '凤台县', 3, '232100', '116.71569', '32.70752', 0, 0),
(1081, 1046, '马鞍山市', 2, '243001', '118.507906', '31.689362', 0, 0),
(1082, 1081, '花山区', 3, '243000', '118.51231', '31.7001', 0, 0),
(1083, 1081, '雨山区', 3, '243071', '118.49869', '31.68219', 0, 0),
(1084, 1081, '博望区', 3, '243131', '118.844387', '31.561871', 0, 0),
(1085, 1081, '当涂县', 3, '243100', '118.49786', '31.57098', 0, 0),
(1086, 1081, '含山县', 3, '238100', '118.105545', '31.727758', 0, 0),
(1087, 1081, '和县', 3, '238200', '118.351405', '31.741794', 0, 0),
(1088, 1046, '淮北市', 2, '235000', '116.794664', '33.971707', 0, 0),
(1089, 1088, '杜集区', 3, '235000', '116.82998', '33.99363', 0, 0),
(1090, 1088, '相山区', 3, '235000', '116.79464', '33.95979', 0, 0),
(1091, 1088, '烈山区', 3, '235000', '116.81448', '33.89355', 0, 0),
(1092, 1088, '濉溪县', 3, '235100', '116.76785', '33.91455', 0, 0),
(1093, 1046, '铜陵市', 2, '244000', '117.816576', '30.929935', 0, 0),
(1094, 1093, '铜官山区', 3, '244000', '117.81525', '30.93423', 0, 0),
(1095, 1093, '狮子山区', 3, '244000', '117.89178', '30.92631', 0, 0),
(1096, 1093, '郊区', 3, '244000', '117.80868', '30.91976', 0, 0),
(1097, 1093, '铜陵县', 3, '244100', '117.79113', '30.95365', 0, 0),
(1098, 1046, '安庆市', 2, '246001', '117.053571', '30.524816', 0, 0),
(1099, 1098, '迎江区', 3, '246001', '117.0493', '30.50421', 0, 0),
(1100, 1098, '大观区', 3, '246002', '117.03426', '30.51216', 0, 0),
(1101, 1098, '宜秀区', 3, '246003', '117.06127', '30.50783', 0, 0),
(1102, 1098, '怀宁县', 3, '246100', '116.82968', '30.73376', 0, 0),
(1103, 1098, '枞阳县', 3, '246700', '117.22015', '30.69956', 0, 0),
(1104, 1098, '潜山县', 3, '246300', '116.57574', '30.63037', 0, 0),
(1105, 1098, '太湖县', 3, '246400', '116.3088', '30.4541', 0, 0),
(1106, 1098, '宿松县', 3, '246500', '116.12915', '30.1536', 0, 0),
(1107, 1098, '望江县', 3, '246200', '116.68814', '30.12585', 0, 0),
(1108, 1098, '岳西县', 3, '246600', '116.35995', '30.84983', 0, 0),
(1109, 1098, '桐城市', 3, '231400', '116.95071', '31.05216', 0, 0),
(1110, 1046, '黄山市', 2, '245000', '118.317325', '29.709239', 0, 0),
(1111, 1110, '屯溪区', 3, '245000', '118.33368', '29.71138', 0, 0),
(1112, 1110, '黄山区', 3, '242700', '118.1416', '30.2729', 0, 0),
(1113, 1110, '徽州区', 3, '245061', '118.33654', '29.82784', 0, 0),
(1114, 1110, '歙县', 3, '245200', '118.43676', '29.86745', 0, 0),
(1115, 1110, '休宁县', 3, '245400', '118.18136', '29.78607', 0, 0),
(1116, 1110, '黟县', 3, '245500', '117.94137', '29.92588', 0, 0),
(1117, 1110, '祁门县', 3, '245600', '117.71847', '29.85723', 0, 0),
(1118, 1046, '滁州市', 2, '239000', '118.316264', '32.303627', 0, 0),
(1119, 1118, '琅琊区', 3, '239000', '118.30538', '32.29521', 0, 0),
(1120, 1118, '南谯区', 3, '239000', '118.31222', '32.31861', 0, 0),
(1121, 1118, '来安县', 3, '239200', '118.43438', '32.45176', 0, 0),
(1122, 1118, '全椒县', 3, '239500', '118.27291', '32.08524', 0, 0),
(1123, 1118, '定远县', 3, '233200', '117.68035', '32.52488', 0, 0),
(1124, 1118, '凤阳县', 3, '233100', '117.56454', '32.86507', 0, 0),
(1125, 1118, '天长市', 3, '239300', '118.99868', '32.69124', 0, 0),
(1126, 1118, '明光市', 3, '239400', '117.99093', '32.77819', 0, 0),
(1127, 1046, '阜阳市', 2, '236033', '115.819729', '32.896969', 0, 0),
(1128, 1127, '颍州区', 3, '236001', '115.80694', '32.88346', 0, 0),
(1129, 1127, '颍东区', 3, '236058', '115.85659', '32.91296', 0, 0),
(1130, 1127, '颍泉区', 3, '236045', '115.80712', '32.9249', 0, 0),
(1131, 1127, '临泉县', 3, '236400', '115.26232', '33.06758', 0, 0),
(1132, 1127, '太和县', 3, '236600', '115.62191', '33.16025', 0, 0),
(1133, 1127, '阜南县', 3, '236300', '115.58563', '32.63551', 0, 0),
(1134, 1127, '颍上县', 3, '236200', '116.26458', '32.62998', 0, 0),
(1135, 1127, '界首市', 3, '236500', '115.37445', '33.25714', 0, 0),
(1136, 1046, '宿州市', 2, '234000', '116.984084', '33.633891', 0, 0),
(1137, 1136, '埇桥区', 3, '234000', '116.97731', '33.64058', 0, 0),
(1138, 1136, '砀山县', 3, '235300', '116.35363', '34.42356', 0, 0),
(1139, 1136, '萧县', 3, '235200', '116.94546', '34.1879', 0, 0),
(1140, 1136, '灵璧县', 3, '234200', '117.55813', '33.54339', 0, 0),
(1141, 1136, '泗县', 3, '234300', '117.91033', '33.48295', 0, 0),
(1142, 1046, '六安市', 2, '237000', '116.507676', '31.752889', 0, 0),
(1143, 1142, '金安区', 3, '237005', '116.50912', '31.75573', 0, 0),
(1144, 1142, '裕安区', 3, '237010', '116.47985', '31.73787', 0, 0),
(1145, 1142, '寿县', 3, '232200', '116.78466', '32.57653', 0, 0),
(1146, 1142, '霍邱县', 3, '237400', '116.27795', '32.353', 0, 0),
(1147, 1142, '舒城县', 3, '231300', '116.94491', '31.46413', 0, 0),
(1148, 1142, '金寨县', 3, '237300', '115.93463', '31.7351', 0, 0),
(1149, 1142, '霍山县', 3, '237200', '116.33291', '31.3929', 0, 0),
(1150, 1046, '亳州市', 2, '236802', '115.782939', '33.869338', 0, 0),
(1151, 1150, '谯城区', 3, '236800', '115.77941', '33.87532', 0, 0),
(1152, 1150, '涡阳县', 3, '233600', '116.21682', '33.50911', 0, 0),
(1153, 1150, '蒙城县', 3, '233500', '116.5646', '33.26477', 0, 0),
(1154, 1150, '利辛县', 3, '236700', '116.208', '33.14198', 0, 0),
(1155, 1046, '池州市', 2, '247100', '117.489157', '30.656037', 0, 0),
(1156, 1155, '贵池区', 3, '247100', '117.48722', '30.65283', 0, 0),
(1157, 1155, '东至县', 3, '247200', '117.02719', '30.0969', 0, 0),
(1158, 1155, '石台县', 3, '245100', '117.48666', '30.21042', 0, 0),
(1159, 1155, '青阳县', 3, '242800', '117.84744', '30.63932', 0, 0),
(1160, 1046, '宣城市', 2, '242000', '118.757995', '30.945667', 0, 0),
(1161, 1160, '宣州区', 3, '242000', '118.75462', '30.94439', 0, 0),
(1162, 1160, '郎溪县', 3, '242100', '119.17923', '31.12599', 0, 0),
(1163, 1160, '广德县', 3, '242200', '119.41769', '30.89371', 0, 0),
(1164, 1160, '泾县', 3, '242500', '118.41964', '30.69498', 0, 0),
(1165, 1160, '绩溪县', 3, '245300', '118.59765', '30.07069', 0, 0),
(1166, 1160, '旌德县', 3, '242600', '118.54299', '30.28898', 0, 0),
(1167, 1160, '宁国市', 3, '242300', '118.98349', '30.6238', 0, 0),
(1168, 0, '福建省', 1, '', '119.306239', '26.075302', 0, 0),
(1169, 1168, '福州市', 2, '350001', '119.306239', '26.075302', 0, 0),
(1170, 1169, '鼓楼区', 3, '350001', '119.30384', '26.08225', 0, 0),
(1171, 1169, '台江区', 3, '350004', '119.30899', '26.06204', 0, 0),
(1172, 1169, '仓山区', 3, '350007', '119.31543', '26.04335', 0, 0),
(1173, 1169, '马尾区', 3, '350015', '119.4555', '25.98942', 0, 0),
(1174, 1169, '晋安区', 3, '350011', '119.32828', '26.0818', 0, 0),
(1175, 1169, '闽侯县', 3, '350100', '119.13388', '26.15014', 0, 0),
(1176, 1169, '连江县', 3, '350500', '119.53433', '26.19466', 0, 0),
(1177, 1169, '罗源县', 3, '350600', '119.5509', '26.48752', 0, 0),
(1178, 1169, '闽清县', 3, '350800', '118.8623', '26.21901', 0, 0),
(1179, 1169, '永泰县', 3, '350700', '118.936', '25.86816', 0, 0),
(1180, 1169, '平潭县', 3, '350400', '119.791197', '25.503672', 0, 0),
(1181, 1169, '福清市', 3, '350300', '119.38507', '25.72086', 0, 0),
(1182, 1169, '长乐市', 3, '350200', '119.52313', '25.96276', 0, 0),
(1183, 1168, '厦门市', 2, '361003', '118.11022', '24.490474', 0, 0),
(1184, 1183, '思明区', 3, '361001', '118.08233', '24.44543', 0, 0),
(1185, 1183, '海沧区', 3, '361026', '118.03289', '24.48461', 0, 0),
(1186, 1183, '湖里区', 3, '361006', '118.14621', '24.51253', 0, 0),
(1187, 1183, '集美区', 3, '361021', '118.09719', '24.57584', 0, 0),
(1188, 1183, '同安区', 3, '361100', '118.15197', '24.72308', 0, 0),
(1189, 1183, '翔安区', 3, '361101', '118.24783', '24.61863', 0, 0),
(1190, 1168, '莆田市', 2, '351100', '119.007558', '25.431011', 0, 0),
(1191, 1190, '城厢区', 3, '351100', '118.99462', '25.41872', 0, 0),
(1192, 1190, '涵江区', 3, '351111', '119.11621', '25.45876', 0, 0),
(1193, 1190, '荔城区', 3, '351100', '119.01339', '25.43369', 0, 0),
(1194, 1190, '秀屿区', 3, '351152', '119.10553', '25.31831', 0, 0),
(1195, 1190, '仙游县', 3, '351200', '118.69177', '25.36214', 0, 0),
(1196, 1168, '三明市', 2, '365000', '117.635001', '26.265444', 0, 0),
(1197, 1196, '梅列区', 3, '365000', '117.64585', '26.27171', 0, 0),
(1198, 1196, '三元区', 3, '365001', '117.60788', '26.23372', 0, 0),
(1199, 1196, '明溪县', 3, '365200', '117.20498', '26.35294', 0, 0),
(1200, 1196, '清流县', 3, '365300', '116.8146', '26.17144', 0, 0),
(1201, 1196, '宁化县', 3, '365400', '116.66101', '26.25874', 0, 0),
(1202, 1196, '大田县', 3, '366100', '117.8471', '25.6926', 0, 0),
(1203, 1196, '尤溪县', 3, '365100', '118.19049', '26.17002', 0, 0),
(1204, 1196, '沙县', 3, '365500', '117.79266', '26.39615', 0, 0),
(1205, 1196, '将乐县', 3, '353300', '117.47317', '26.72837', 0, 0),
(1206, 1196, '泰宁县', 3, '354400', '117.17578', '26.9001', 0, 0),
(1207, 1196, '建宁县', 3, '354500', '116.84603', '26.83091', 0, 0),
(1208, 1196, '永安市', 3, '366000', '117.36517', '25.94136', 0, 0),
(1209, 1168, '泉州市', 2, '362000', '118.589421', '24.908853', 0, 0),
(1210, 1209, '鲤城区', 3, '362000', '118.56591', '24.88741', 0, 0),
(1211, 1209, '丰泽区', 3, '362000', '118.61328', '24.89119', 0, 0),
(1212, 1209, '洛江区', 3, '362011', '118.67111', '24.93984', 0, 0),
(1213, 1209, '泉港区', 3, '362114', '118.91586', '25.12005', 0, 0),
(1214, 1209, '惠安县', 3, '362100', '118.79687', '25.03059', 0, 0),
(1215, 1209, '安溪县', 3, '362400', '118.18719', '25.05627', 0, 0),
(1216, 1209, '永春县', 3, '362600', '118.29437', '25.32183', 0, 0),
(1217, 1209, '德化县', 3, '362500', '118.24176', '25.49224', 0, 0),
(1218, 1209, '金门县', 3, '', '118.32263', '24.42922', 0, 0),
(1219, 1209, '石狮市', 3, '362700', '118.64779', '24.73242', 0, 0),
(1220, 1209, '晋江市', 3, '362200', '118.55194', '24.78141', 0, 0),
(1221, 1209, '南安市', 3, '362300', '118.38589', '24.96055', 0, 0),
(1222, 1168, '漳州市', 2, '363005', '117.661801', '24.510897', 0, 0),
(1223, 1222, '芗城区', 3, '363000', '117.65402', '24.51081', 0, 0),
(1224, 1222, '龙文区', 3, '363005', '117.70971', '24.50323', 0, 0),
(1225, 1222, '云霄县', 3, '363300', '117.34051', '23.95534', 0, 0),
(1226, 1222, '漳浦县', 3, '363200', '117.61367', '24.11706', 0, 0),
(1227, 1222, '诏安县', 3, '363500', '117.17501', '23.71148', 0, 0),
(1228, 1222, '长泰县', 3, '363900', '117.75924', '24.62526', 0, 0),
(1229, 1222, '东山县', 3, '363400', '117.42822', '23.70109', 0, 0),
(1230, 1222, '南靖县', 3, '363600', '117.35736', '24.51448', 0, 0),
(1231, 1222, '平和县', 3, '363700', '117.3124', '24.36395', 0, 0),
(1232, 1222, '华安县', 3, '363800', '117.54077', '25.00563', 0, 0),
(1233, 1222, '龙海市', 3, '363100', '117.81802', '24.44655', 0, 0),
(1234, 1168, '南平市', 2, '353000', '118.178459', '26.635627', 0, 0),
(1235, 1234, '延平区', 3, '353000', '118.18189', '26.63745', 0, 0),
(1236, 1234, '建阳区', 3, '354200', '118.12267', '27.332067', 0, 0),
(1237, 1234, '顺昌县', 3, '353200', '117.8103', '26.79298', 0, 0),
(1238, 1234, '浦城县', 3, '353400', '118.54007', '27.91888', 0, 0),
(1239, 1234, '光泽县', 3, '354100', '117.33346', '27.54231', 0, 0),
(1240, 1234, '松溪县', 3, '353500', '118.78533', '27.52624', 0, 0),
(1241, 1234, '政和县', 3, '353600', '118.85571', '27.36769', 0, 0),
(1242, 1234, '邵武市', 3, '354000', '117.4924', '27.34033', 0, 0),
(1243, 1234, '武夷山市', 3, '354300', '118.03665', '27.75543', 0, 0),
(1244, 1234, '建瓯市', 3, '353100', '118.29766', '27.02301', 0, 0),
(1245, 1168, '龙岩市', 2, '364000', '117.02978', '25.091603', 0, 0),
(1246, 1245, '新罗区', 3, '364000', '117.03693', '25.09834', 0, 0),
(1247, 1245, '长汀县', 3, '366300', '116.35888', '25.82773', 0, 0),
(1248, 1245, '永定区', 3, '364100', '116.73199', '24.72302', 0, 0),
(1249, 1245, '上杭县', 3, '364200', '116.42022', '25.04943', 0, 0),
(1250, 1245, '武平县', 3, '364300', '116.10229', '25.09244', 0, 0),
(1251, 1245, '连城县', 3, '366200', '116.75454', '25.7103', 0, 0),
(1252, 1245, '漳平市', 3, '364400', '117.41992', '25.29109', 0, 0),
(1253, 1168, '宁德市', 2, '352100', '119.527082', '26.65924', 0, 0),
(1254, 1253, '蕉城区', 3, '352100', '119.52643', '26.66048', 0, 0),
(1255, 1253, '霞浦县', 3, '355100', '119.99893', '26.88578', 0, 0),
(1256, 1253, '古田县', 3, '352200', '118.74688', '26.57682', 0, 0),
(1257, 1253, '屏南县', 3, '352300', '118.98861', '26.91099', 0, 0),
(1258, 1253, '寿宁县', 3, '355500', '119.5039', '27.45996', 0, 0),
(1259, 1253, '周宁县', 3, '355400', '119.33837', '27.10664', 0, 0),
(1260, 1253, '柘荣县', 3, '355300', '119.89971', '27.23543', 0, 0),
(1261, 1253, '福安市', 3, '355000', '119.6495', '27.08673', 0, 0),
(1262, 1253, '福鼎市', 3, '355200', '120.21664', '27.3243', 0, 0),
(1263, 0, '江西省', 1, '', '115.892151', '28.676493', 0, 0),
(1264, 1263, '南昌市', 2, '330008', '115.892151', '28.676493', 0, 0),
(1265, 1264, '东湖区', 3, '330006', '115.8988', '28.68505', 0, 0),
(1266, 1264, '西湖区', 3, '330009', '115.87728', '28.65688', 0, 0),
(1267, 1264, '青云谱区', 3, '330001', '115.915', '28.63199', 0, 0),
(1268, 1264, '湾里区', 3, '330004', '115.73104', '28.71529', 0, 0),
(1269, 1264, '青山湖区', 3, '330029', '115.9617', '28.68206', 0, 0),
(1270, 1264, '南昌县', 3, '330200', '115.94393', '28.54559', 0, 0),
(1271, 1264, '新建县', 3, '330100', '115.81546', '28.69248', 0, 0),
(1272, 1264, '安义县', 3, '330500', '115.54879', '28.84602', 0, 0),
(1273, 1264, '进贤县', 3, '331700', '116.24087', '28.37679', 0, 0),
(1274, 1263, '景德镇市', 2, '333000', '117.214664', '29.29256', 0, 0),
(1275, 1274, '昌江区', 3, '333000', '117.18359', '29.27321', 0, 0),
(1276, 1274, '珠山区', 3, '333000', '117.20233', '29.30127', 0, 0),
(1277, 1274, '浮梁县', 3, '333400', '117.21517', '29.35156', 0, 0),
(1278, 1274, '乐平市', 3, '333300', '117.12887', '28.96295', 0, 0),
(1279, 1263, '萍乡市', 2, '337000', '113.852186', '27.622946', 0, 0),
(1280, 1279, '安源区', 3, '337000', '113.89135', '27.61653', 0, 0),
(1281, 1279, '湘东区', 3, '337016', '113.73294', '27.64007', 0, 0),
(1282, 1279, '莲花县', 3, '337100', '113.96142', '27.12866', 0, 0),
(1283, 1279, '上栗县', 3, '337009', '113.79403', '27.87467', 0, 0),
(1284, 1279, '芦溪县', 3, '337053', '114.02951', '27.63063', 0, 0),
(1285, 1263, '九江市', 2, '332000', '115.992811', '29.712034', 0, 0),
(1286, 1285, '庐山区', 3, '332005', '115.98904', '29.67177', 0, 0),
(1287, 1285, '浔阳区', 3, '332000', '115.98986', '29.72786', 0, 0),
(1288, 1285, '九江县', 3, '332100', '115.91128', '29.60852', 0, 0),
(1289, 1285, '武宁县', 3, '332300', '115.10061', '29.2584', 0, 0),
(1290, 1285, '修水县', 3, '332400', '114.54684', '29.02539', 0, 0),
(1291, 1285, '永修县', 3, '330300', '115.80911', '29.02093', 0, 0),
(1292, 1285, '德安县', 3, '330400', '115.75601', '29.31341', 0, 0),
(1293, 1285, '星子县', 3, '332800', '116.04492', '29.44608', 0, 0),
(1294, 1285, '都昌县', 3, '332600', '116.20401', '29.27327', 0, 0),
(1295, 1285, '湖口县', 3, '332500', '116.21853', '29.73818', 0, 0),
(1296, 1285, '彭泽县', 3, '332700', '116.55011', '29.89589', 0, 0),
(1297, 1285, '瑞昌市', 3, '332200', '115.66705', '29.67183', 0, 0),
(1298, 1285, '共青城市', 3, '332020', '115.801939', '29.238785', 0, 0),
(1299, 1263, '新余市', 2, '338025', '114.930835', '27.810834', 0, 0),
(1300, 1299, '渝水区', 3, '338025', '114.944', '27.80098', 0, 0),
(1301, 1299, '分宜县', 3, '336600', '114.69189', '27.81475', 0, 0),
(1302, 1263, '鹰潭市', 2, '335000', '117.033838', '28.238638', 0, 0),
(1303, 1302, '月湖区', 3, '335000', '117.03732', '28.23913', 0, 0),
(1304, 1302, '余江县', 3, '335200', '116.81851', '28.21034', 0, 0),
(1305, 1302, '贵溪市', 3, '335400', '117.24246', '28.2926', 0, 0),
(1306, 1263, '赣州市', 2, '341000', '114.940278', '25.85097', 0, 0),
(1307, 1306, '章贡区', 3, '341000', '114.94284', '25.8624', 0, 0),
(1308, 1306, '南康区', 3, '341400', '114.756933', '25.661721', 0, 0),
(1309, 1306, '赣县', 3, '341100', '115.01171', '25.86149', 0, 0),
(1310, 1306, '信丰县', 3, '341600', '114.92279', '25.38612', 0, 0),
(1311, 1306, '大余县', 3, '341500', '114.35757', '25.39561', 0, 0),
(1312, 1306, '上犹县', 3, '341200', '114.54138', '25.79567', 0, 0),
(1313, 1306, '崇义县', 3, '341300', '114.30835', '25.68186', 0, 0),
(1314, 1306, '安远县', 3, '342100', '115.39483', '25.1371', 0, 0),
(1315, 1306, '龙南县', 3, '341700', '114.78994', '24.91086', 0, 0),
(1316, 1306, '定南县', 3, '341900', '115.02713', '24.78395', 0, 0),
(1317, 1306, '全南县', 3, '341800', '114.5292', '24.74324', 0, 0),
(1318, 1306, '宁都县', 3, '342800', '116.01565', '26.47227', 0, 0),
(1319, 1306, '于都县', 3, '342300', '115.41415', '25.95257', 0, 0),
(1320, 1306, '兴国县', 3, '342400', '115.36309', '26.33776', 0, 0),
(1321, 1306, '会昌县', 3, '342600', '115.78555', '25.60068', 0, 0),
(1322, 1306, '寻乌县', 3, '342200', '115.64852', '24.95513', 0, 0),
(1323, 1306, '石城县', 3, '342700', '116.3442', '26.32617', 0, 0),
(1324, 1306, '瑞金市', 3, '342500', '116.02703', '25.88557', 0, 0),
(1325, 1263, '吉安市', 2, '343000', '114.986373', '27.111699', 0, 0),
(1326, 1325, '吉州区', 3, '343000', '114.97598', '27.10669', 0, 0),
(1327, 1325, '青原区', 3, '343009', '115.01747', '27.10577', 0, 0),
(1328, 1325, '吉安县', 3, '343100', '114.90695', '27.04048', 0, 0),
(1329, 1325, '吉水县', 3, '331600', '115.1343', '27.21071', 0, 0),
(1330, 1325, '峡江县', 3, '331409', '115.31723', '27.576', 0, 0),
(1331, 1325, '新干县', 3, '331300', '115.39306', '27.74092', 0, 0),
(1332, 1325, '永丰县', 3, '331500', '115.44238', '27.31785', 0, 0),
(1333, 1325, '泰和县', 3, '343700', '114.90789', '26.79113', 0, 0),
(1334, 1325, '遂川县', 3, '343900', '114.51629', '26.32598', 0, 0),
(1335, 1325, '万安县', 3, '343800', '114.78659', '26.45931', 0, 0),
(1336, 1325, '安福县', 3, '343200', '114.61956', '27.39276', 0, 0),
(1337, 1325, '永新县', 3, '343400', '114.24246', '26.94488', 0, 0),
(1338, 1325, '井冈山市', 3, '343600', '114.28949', '26.74804', 0, 0),
(1339, 1263, '宜春市', 2, '336000', '114.391136', '27.8043', 0, 0),
(1340, 1339, '袁州区', 3, '336000', '114.38246', '27.79649', 0, 0),
(1341, 1339, '奉新县', 3, '330700', '115.40036', '28.6879', 0, 0),
(1342, 1339, '万载县', 3, '336100', '114.4458', '28.10656', 0, 0),
(1343, 1339, '上高县', 3, '336400', '114.92459', '28.23423', 0, 0),
(1344, 1339, '宜丰县', 3, '336300', '114.7803', '28.38555', 0, 0),
(1345, 1339, '靖安县', 3, '330600', '115.36279', '28.86167', 0, 0),
(1346, 1339, '铜鼓县', 3, '336200', '114.37036', '28.52311', 0, 0),
(1347, 1339, '丰城市', 3, '331100', '115.77114', '28.15918', 0, 0),
(1348, 1339, '樟树市', 3, '331200', '115.5465', '28.05332', 0, 0),
(1349, 1339, '高安市', 3, '330800', '115.3753', '28.4178', 0, 0),
(1350, 1263, '抚州市', 2, '344000', '116.358351', '27.98385', 0, 0),
(1351, 1350, '临川区', 3, '344000', '116.35919', '27.97721', 0, 0),
(1352, 1350, '南城县', 3, '344700', '116.64419', '27.55381', 0, 0),
(1353, 1350, '黎川县', 3, '344600', '116.90771', '27.28232', 0, 0),
(1354, 1350, '南丰县', 3, '344500', '116.5256', '27.21842', 0, 0),
(1355, 1350, '崇仁县', 3, '344200', '116.06021', '27.75962', 0, 0),
(1356, 1350, '乐安县', 3, '344300', '115.83108', '27.42812', 0, 0),
(1357, 1350, '宜黄县', 3, '344400', '116.23626', '27.55487', 0, 0),
(1358, 1350, '金溪县', 3, '344800', '116.77392', '27.90753', 0, 0),
(1359, 1350, '资溪县', 3, '335300', '117.06939', '27.70493', 0, 0),
(1360, 1350, '东乡县', 3, '331800', '116.59039', '28.23614', 0, 0),
(1361, 1350, '广昌县', 3, '344900', '116.32547', '26.8341', 0, 0),
(1362, 1263, '上饶市', 2, '334000', '117.971185', '28.44442', 0, 0),
(1363, 1362, '信州区', 3, '334000', '117.96682', '28.43121', 0, 0),
(1364, 1362, '上饶县', 3, '334100', '117.90884', '28.44856', 0, 0),
(1365, 1362, '广丰县', 3, '334600', '118.19158', '28.43766', 0, 0),
(1366, 1362, '玉山县', 3, '334700', '118.24462', '28.6818', 0, 0),
(1367, 1362, '铅山县', 3, '334500', '117.70996', '28.31549', 0, 0),
(1368, 1362, '横峰县', 3, '334300', '117.5964', '28.40716', 0, 0),
(1369, 1362, '弋阳县', 3, '334400', '117.45929', '28.37451', 0, 0),
(1370, 1362, '余干县', 3, '335100', '116.69555', '28.70206', 0, 0),
(1371, 1362, '鄱阳县', 3, '333100', '116.69967', '29.0118', 0, 0),
(1372, 1362, '万年县', 3, '335500', '117.06884', '28.69537', 0, 0),
(1373, 1362, '婺源县', 3, '333200', '117.86105', '29.24841', 0, 0),
(1374, 1362, '德兴市', 3, '334200', '117.57919', '28.94736', 0, 0),
(1375, 0, '山东省', 1, '', '117.000923', '36.675807', 0, 0),
(1376, 1375, '济南市', 2, '250001', '117.000923', '36.675807', 0, 0),
(1377, 1376, '历下区', 3, '250014', '117.0768', '36.66661', 0, 0),
(1378, 1376, '市中区', 3, '250001', '116.99741', '36.65101', 0, 0),
(1379, 1376, '槐荫区', 3, '250117', '116.90075', '36.65136', 0, 0),
(1380, 1376, '天桥区', 3, '250031', '116.98749', '36.67801', 0, 0),
(1381, 1376, '历城区', 3, '250100', '117.06509', '36.67995', 0, 0),
(1382, 1376, '长清区', 3, '250300', '116.75192', '36.55352', 0, 0),
(1383, 1376, '平阴县', 3, '250400', '116.45587', '36.28955', 0, 0),
(1384, 1376, '济阳县', 3, '251400', '117.17327', '36.97845', 0, 0),
(1385, 1376, '商河县', 3, '251600', '117.15722', '37.31119', 0, 0),
(1386, 1376, '章丘市', 3, '250200', '117.53677', '36.71392', 0, 0),
(1387, 1375, '青岛市', 2, '266001', '120.369557', '36.094406', 0, 0),
(1388, 1387, '市南区', 3, '266001', '120.38773', '36.06671', 0, 0),
(1389, 1387, '市北区', 3, '266011', '120.37469', '36.08734', 0, 0),
(1390, 1387, '黄岛区', 3, '266500', '120.19775', '35.96065', 0, 0),
(1391, 1387, '崂山区', 3, '266100', '120.46923', '36.10717', 0, 0),
(1392, 1387, '李沧区', 3, '266021', '120.43286', '36.14502', 0, 0),
(1393, 1387, '城阳区', 3, '266041', '120.39621', '36.30735', 0, 0),
(1394, 1387, '胶州市', 3, '266300', '120.0335', '36.26442', 0, 0),
(1395, 1387, '即墨市', 3, '266200', '120.44699', '36.38907', 0, 0),
(1396, 1387, '平度市', 3, '266700', '119.95996', '36.78688', 0, 0),
(1397, 1387, '莱西市', 3, '266600', '120.51773', '36.88804', 0, 0),
(1398, 1387, '西海岸新区', 3, '266500', '120.19775', '35.96065', 0, 0),
(1399, 1375, '淄博市', 2, '255039', '118.047648', '36.814939', 0, 0),
(1400, 1399, '淄川区', 3, '255100', '117.96655', '36.64339', 0, 0),
(1401, 1399, '张店区', 3, '255022', '118.01788', '36.80676', 0, 0),
(1402, 1399, '博山区', 3, '255200', '117.86166', '36.49469', 0, 0),
(1403, 1399, '临淄区', 3, '255400', '118.30966', '36.8259', 0, 0),
(1404, 1399, '周村区', 3, '255300', '117.86969', '36.80322', 0, 0),
(1405, 1399, '桓台县', 3, '256400', '118.09698', '36.96036', 0, 0),
(1406, 1399, '高青县', 3, '256300', '117.82708', '37.17197', 0, 0),
(1407, 1399, '沂源县', 3, '256100', '118.17105', '36.18536', 0, 0),
(1408, 1375, '枣庄市', 2, '277101', '117.557964', '34.856424', 0, 0),
(1409, 1408, '市中区', 3, '277101', '117.55603', '34.86391', 0, 0),
(1410, 1408, '薛城区', 3, '277000', '117.26318', '34.79498', 0, 0),
(1411, 1408, '峄城区', 3, '277300', '117.59057', '34.77225', 0, 0),
(1412, 1408, '台儿庄区', 3, '277400', '117.73452', '34.56363', 0, 0),
(1413, 1408, '山亭区', 3, '277200', '117.4663', '35.09541', 0, 0),
(1414, 1408, '滕州市', 3, '277500', '117.165', '35.10534', 0, 0),
(1415, 1375, '东营市', 2, '257093', '118.4963', '37.461266', 0, 0),
(1416, 1415, '东营区', 3, '257029', '118.5816', '37.44875', 0, 0),
(1417, 1415, '河口区', 3, '257200', '118.5249', '37.88541', 0, 0),
(1418, 1415, '垦利县', 3, '257500', '118.54815', '37.58825', 0, 0),
(1419, 1415, '利津县', 3, '257400', '118.25637', '37.49157', 0, 0),
(1420, 1415, '广饶县', 3, '257300', '118.40704', '37.05381', 0, 0),
(1421, 1375, '烟台市', 2, '264010', '121.391382', '37.539297', 0, 0),
(1422, 1421, '芝罘区', 3, '264001', '121.40023', '37.54064', 0, 0),
(1423, 1421, '福山区', 3, '265500', '121.26812', '37.49841', 0, 0),
(1424, 1421, '牟平区', 3, '264100', '121.60067', '37.38846', 0, 0),
(1425, 1421, '莱山区', 3, '264600', '121.44512', '37.51165', 0, 0),
(1426, 1421, '长岛县', 3, '265800', '120.738', '37.91754', 0, 0),
(1427, 1421, '龙口市', 3, '265700', '120.50634', '37.64064', 0, 0),
(1428, 1421, '莱阳市', 3, '265200', '120.71066', '36.98012', 0, 0),
(1429, 1421, '莱州市', 3, '261400', '119.94137', '37.17806', 0, 0),
(1430, 1421, '蓬莱市', 3, '265600', '120.75988', '37.81119', 0, 0),
(1431, 1421, '招远市', 3, '265400', '120.40481', '37.36269', 0, 0),
(1432, 1421, '栖霞市', 3, '265300', '120.85025', '37.33571', 0, 0),
(1433, 1421, '海阳市', 3, '265100', '121.15976', '36.77622', 0, 0),
(1434, 1375, '潍坊市', 2, '261041', '119.107078', '36.70925', 0, 0),
(1435, 1434, '潍城区', 3, '261021', '119.10582', '36.7139', 0, 0),
(1436, 1434, '寒亭区', 3, '261100', '119.21832', '36.77504', 0, 0),
(1437, 1434, '坊子区', 3, '261200', '119.16476', '36.65218', 0, 0),
(1438, 1434, '奎文区', 3, '261031', '119.12532', '36.70723', 0, 0),
(1439, 1434, '临朐县', 3, '262600', '118.544', '36.51216', 0, 0),
(1440, 1434, '昌乐县', 3, '262400', '118.83017', '36.7078', 0, 0),
(1441, 1434, '青州市', 3, '262500', '118.47915', '36.68505', 0, 0),
(1442, 1434, '诸城市', 3, '262200', '119.40988', '35.99662', 0, 0),
(1443, 1434, '寿光市', 3, '262700', '118.74047', '36.88128', 0, 0),
(1444, 1434, '安丘市', 3, '262100', '119.2189', '36.47847', 0, 0),
(1445, 1434, '高密市', 3, '261500', '119.75701', '36.38397', 0, 0),
(1446, 1434, '昌邑市', 3, '261300', '119.39767', '36.86008', 0, 0),
(1447, 1375, '济宁市', 2, '272119', '116.587245', '35.415393', 0, 0),
(1448, 1447, '任城区', 3, '272113', '116.59504', '35.40659', 0, 0),
(1449, 1447, '兖州区', 3, '272000', '116.826546', '35.552305', 0, 0),
(1450, 1447, '微山县', 3, '277600', '117.12875', '34.80712', 0, 0),
(1451, 1447, '鱼台县', 3, '272300', '116.64761', '34.99674', 0, 0),
(1452, 1447, '金乡县', 3, '272200', '116.31146', '35.065', 0, 0),
(1453, 1447, '嘉祥县', 3, '272400', '116.34249', '35.40836', 0, 0),
(1454, 1447, '汶上县', 3, '272501', '116.48742', '35.73295', 0, 0),
(1455, 1447, '泗水县', 3, '273200', '117.27948', '35.66113', 0, 0),
(1456, 1447, '梁山县', 3, '272600', '116.09683', '35.80322', 0, 0),
(1457, 1447, '曲阜市', 3, '273100', '116.98645', '35.58091', 0, 0),
(1458, 1447, '邹城市', 3, '273500', '116.97335', '35.40531', 0, 0),
(1459, 1375, '泰安市', 2, '271000', '117.129063', '36.194968', 0, 0),
(1460, 1459, '泰山区', 3, '271000', '117.13446', '36.19411', 0, 0),
(1461, 1459, '岱岳区', 3, '271000', '117.04174', '36.1875', 0, 0),
(1462, 1459, '宁阳县', 3, '271400', '116.80542', '35.7599', 0, 0),
(1463, 1459, '东平县', 3, '271500', '116.47113', '35.93792', 0, 0),
(1464, 1459, '新泰市', 3, '271200', '117.76959', '35.90887', 0, 0),
(1465, 1459, '肥城市', 3, '271600', '116.76815', '36.18247', 0, 0),
(1466, 1375, '威海市', 2, '264200', '122.116394', '37.509691', 0, 0),
(1467, 1466, '环翠区', 3, '264200', '122.12344', '37.50199', 0, 0),
(1468, 1466, '文登区', 3, '266440', '122.057139', '37.196211', 0, 0),
(1469, 1466, '荣成市', 3, '264300', '122.48773', '37.1652', 0, 0),
(1470, 1466, '乳山市', 3, '264500', '121.53814', '36.91918', 0, 0),
(1471, 1375, '日照市', 2, '276800', '119.461208', '35.428588', 0, 0),
(1472, 1471, '东港区', 3, '276800', '119.46237', '35.42541', 0, 0),
(1473, 1471, '岚山区', 3, '276808', '119.31884', '35.12203', 0, 0),
(1474, 1471, '五莲县', 3, '262300', '119.207', '35.75004', 0, 0),
(1475, 1471, '莒县', 3, '276500', '118.83789', '35.58054', 0, 0),
(1476, 1375, '莱芜市', 2, '271100', '117.677736', '36.214397', 0, 0),
(1477, 1476, '莱城区', 3, '271199', '117.65986', '36.2032', 0, 0),
(1478, 1476, '钢城区', 3, '271100', '117.8049', '36.06319', 0, 0),
(1479, 1375, '临沂市', 2, '253000', '118.326443', '35.065282', 0, 0),
(1480, 1479, '兰山区', 3, '276002', '118.34817', '35.06872', 0, 0),
(1481, 1479, '罗庄区', 3, '276022', '118.28466', '34.99627', 0, 0),
(1482, 1479, '河东区', 3, '276034', '118.41055', '35.08803', 0, 0),
(1483, 1479, '沂南县', 3, '276300', '118.47061', '35.55131', 0, 0),
(1484, 1479, '郯城县', 3, '276100', '118.36712', '34.61354', 0, 0),
(1485, 1479, '沂水县', 3, '276400', '118.63009', '35.78731', 0, 0),
(1486, 1479, '兰陵县', 3, '277700', '117.856592', '34.738315', 0, 0),
(1487, 1479, '费县', 3, '273400', '117.97836', '35.26562', 0, 0),
(1488, 1479, '平邑县', 3, '273300', '117.63867', '35.50573', 0, 0),
(1489, 1479, '莒南县', 3, '276600', '118.83227', '35.17539', 0, 0),
(1490, 1479, '蒙阴县', 3, '276200', '117.94592', '35.70996', 0, 0),
(1491, 1479, '临沭县', 3, '276700', '118.65267', '34.92091', 0, 0),
(1492, 1375, '德州市', 2, '253000', '116.307428', '37.453968', 0, 0),
(1493, 1492, '德城区', 3, '253012', '116.29943', '37.45126', 0, 0),
(1494, 1492, '陵城区', 3, '253500', '116.57601', '37.33571', 0, 0),
(1495, 1492, '宁津县', 3, '253400', '116.79702', '37.65301', 0, 0),
(1496, 1492, '庆云县', 3, '253700', '117.38635', '37.77616', 0, 0),
(1497, 1492, '临邑县', 3, '251500', '116.86547', '37.19053', 0, 0),
(1498, 1492, '齐河县', 3, '251100', '116.75515', '36.79532', 0, 0),
(1499, 1492, '平原县', 3, '253100', '116.43432', '37.16632', 0, 0),
(1500, 1492, '夏津县', 3, '253200', '116.0017', '36.94852', 0, 0),
(1501, 1492, '武城县', 3, '253300', '116.07009', '37.21403', 0, 0),
(1502, 1492, '乐陵市', 3, '253600', '117.23141', '37.73164', 0, 0),
(1503, 1492, '禹城市', 3, '251200', '116.64309', '36.93444', 0, 0),
(1504, 1375, '聊城市', 2, '252052', '115.980367', '36.456013', 0, 0),
(1505, 1504, '东昌府区', 3, '252000', '115.97383', '36.44458', 0, 0),
(1506, 1504, '阳谷县', 3, '252300', '115.79126', '36.11444', 0, 0),
(1507, 1504, '莘县', 3, '252400', '115.6697', '36.23423', 0, 0),
(1508, 1504, '茌平县', 3, '252100', '116.25491', '36.57969', 0, 0),
(1509, 1504, '东阿县', 3, '252200', '116.25012', '36.33209', 0, 0),
(1510, 1504, '冠县', 3, '252500', '115.44195', '36.48429', 0, 0),
(1511, 1504, '高唐县', 3, '252800', '116.23172', '36.86535', 0, 0),
(1512, 1504, '临清市', 3, '252600', '115.70629', '36.83945', 0, 0),
(1513, 1375, '滨州市', 2, '256619', '118.016974', '37.383542', 0, 0),
(1514, 1513, '滨城区', 3, '256613', '118.02026', '37.38524', 0, 0),
(1515, 1513, '沾化区', 3, '256800', '118.13214', '37.69832', 0, 0),
(1516, 1513, '惠民县', 3, '251700', '117.51113', '37.49013', 0, 0),
(1517, 1513, '阳信县', 3, '251800', '117.58139', '37.64198', 0, 0),
(1518, 1513, '无棣县', 3, '251900', '117.61395', '37.74009', 0, 0),
(1519, 1513, '博兴县', 3, '256500', '118.1336', '37.14316', 0, 0),
(1520, 1513, '邹平县', 3, '256200', '117.74307', '36.86295', 0, 0),
(1521, 1513, '北海新区', 3, '256200', '118.016974', '37.383542', 0, 0),
(1522, 1375, '菏泽市', 2, '274020', '115.469381', '35.246531', 0, 0),
(1523, 1522, '牡丹区', 3, '274009', '115.41662', '35.25091', 0, 0),
(1524, 1522, '曹县', 3, '274400', '115.54226', '34.82659', 0, 0),
(1525, 1522, '单县', 3, '273700', '116.08703', '34.79514', 0, 0),
(1526, 1522, '成武县', 3, '274200', '115.8897', '34.95332', 0, 0),
(1527, 1522, '巨野县', 3, '274900', '116.09497', '35.39788', 0, 0),
(1528, 1522, '郓城县', 3, '274700', '115.94439', '35.60044', 0, 0),
(1529, 1522, '鄄城县', 3, '274600', '115.50997', '35.56412', 0, 0),
(1530, 1522, '定陶县', 3, '274100', '115.57287', '35.07118', 0, 0),
(1531, 1522, '东明县', 3, '274500', '115.09079', '35.28906', 0, 0),
(1532, 0, '河南省', 1, '', '113.665412', '34.757975', 0, 0),
(1533, 1532, '郑州市', 2, '450000', '113.665412', '34.757975', 0, 0),
(1534, 1533, '中原区', 3, '450007', '113.61333', '34.74827', 0, 0),
(1535, 1533, '二七区', 3, '450052', '113.63931', '34.72336', 0, 0),
(1536, 1533, '管城回族区', 3, '450000', '113.67734', '34.75383', 0, 0),
(1537, 1533, '金水区', 3, '450003', '113.66057', '34.80028', 0, 0),
(1538, 1533, '上街区', 3, '450041', '113.30897', '34.80276', 0, 0),
(1539, 1533, '惠济区', 3, '450053', '113.61688', '34.86735', 0, 0),
(1540, 1533, '中牟县', 3, '451450', '113.97619', '34.71899', 0, 0),
(1541, 1533, '巩义市', 3, '451200', '113.022', '34.74794', 0, 0),
(1542, 1533, '荥阳市', 3, '450100', '113.38345', '34.78759', 0, 0),
(1543, 1533, '新密市', 3, '452300', '113.3869', '34.53704', 0, 0),
(1544, 1533, '新郑市', 3, '451100', '113.73645', '34.3955', 0, 0),
(1545, 1533, '登封市', 3, '452470', '113.05023', '34.45345', 0, 0),
(1546, 1532, '开封市', 2, '475001', '114.341447', '34.797049', 0, 0),
(1547, 1546, '龙亭区', 3, '475100', '114.35484', '34.79995', 0, 0),
(1548, 1546, '顺河回族区', 3, '475000', '114.36123', '34.79586', 0, 0),
(1549, 1546, '鼓楼区', 3, '475000', '114.35559', '34.79517', 0, 0),
(1550, 1546, '禹王台区', 3, '475003', '114.34787', '34.77693', 0, 0),
(1551, 1546, '祥符区', 3, '475100', '114.43859', '34.75874', 0, 0),
(1552, 1546, '杞县', 3, '475200', '114.7828', '34.55033', 0, 0),
(1553, 1546, '通许县', 3, '475400', '114.46716', '34.47522', 0, 0),
(1554, 1546, '尉氏县', 3, '475500', '114.19284', '34.41223', 0, 0),
(1555, 1546, '兰考县', 3, '475300', '114.81961', '34.8235', 0, 0),
(1556, 1532, '洛阳市', 2, '471000', '112.434468', '34.663041', 0, 0),
(1557, 1556, '老城区', 3, '471002', '112.46902', '34.68364', 0, 0),
(1558, 1556, '西工区', 3, '471000', '112.4371', '34.67', 0, 0),
(1559, 1556, '瀍河回族区', 3, '471002', '112.50018', '34.67985', 0, 0),
(1560, 1556, '涧西区', 3, '471003', '112.39588', '34.65823', 0, 0),
(1561, 1556, '吉利区', 3, '471012', '112.58905', '34.90088', 0, 0),
(1562, 1556, '洛龙区', 3, '471000', '112.46412', '34.61866', 0, 0),
(1563, 1556, '孟津县', 3, '471100', '112.44351', '34.826', 0, 0),
(1564, 1556, '新安县', 3, '471800', '112.13238', '34.72814', 0, 0),
(1565, 1556, '栾川县', 3, '471500', '111.61779', '33.78576', 0, 0),
(1566, 1556, '嵩县', 3, '471400', '112.08526', '34.13466', 0, 0),
(1567, 1556, '汝阳县', 3, '471200', '112.47314', '34.15387', 0, 0),
(1568, 1556, '宜阳县', 3, '471600', '112.17907', '34.51523', 0, 0),
(1569, 1556, '洛宁县', 3, '471700', '111.65087', '34.38913', 0, 0),
(1570, 1556, '伊川县', 3, '471300', '112.42947', '34.42205', 0, 0),
(1571, 1556, '偃师市', 3, '471900', '112.7922', '34.7281', 0, 0),
(1572, 1532, '平顶山市', 2, '467000', '113.307718', '33.735241', 0, 0),
(1573, 1572, '新华区', 3, '467002', '113.29402', '33.7373', 0, 0),
(1574, 1572, '卫东区', 3, '467021', '113.33511', '33.73472', 0, 0),
(1575, 1572, '石龙区', 3, '467045', '112.89879', '33.89878', 0, 0),
(1576, 1572, '湛河区', 3, '467000', '113.29252', '33.7362', 0, 0),
(1577, 1572, '宝丰县', 3, '467400', '113.05493', '33.86916', 0, 0),
(1578, 1572, '叶县', 3, '467200', '113.35104', '33.62225', 0, 0),
(1579, 1572, '鲁山县', 3, '467300', '112.9057', '33.73879', 0, 0),
(1580, 1572, '郏县', 3, '467100', '113.21588', '33.97072', 0, 0),
(1581, 1572, '舞钢市', 3, '462500', '113.52417', '33.2938', 0, 0),
(1582, 1572, '汝州市', 3, '467500', '112.84301', '34.16135', 0, 0),
(1583, 1532, '安阳市', 2, '455000', '114.352482', '36.103442', 0, 0),
(1584, 1583, '文峰区', 3, '455000', '114.35708', '36.09046', 0, 0),
(1585, 1583, '北关区', 3, '455001', '114.35735', '36.11872', 0, 0),
(1586, 1583, '殷都区', 3, '455004', '114.3034', '36.1099', 0, 0),
(1587, 1583, '龙安区', 3, '455001', '114.34814', '36.11904', 0, 0),
(1588, 1583, '安阳县', 3, '455000', '114.36605', '36.06695', 0, 0),
(1589, 1583, '汤阴县', 3, '456150', '114.35839', '35.92152', 0, 0),
(1590, 1583, '滑县', 3, '456400', '114.52066', '35.5807', 0, 0),
(1591, 1583, '内黄县', 3, '456350', '114.90673', '35.95269', 0, 0),
(1592, 1583, '林州市', 3, '456550', '113.81558', '36.07804', 0, 0),
(1593, 1532, '鹤壁市', 2, '458030', '114.295444', '35.748236', 0, 0),
(1594, 1593, '鹤山区', 3, '458010', '114.16336', '35.95458', 0, 0),
(1595, 1593, '山城区', 3, '458000', '114.18443', '35.89773', 0, 0),
(1596, 1593, '淇滨区', 3, '458000', '114.29867', '35.74127', 0, 0),
(1597, 1593, '浚县', 3, '456250', '114.54879', '35.67085', 0, 0),
(1598, 1593, '淇县', 3, '456750', '114.1976', '35.60782', 0, 0),
(1599, 1532, '新乡市', 2, '453000', '113.883991', '35.302616', 0, 0),
(1600, 1599, '红旗区', 3, '453000', '113.87523', '35.30367', 0, 0),
(1601, 1599, '卫滨区', 3, '453000', '113.86578', '35.30211', 0, 0),
(1602, 1599, '凤泉区', 3, '453011', '113.91507', '35.38399', 0, 0),
(1603, 1599, '牧野区', 3, '453002', '113.9086', '35.3149', 0, 0),
(1604, 1599, '新乡县', 3, '453700', '113.80511', '35.19075', 0, 0),
(1605, 1599, '获嘉县', 3, '453800', '113.66159', '35.26521', 0, 0),
(1606, 1599, '原阳县', 3, '453500', '113.93994', '35.06565', 0, 0),
(1607, 1599, '延津县', 3, '453200', '114.20266', '35.14327', 0, 0),
(1608, 1599, '封丘县', 3, '453300', '114.41915', '35.04166', 0, 0),
(1609, 1599, '长垣县', 3, '453400', '114.66882', '35.20046', 0, 0),
(1610, 1599, '卫辉市', 3, '453100', '114.06454', '35.39843', 0, 0),
(1611, 1599, '辉县市', 3, '453600', '113.8067', '35.46307', 0, 0),
(1612, 1532, '焦作市', 2, '454002', '113.238266', '35.23904', 0, 0),
(1613, 1612, '解放区', 3, '454000', '113.22933', '35.24023', 0, 0),
(1614, 1612, '中站区', 3, '454191', '113.18315', '35.23665', 0, 0),
(1615, 1612, '马村区', 3, '454171', '113.3187', '35.26908', 0, 0);
INSERT INTO `mall_area` (`id`, `pid`, `name`, `level`, `zip`, `lng`, `lat`, `sort`, `is_lock`) VALUES
(1616, 1612, '山阳区', 3, '454002', '113.25464', '35.21436', 0, 0),
(1617, 1612, '修武县', 3, '454350', '113.44775', '35.22357', 0, 0),
(1618, 1612, '博爱县', 3, '454450', '113.06698', '35.16943', 0, 0),
(1619, 1612, '武陟县', 3, '454950', '113.39718', '35.09505', 0, 0),
(1620, 1612, '温县', 3, '454850', '113.08065', '34.94022', 0, 0),
(1621, 1612, '沁阳市', 3, '454550', '112.94494', '35.08935', 0, 0),
(1622, 1612, '孟州市', 3, '454750', '112.79138', '34.9071', 0, 0),
(1623, 1532, '濮阳市', 2, '457000', '115.041299', '35.768234', 0, 0),
(1624, 1623, '华龙区', 3, '457001', '115.07446', '35.77736', 0, 0),
(1625, 1623, '清丰县', 3, '457300', '115.10415', '35.88507', 0, 0),
(1626, 1623, '南乐县', 3, '457400', '115.20639', '36.07686', 0, 0),
(1627, 1623, '范县', 3, '457500', '115.50405', '35.85178', 0, 0),
(1628, 1623, '台前县', 3, '457600', '115.87158', '35.96923', 0, 0),
(1629, 1623, '濮阳县', 3, '457100', '115.03057', '35.70745', 0, 0),
(1630, 1532, '许昌市', 2, '461000', '113.826063', '34.022956', 0, 0),
(1631, 1630, '魏都区', 3, '461000', '113.8227', '34.02544', 0, 0),
(1632, 1630, '许昌县', 3, '461100', '113.84707', '34.00406', 0, 0),
(1633, 1630, '鄢陵县', 3, '461200', '114.18795', '34.10317', 0, 0),
(1634, 1630, '襄城县', 3, '461700', '113.48196', '33.84928', 0, 0),
(1635, 1630, '禹州市', 3, '461670', '113.48803', '34.14054', 0, 0),
(1636, 1630, '长葛市', 3, '461500', '113.77328', '34.21846', 0, 0),
(1637, 1532, '漯河市', 2, '462000', '114.026405', '33.575855', 0, 0),
(1638, 1637, '源汇区', 3, '462000', '114.00647', '33.55627', 0, 0),
(1639, 1637, '郾城区', 3, '462300', '114.00694', '33.58723', 0, 0),
(1640, 1637, '召陵区', 3, '462300', '114.09399', '33.58601', 0, 0),
(1641, 1637, '舞阳县', 3, '462400', '113.59848', '33.43243', 0, 0),
(1642, 1637, '临颍县', 3, '462600', '113.93661', '33.81123', 0, 0),
(1643, 1532, '三门峡市', 2, '472000', '111.194099', '34.777338', 0, 0),
(1644, 1643, '湖滨区', 3, '472000', '111.20006', '34.77872', 0, 0),
(1645, 1643, '渑池县', 3, '472400', '111.76184', '34.76725', 0, 0),
(1646, 1643, '陕县', 3, '472100', '111.10333', '34.72052', 0, 0),
(1647, 1643, '卢氏县', 3, '472200', '111.04782', '34.05436', 0, 0),
(1648, 1643, '义马市', 3, '472300', '111.87445', '34.74721', 0, 0),
(1649, 1643, '灵宝市', 3, '472500', '110.8945', '34.51682', 0, 0),
(1650, 1532, '南阳市', 2, '473002', '112.540918', '32.999082', 0, 0),
(1651, 1650, '宛城区', 3, '473001', '112.53955', '33.00378', 0, 0),
(1652, 1650, '卧龙区', 3, '473003', '112.53479', '32.98615', 0, 0),
(1653, 1650, '南召县', 3, '474650', '112.43194', '33.49098', 0, 0),
(1654, 1650, '方城县', 3, '473200', '113.01269', '33.25453', 0, 0),
(1655, 1650, '西峡县', 3, '474550', '111.48187', '33.29772', 0, 0),
(1656, 1650, '镇平县', 3, '474250', '112.2398', '33.03629', 0, 0),
(1657, 1650, '内乡县', 3, '474350', '111.84957', '33.04671', 0, 0),
(1658, 1650, '淅川县', 3, '474450', '111.48663', '33.13708', 0, 0),
(1659, 1650, '社旗县', 3, '473300', '112.94656', '33.05503', 0, 0),
(1660, 1650, '唐河县', 3, '473400', '112.83609', '32.69453', 0, 0),
(1661, 1650, '新野县', 3, '473500', '112.36151', '32.51698', 0, 0),
(1662, 1650, '桐柏县', 3, '474750', '113.42886', '32.37917', 0, 0),
(1663, 1650, '邓州市', 3, '474150', '112.0896', '32.68577', 0, 0),
(1664, 1532, '商丘市', 2, '476000', '115.650497', '34.437054', 0, 0),
(1665, 1664, '梁园区', 3, '476000', '115.64487', '34.44341', 0, 0),
(1666, 1664, '睢阳区', 3, '476100', '115.65338', '34.38804', 0, 0),
(1667, 1664, '民权县', 3, '476800', '115.14621', '34.64931', 0, 0),
(1668, 1664, '睢县', 3, '476900', '115.07168', '34.44539', 0, 0),
(1669, 1664, '宁陵县', 3, '476700', '115.30511', '34.45463', 0, 0),
(1670, 1664, '柘城县', 3, '476200', '115.30538', '34.0911', 0, 0),
(1671, 1664, '虞城县', 3, '476300', '115.86337', '34.40189', 0, 0),
(1672, 1664, '夏邑县', 3, '476400', '116.13348', '34.23242', 0, 0),
(1673, 1664, '永城市', 3, '476600', '116.44943', '33.92911', 0, 0),
(1674, 1532, '信阳市', 2, '464000', '114.075031', '32.123274', 0, 0),
(1675, 1674, '浉河区', 3, '464000', '114.05871', '32.1168', 0, 0),
(1676, 1674, '平桥区', 3, '464100', '114.12435', '32.10095', 0, 0),
(1677, 1674, '罗山县', 3, '464200', '114.5314', '32.20277', 0, 0),
(1678, 1674, '光山县', 3, '465450', '114.91873', '32.00992', 0, 0),
(1679, 1674, '新县', 3, '465550', '114.87924', '31.64386', 0, 0),
(1680, 1674, '商城县', 3, '465350', '115.40856', '31.79986', 0, 0),
(1681, 1674, '固始县', 3, '465250', '115.68298', '32.18011', 0, 0),
(1682, 1674, '潢川县', 3, '465150', '115.04696', '32.13763', 0, 0),
(1683, 1674, '淮滨县', 3, '464400', '115.4205', '32.46614', 0, 0),
(1684, 1674, '息县', 3, '464300', '114.7402', '32.34279', 0, 0),
(1685, 1532, '周口市', 2, '466000', '114.649653', '33.620357', 0, 0),
(1686, 1685, '川汇区', 3, '466000', '114.64202', '33.6256', 0, 0),
(1687, 1685, '扶沟县', 3, '461300', '114.39477', '34.05999', 0, 0),
(1688, 1685, '西华县', 3, '466600', '114.52279', '33.78548', 0, 0),
(1689, 1685, '商水县', 3, '466100', '114.60604', '33.53912', 0, 0),
(1690, 1685, '沈丘县', 3, '466300', '115.09851', '33.40936', 0, 0),
(1691, 1685, '郸城县', 3, '477150', '115.17715', '33.64485', 0, 0),
(1692, 1685, '淮阳县', 3, '466700', '114.88848', '33.73211', 0, 0),
(1693, 1685, '太康县', 3, '461400', '114.83773', '34.06376', 0, 0),
(1694, 1685, '鹿邑县', 3, '477200', '115.48553', '33.85931', 0, 0),
(1695, 1685, '项城市', 3, '466200', '114.87558', '33.4672', 0, 0),
(1696, 1532, '驻马店市', 2, '463000', '114.024736', '32.980169', 0, 0),
(1697, 1696, '驿城区', 3, '463000', '113.99377', '32.97316', 0, 0),
(1698, 1696, '西平县', 3, '463900', '114.02322', '33.3845', 0, 0),
(1699, 1696, '上蔡县', 3, '463800', '114.26825', '33.26825', 0, 0),
(1700, 1696, '平舆县', 3, '463400', '114.63552', '32.95727', 0, 0),
(1701, 1696, '正阳县', 3, '463600', '114.38952', '32.6039', 0, 0),
(1702, 1696, '确山县', 3, '463200', '114.02917', '32.80281', 0, 0),
(1703, 1696, '泌阳县', 3, '463700', '113.32681', '32.71781', 0, 0),
(1704, 1696, '汝南县', 3, '463300', '114.36138', '33.00461', 0, 0),
(1705, 1696, '遂平县', 3, '463100', '114.01297', '33.14571', 0, 0),
(1706, 1696, '新蔡县', 3, '463500', '114.98199', '32.7502', 0, 0),
(1707, 1532, '直辖县级', 2, '', '113.665412', '34.757975', 0, 0),
(1708, 1707, '济源市', 3, '454650', '112.590047', '35.090378', 0, 0),
(1709, 0, '湖北省', 1, '', '114.298572', '30.584355', 0, 0),
(1710, 1709, '武汉市', 2, '430014', '114.298572', '30.584355', 0, 0),
(1711, 1710, '江岸区', 3, '430014', '114.30943', '30.59982', 0, 0),
(1712, 1710, '江汉区', 3, '430021', '114.27093', '30.60146', 0, 0),
(1713, 1710, '硚口区', 3, '430033', '114.26422', '30.56945', 0, 0),
(1714, 1710, '汉阳区', 3, '430050', '114.27478', '30.54915', 0, 0),
(1715, 1710, '武昌区', 3, '430061', '114.31589', '30.55389', 0, 0),
(1716, 1710, '青山区', 3, '430080', '114.39117', '30.63427', 0, 0),
(1717, 1710, '洪山区', 3, '430070', '114.34375', '30.49989', 0, 0),
(1718, 1710, '东西湖区', 3, '430040', '114.13708', '30.61989', 0, 0),
(1719, 1710, '汉南区', 3, '430090', '114.08462', '30.30879', 0, 0),
(1720, 1710, '蔡甸区', 3, '430100', '114.02929', '30.58197', 0, 0),
(1721, 1710, '江夏区', 3, '430200', '114.31301', '30.34653', 0, 0),
(1722, 1710, '黄陂区', 3, '432200', '114.37512', '30.88151', 0, 0),
(1723, 1710, '新洲区', 3, '431400', '114.80136', '30.84145', 0, 0),
(1724, 1709, '黄石市', 2, '435003', '115.077048', '30.220074', 0, 0),
(1725, 1724, '黄石港区', 3, '435000', '115.06604', '30.22279', 0, 0),
(1726, 1724, '西塞山区', 3, '435001', '115.11016', '30.20487', 0, 0),
(1727, 1724, '下陆区', 3, '435005', '114.96112', '30.17368', 0, 0),
(1728, 1724, '铁山区', 3, '435006', '114.90109', '30.20678', 0, 0),
(1729, 1724, '阳新县', 3, '435200', '115.21527', '29.83038', 0, 0),
(1730, 1724, '大冶市', 3, '435100', '114.97174', '30.09438', 0, 0),
(1731, 1709, '十堰市', 2, '442000', '110.785239', '32.647017', 0, 0),
(1732, 1731, '茅箭区', 3, '442012', '110.81341', '32.59153', 0, 0),
(1733, 1731, '张湾区', 3, '442001', '110.77067', '32.65195', 0, 0),
(1734, 1731, '郧阳区', 3, '442500', '110.81854', '32.83593', 0, 0),
(1735, 1731, '郧西县', 3, '442600', '110.42556', '32.99349', 0, 0),
(1736, 1731, '竹山县', 3, '442200', '110.23071', '32.22536', 0, 0),
(1737, 1731, '竹溪县', 3, '442300', '109.71798', '32.31901', 0, 0),
(1738, 1731, '房县', 3, '442100', '110.74386', '32.05794', 0, 0),
(1739, 1731, '丹江口市', 3, '442700', '111.51525', '32.54085', 0, 0),
(1740, 1709, '宜昌市', 2, '443000', '111.290843', '30.702636', 0, 0),
(1741, 1740, '西陵区', 3, '443000', '111.28573', '30.71077', 0, 0),
(1742, 1740, '伍家岗区', 3, '443001', '111.3609', '30.64434', 0, 0),
(1743, 1740, '点军区', 3, '443006', '111.26828', '30.6934', 0, 0),
(1744, 1740, '猇亭区', 3, '443007', '111.44079', '30.52663', 0, 0),
(1745, 1740, '夷陵区', 3, '443100', '111.3262', '30.76881', 0, 0),
(1746, 1740, '远安县', 3, '444200', '111.6416', '31.05989', 0, 0),
(1747, 1740, '兴山县', 3, '443711', '110.74951', '31.34686', 0, 0),
(1748, 1740, '秭归县', 3, '443600', '110.98156', '30.82702', 0, 0),
(1749, 1740, '长阳土家族自治县', 3, '443500', '111.20105', '30.47052', 0, 0),
(1750, 1740, '五峰土家族自治县', 3, '443413', '110.6748', '30.19856', 0, 0),
(1751, 1740, '宜都市', 3, '443300', '111.45025', '30.37807', 0, 0),
(1752, 1740, '当阳市', 3, '444100', '111.78912', '30.8208', 0, 0),
(1753, 1740, '枝江市', 3, '443200', '111.76855', '30.42612', 0, 0),
(1754, 1709, '襄阳市', 2, '441021', '112.144146', '32.042426', 0, 0),
(1755, 1754, '襄城区', 3, '441021', '112.13372', '32.01017', 0, 0),
(1756, 1754, '樊城区', 3, '441001', '112.13546', '32.04482', 0, 0),
(1757, 1754, '襄州区', 3, '441100', '112.150327', '32.015088', 0, 0),
(1758, 1754, '南漳县', 3, '441500', '111.84603', '31.77653', 0, 0),
(1759, 1754, '谷城县', 3, '441700', '111.65267', '32.26377', 0, 0),
(1760, 1754, '保康县', 3, '441600', '111.26138', '31.87874', 0, 0),
(1761, 1754, '老河口市', 3, '441800', '111.67117', '32.38476', 0, 0),
(1762, 1754, '枣阳市', 3, '441200', '112.77444', '32.13142', 0, 0),
(1763, 1754, '宜城市', 3, '441400', '112.25772', '31.71972', 0, 0),
(1764, 1709, '鄂州市', 2, '436000', '114.890593', '30.396536', 0, 0),
(1765, 1764, '梁子湖区', 3, '436064', '114.68463', '30.10003', 0, 0),
(1766, 1764, '华容区', 3, '436030', '114.73568', '30.53328', 0, 0),
(1767, 1764, '鄂城区', 3, '436000', '114.89158', '30.40024', 0, 0),
(1768, 1709, '荆门市', 2, '448000', '112.204251', '31.03542', 0, 0),
(1769, 1768, '东宝区', 3, '448004', '112.20147', '31.05192', 0, 0),
(1770, 1768, '掇刀区', 3, '448124', '112.208', '30.97316', 0, 0),
(1771, 1768, '京山县', 3, '431800', '113.11074', '31.0224', 0, 0),
(1772, 1768, '沙洋县', 3, '448200', '112.58853', '30.70916', 0, 0),
(1773, 1768, '钟祥市', 3, '431900', '112.58932', '31.1678', 0, 0),
(1774, 1709, '孝感市', 2, '432100', '113.926655', '30.926423', 0, 0),
(1775, 1774, '孝南区', 3, '432100', '113.91111', '30.9168', 0, 0),
(1776, 1774, '孝昌县', 3, '432900', '113.99795', '31.25799', 0, 0),
(1777, 1774, '大悟县', 3, '432800', '114.12564', '31.56176', 0, 0),
(1778, 1774, '云梦县', 3, '432500', '113.75289', '31.02093', 0, 0),
(1779, 1774, '应城市', 3, '432400', '113.57287', '30.92834', 0, 0),
(1780, 1774, '安陆市', 3, '432600', '113.68557', '31.25693', 0, 0),
(1781, 1774, '汉川市', 3, '432300', '113.83898', '30.66117', 0, 0),
(1782, 1709, '荆州市', 2, '434000', '112.23813', '30.326857', 0, 0),
(1783, 1782, '沙市区', 3, '434000', '112.25543', '30.31107', 0, 0),
(1784, 1782, '荆州区', 3, '434020', '112.19006', '30.35264', 0, 0),
(1785, 1782, '公安县', 3, '434300', '112.23242', '30.05902', 0, 0),
(1786, 1782, '监利县', 3, '433300', '112.89462', '29.81494', 0, 0),
(1787, 1782, '江陵县', 3, '434101', '112.42468', '30.04174', 0, 0),
(1788, 1782, '石首市', 3, '434400', '112.42636', '29.72127', 0, 0),
(1789, 1782, '洪湖市', 3, '433200', '113.47598', '29.827', 0, 0),
(1790, 1782, '松滋市', 3, '434200', '111.76739', '30.16965', 0, 0),
(1791, 1709, '黄冈市', 2, '438000', '114.879365', '30.447711', 0, 0),
(1792, 1791, '黄州区', 3, '438000', '114.88008', '30.43436', 0, 0),
(1793, 1791, '团风县', 3, '438800', '114.87228', '30.64359', 0, 0),
(1794, 1791, '红安县', 3, '438401', '114.6224', '31.28668', 0, 0),
(1795, 1791, '罗田县', 3, '438600', '115.39971', '30.78255', 0, 0),
(1796, 1791, '英山县', 3, '438700', '115.68142', '30.73516', 0, 0),
(1797, 1791, '浠水县', 3, '438200', '115.26913', '30.45265', 0, 0),
(1798, 1791, '蕲春县', 3, '435300', '115.43615', '30.22613', 0, 0),
(1799, 1791, '黄梅县', 3, '435500', '115.94427', '30.07033', 0, 0),
(1800, 1791, '麻城市', 3, '438300', '115.00988', '31.17228', 0, 0),
(1801, 1791, '武穴市', 3, '435400', '115.55975', '29.84446', 0, 0),
(1802, 1709, '咸宁市', 2, '437000', '114.328963', '29.832798', 0, 0),
(1803, 1802, '咸安区', 3, '437000', '114.29872', '29.8529', 0, 0),
(1804, 1802, '嘉鱼县', 3, '437200', '113.93927', '29.97054', 0, 0),
(1805, 1802, '通城县', 3, '437400', '113.81582', '29.24568', 0, 0),
(1806, 1802, '崇阳县', 3, '437500', '114.03982', '29.55564', 0, 0),
(1807, 1802, '通山县', 3, '437600', '114.48239', '29.6063', 0, 0),
(1808, 1802, '赤壁市', 3, '437300', '113.90039', '29.72454', 0, 0),
(1809, 1709, '随州市', 2, '441300', '113.37377', '31.717497', 0, 0),
(1810, 1809, '曾都区', 3, '441300', '113.37128', '31.71614', 0, 0),
(1811, 1809, '随县', 3, '441309', '113.82663', '31.6179', 0, 0),
(1812, 1809, '广水市', 3, '432700', '113.82663', '31.6179', 0, 0),
(1813, 1709, '恩施土家族苗族自治州', 2, '445000', '109.48699', '30.283114', 0, 0),
(1814, 1813, '恩施市', 3, '445000', '109.47942', '30.29502', 0, 0),
(1815, 1813, '利川市', 3, '445400', '108.93591', '30.29117', 0, 0),
(1816, 1813, '建始县', 3, '445300', '109.72207', '30.60209', 0, 0),
(1817, 1813, '巴东县', 3, '444300', '110.34066', '31.04233', 0, 0),
(1818, 1813, '宣恩县', 3, '445500', '109.49179', '29.98714', 0, 0),
(1819, 1813, '咸丰县', 3, '445600', '109.152', '29.67983', 0, 0),
(1820, 1813, '来凤县', 3, '445700', '109.40716', '29.49373', 0, 0),
(1821, 1813, '鹤峰县', 3, '445800', '110.03091', '29.89072', 0, 0),
(1822, 1709, '直辖县级', 2, '', '114.298572', '30.584355', 0, 0),
(1823, 1822, '仙桃市', 3, '433000', '113.453974', '30.364953', 0, 0),
(1824, 1822, '潜江市', 3, '433100', '112.896866', '30.421215', 0, 0),
(1825, 1822, '天门市', 3, '431700', '113.165862', '30.653061', 0, 0),
(1826, 1822, '神农架林区', 3, '442400', '110.671525', '31.744449', 0, 0),
(1827, 0, '湖南省', 1, '', '112.982279', '28.19409', 0, 0),
(1828, 1827, '长沙市', 2, '410005', '112.982279', '28.19409', 0, 0),
(1829, 1828, '芙蓉区', 3, '410011', '113.03176', '28.1844', 0, 0),
(1830, 1828, '天心区', 3, '410004', '112.98991', '28.1127', 0, 0),
(1831, 1828, '岳麓区', 3, '410013', '112.93133', '28.2351', 0, 0),
(1832, 1828, '开福区', 3, '410008', '112.98623', '28.25585', 0, 0),
(1833, 1828, '雨花区', 3, '410011', '113.03567', '28.13541', 0, 0),
(1834, 1828, '望城区', 3, '410200', '112.819549', '28.347458', 0, 0),
(1835, 1828, '长沙县', 3, '410100', '113.08071', '28.24595', 0, 0),
(1836, 1828, '宁乡县', 3, '410600', '112.55749', '28.25358', 0, 0),
(1837, 1828, '浏阳市', 3, '410300', '113.64312', '28.16375', 0, 0),
(1838, 1827, '株洲市', 2, '412000', '113.151737', '27.835806', 0, 0),
(1839, 1838, '荷塘区', 3, '412000', '113.17315', '27.85569', 0, 0),
(1840, 1838, '芦淞区', 3, '412000', '113.15562', '27.78525', 0, 0),
(1841, 1838, '石峰区', 3, '412005', '113.11776', '27.87552', 0, 0),
(1842, 1838, '天元区', 3, '412007', '113.12335', '27.83103', 0, 0),
(1843, 1838, '株洲县', 3, '412100', '113.14428', '27.69826', 0, 0),
(1844, 1838, '攸县', 3, '412300', '113.34365', '27.00352', 0, 0),
(1845, 1838, '茶陵县', 3, '412400', '113.54364', '26.7915', 0, 0),
(1846, 1838, '炎陵县', 3, '412500', '113.77163', '26.48818', 0, 0),
(1847, 1838, '醴陵市', 3, '412200', '113.49704', '27.64615', 0, 0),
(1848, 1827, '湘潭市', 2, '411100', '112.925083', '27.846725', 0, 0),
(1849, 1848, '雨湖区', 3, '411100', '112.90399', '27.86859', 0, 0),
(1850, 1848, '岳塘区', 3, '411101', '112.9606', '27.85784', 0, 0),
(1851, 1848, '湘潭县', 3, '411228', '112.9508', '27.77893', 0, 0),
(1852, 1848, '湘乡市', 3, '411400', '112.53512', '27.73543', 0, 0),
(1853, 1848, '韶山市', 3, '411300', '112.52655', '27.91503', 0, 0),
(1854, 1827, '衡阳市', 2, '421001', '112.607693', '26.900358', 0, 0),
(1855, 1854, '珠晖区', 3, '421002', '112.62054', '26.89361', 0, 0),
(1856, 1854, '雁峰区', 3, '421001', '112.61654', '26.88866', 0, 0),
(1857, 1854, '石鼓区', 3, '421005', '112.61069', '26.90232', 0, 0),
(1858, 1854, '蒸湘区', 3, '421001', '112.6033', '26.89651', 0, 0),
(1859, 1854, '南岳区', 3, '421900', '112.7384', '27.23262', 0, 0),
(1860, 1854, '衡阳县', 3, '421200', '112.37088', '26.9706', 0, 0),
(1861, 1854, '衡南县', 3, '421131', '112.67788', '26.73828', 0, 0),
(1862, 1854, '衡山县', 3, '421300', '112.86776', '27.23134', 0, 0),
(1863, 1854, '衡东县', 3, '421400', '112.94833', '27.08093', 0, 0),
(1864, 1854, '祁东县', 3, '421600', '112.09039', '26.79964', 0, 0),
(1865, 1854, '耒阳市', 3, '421800', '112.85998', '26.42132', 0, 0),
(1866, 1854, '常宁市', 3, '421500', '112.4009', '26.40692', 0, 0),
(1867, 1827, '邵阳市', 2, '422000', '111.46923', '27.237842', 0, 0),
(1868, 1867, '双清区', 3, '422001', '111.49715', '27.23291', 0, 0),
(1869, 1867, '大祥区', 3, '422000', '111.45412', '27.23332', 0, 0),
(1870, 1867, '北塔区', 3, '422007', '111.45219', '27.24648', 0, 0),
(1871, 1867, '邵东县', 3, '422800', '111.74441', '27.2584', 0, 0),
(1872, 1867, '新邵县', 3, '422900', '111.46066', '27.32169', 0, 0),
(1873, 1867, '邵阳县', 3, '422100', '111.27459', '26.99143', 0, 0),
(1874, 1867, '隆回县', 3, '422200', '111.03216', '27.10937', 0, 0),
(1875, 1867, '洞口县', 3, '422300', '110.57388', '27.05462', 0, 0),
(1876, 1867, '绥宁县', 3, '422600', '110.15576', '26.58636', 0, 0),
(1877, 1867, '新宁县', 3, '422700', '110.85131', '26.42936', 0, 0),
(1878, 1867, '城步苗族自治县', 3, '422500', '110.3222', '26.39048', 0, 0),
(1879, 1867, '武冈市', 3, '422400', '110.63281', '26.72817', 0, 0),
(1880, 1827, '岳阳市', 2, '414000', '113.132855', '29.37029', 0, 0),
(1881, 1880, '岳阳楼区', 3, '414000', '113.12942', '29.3719', 0, 0),
(1882, 1880, '云溪区', 3, '414009', '113.27713', '29.47357', 0, 0),
(1883, 1880, '君山区', 3, '414005', '113.00439', '29.45941', 0, 0),
(1884, 1880, '岳阳县', 3, '414100', '113.11987', '29.14314', 0, 0),
(1885, 1880, '华容县', 3, '414200', '112.54089', '29.53019', 0, 0),
(1886, 1880, '湘阴县', 3, '414600', '112.90911', '28.68922', 0, 0),
(1887, 1880, '平江县', 3, '414500', '113.58105', '28.70664', 0, 0),
(1888, 1880, '汨罗市', 3, '414400', '113.06707', '28.80631', 0, 0),
(1889, 1880, '临湘市', 3, '414300', '113.4501', '29.47701', 0, 0),
(1890, 1827, '常德市', 2, '415000', '111.691347', '29.040225', 0, 0),
(1891, 1890, '武陵区', 3, '415000', '111.69791', '29.02876', 0, 0),
(1892, 1890, '鼎城区', 3, '415101', '111.68078', '29.01859', 0, 0),
(1893, 1890, '安乡县', 3, '415600', '112.16732', '29.41326', 0, 0),
(1894, 1890, '汉寿县', 3, '415900', '111.96691', '28.90299', 0, 0),
(1895, 1890, '澧县', 3, '415500', '111.75866', '29.63317', 0, 0),
(1896, 1890, '临澧县', 3, '415200', '111.65161', '29.44163', 0, 0),
(1897, 1890, '桃源县', 3, '415700', '111.48892', '28.90474', 0, 0),
(1898, 1890, '石门县', 3, '415300', '111.37966', '29.58424', 0, 0),
(1899, 1890, '津市市', 3, '415400', '111.87756', '29.60563', 0, 0),
(1900, 1827, '张家界市', 2, '427000', '110.479921', '29.127401', 0, 0),
(1901, 1900, '永定区', 3, '427000', '110.47464', '29.13387', 0, 0),
(1902, 1900, '武陵源区', 3, '427400', '110.55026', '29.34574', 0, 0),
(1903, 1900, '慈利县', 3, '427200', '111.13946', '29.42989', 0, 0),
(1904, 1900, '桑植县', 3, '427100', '110.16308', '29.39815', 0, 0),
(1905, 1827, '益阳市', 2, '413000', '112.355042', '28.570066', 0, 0),
(1906, 1905, '资阳区', 3, '413001', '112.32447', '28.59095', 0, 0),
(1907, 1905, '赫山区', 3, '413002', '112.37265', '28.57425', 0, 0),
(1908, 1905, '南县', 3, '413200', '112.3963', '29.36159', 0, 0),
(1909, 1905, '桃江县', 3, '413400', '112.1557', '28.51814', 0, 0),
(1910, 1905, '安化县', 3, '413500', '111.21298', '28.37424', 0, 0),
(1911, 1905, '沅江市', 3, '413100', '112.35427', '28.84403', 0, 0),
(1912, 1827, '郴州市', 2, '423000', '113.032067', '25.793589', 0, 0),
(1913, 1912, '北湖区', 3, '423000', '113.01103', '25.78405', 0, 0),
(1914, 1912, '苏仙区', 3, '423000', '113.04226', '25.80045', 0, 0),
(1915, 1912, '桂阳县', 3, '424400', '112.73364', '25.75406', 0, 0),
(1916, 1912, '宜章县', 3, '424200', '112.95147', '25.39931', 0, 0),
(1917, 1912, '永兴县', 3, '423300', '113.11242', '26.12646', 0, 0),
(1918, 1912, '嘉禾县', 3, '424500', '112.36935', '25.58795', 0, 0),
(1919, 1912, '临武县', 3, '424300', '112.56369', '25.27602', 0, 0),
(1920, 1912, '汝城县', 3, '424100', '113.68582', '25.55204', 0, 0),
(1921, 1912, '桂东县', 3, '423500', '113.9468', '26.07987', 0, 0),
(1922, 1912, '安仁县', 3, '423600', '113.26944', '26.70931', 0, 0),
(1923, 1912, '资兴市', 3, '423400', '113.23724', '25.97668', 0, 0),
(1924, 1827, '永州市', 2, '425000', '111.608019', '26.434516', 0, 0),
(1925, 1924, '零陵区', 3, '425100', '111.62103', '26.22109', 0, 0),
(1926, 1924, '冷水滩区', 3, '425100', '111.59214', '26.46107', 0, 0),
(1927, 1924, '祁阳县', 3, '426100', '111.84011', '26.58009', 0, 0),
(1928, 1924, '东安县', 3, '425900', '111.3164', '26.39202', 0, 0),
(1929, 1924, '双牌县', 3, '425200', '111.65927', '25.95988', 0, 0),
(1930, 1924, '道县', 3, '425300', '111.60195', '25.52766', 0, 0),
(1931, 1924, '江永县', 3, '425400', '111.34082', '25.27233', 0, 0),
(1932, 1924, '宁远县', 3, '425600', '111.94625', '25.56913', 0, 0),
(1933, 1924, '蓝山县', 3, '425800', '112.19363', '25.36794', 0, 0),
(1934, 1924, '新田县', 3, '425700', '112.22103', '25.9095', 0, 0),
(1935, 1924, '江华瑶族自治县', 3, '425500', '111.58847', '25.1845', 0, 0),
(1936, 1827, '怀化市', 2, '418000', '109.97824', '27.550082', 0, 0),
(1937, 1936, '鹤城区', 3, '418000', '109.96509', '27.54942', 0, 0),
(1938, 1936, '中方县', 3, '418005', '109.94497', '27.43988', 0, 0),
(1939, 1936, '沅陵县', 3, '419600', '110.39633', '28.45548', 0, 0),
(1940, 1936, '辰溪县', 3, '419500', '110.18942', '28.00406', 0, 0),
(1941, 1936, '溆浦县', 3, '419300', '110.59384', '27.90836', 0, 0),
(1942, 1936, '会同县', 3, '418300', '109.73568', '26.88716', 0, 0),
(1943, 1936, '麻阳苗族自治县', 3, '419400', '109.80194', '27.866', 0, 0),
(1944, 1936, '新晃侗族自治县', 3, '419200', '109.17166', '27.35937', 0, 0),
(1945, 1936, '芷江侗族自治县', 3, '419100', '109.6849', '27.44297', 0, 0),
(1946, 1936, '靖州苗族侗族自治县', 3, '418400', '109.69821', '26.57651', 0, 0),
(1947, 1936, '通道侗族自治县', 3, '418500', '109.78515', '26.1571', 0, 0),
(1948, 1936, '洪江市', 3, '418100', '109.83651', '27.20922', 0, 0),
(1949, 1827, '娄底市', 2, '417000', '112.008497', '27.728136', 0, 0),
(1950, 1949, '娄星区', 3, '417000', '112.00193', '27.72992', 0, 0),
(1951, 1949, '双峰县', 3, '417700', '112.19921', '27.45418', 0, 0),
(1952, 1949, '新化县', 3, '417600', '111.32739', '27.7266', 0, 0),
(1953, 1949, '冷水江市', 3, '417500', '111.43554', '27.68147', 0, 0),
(1954, 1949, '涟源市', 3, '417100', '111.67233', '27.68831', 0, 0),
(1955, 1827, '湘西土家族苗族自治州', 2, '416000', '109.739735', '28.314296', 0, 0),
(1956, 1955, '吉首市', 3, '416000', '109.69799', '28.26247', 0, 0),
(1957, 1955, '泸溪县', 3, '416100', '110.21682', '28.2205', 0, 0),
(1958, 1955, '凤凰县', 3, '416200', '109.60156', '27.94822', 0, 0),
(1959, 1955, '花垣县', 3, '416400', '109.48217', '28.5721', 0, 0),
(1960, 1955, '保靖县', 3, '416500', '109.66049', '28.69997', 0, 0),
(1961, 1955, '古丈县', 3, '416300', '109.94812', '28.61944', 0, 0),
(1962, 1955, '永顺县', 3, '416700', '109.85266', '29.00103', 0, 0),
(1963, 1955, '龙山县', 3, '416800', '109.4432', '29.45693', 0, 0),
(1964, 0, '广东省', 1, '', '113.280637', '23.125178', 0, 0),
(1965, 1964, '广州市', 2, '510032', '113.280637', '23.125178', 0, 0),
(1966, 1965, '荔湾区', 3, '510170', '113.2442', '23.12592', 0, 0),
(1967, 1965, '越秀区', 3, '510030', '113.26683', '23.12897', 0, 0),
(1968, 1965, '海珠区', 3, '510300', '113.26197', '23.10379', 0, 0),
(1969, 1965, '天河区', 3, '510665', '113.36112', '23.12467', 0, 0),
(1970, 1965, '白云区', 3, '510405', '113.27307', '23.15787', 0, 0),
(1971, 1965, '黄埔区', 3, '510700', '113.45895', '23.10642', 0, 0),
(1972, 1965, '番禺区', 3, '511400', '113.38397', '22.93599', 0, 0),
(1973, 1965, '花都区', 3, '510800', '113.22033', '23.40358', 0, 0),
(1974, 1965, '南沙区', 3, '511458', '113.60845', '22.77144', 0, 0),
(1975, 1965, '从化区', 3, '510900', '113.587386', '23.545283', 0, 0),
(1976, 1965, '增城区', 3, '511300', '113.829579', '23.290497', 0, 0),
(1977, 1964, '韶关市', 2, '512002', '113.591544', '24.801322', 0, 0),
(1978, 1977, '武江区', 3, '512026', '113.58767', '24.79264', 0, 0),
(1979, 1977, '浈江区', 3, '512023', '113.61109', '24.80438', 0, 0),
(1980, 1977, '曲江区', 3, '512101', '113.60165', '24.67915', 0, 0),
(1981, 1977, '始兴县', 3, '512500', '114.06799', '24.94759', 0, 0),
(1982, 1977, '仁化县', 3, '512300', '113.74737', '25.08742', 0, 0),
(1983, 1977, '翁源县', 3, '512600', '114.13385', '24.3495', 0, 0),
(1984, 1977, '乳源瑶族自治县', 3, '512700', '113.27734', '24.77803', 0, 0),
(1985, 1977, '新丰县', 3, '511100', '114.20788', '24.05924', 0, 0),
(1986, 1977, '乐昌市', 3, '512200', '113.35653', '25.12799', 0, 0),
(1987, 1977, '南雄市', 3, '512400', '114.30966', '25.11706', 0, 0),
(1988, 1964, '深圳市', 2, '518035', '114.085947', '22.547', 0, 0),
(1989, 1988, '罗湖区', 3, '518021', '114.13116', '22.54836', 0, 0),
(1990, 1988, '福田区', 3, '518048', '114.05571', '22.52245', 0, 0),
(1991, 1988, '南山区', 3, '518051', '113.93029', '22.53291', 0, 0),
(1992, 1988, '宝安区', 3, '518101', '113.88311', '22.55371', 0, 0),
(1993, 1988, '龙岗区', 3, '518172', '114.24771', '22.71986', 0, 0),
(1994, 1988, '盐田区', 3, '518081', '114.23733', '22.5578', 0, 0),
(1995, 1988, '光明新区', 3, '518100', '113.896026', '22.777292', 0, 0),
(1996, 1988, '坪山新区', 3, '518000', '114.34637', '22.690529', 0, 0),
(1997, 1988, '大鹏新区', 3, '518000', '114.479901', '22.587862', 0, 0),
(1998, 1988, '龙华新区', 3, '518100', '114.036585', '22.68695', 0, 0),
(1999, 1964, '珠海市', 2, '519000', '113.552724', '22.255899', 0, 0),
(2000, 1999, '香洲区', 3, '519000', '113.5435', '22.26654', 0, 0),
(2001, 1999, '斗门区', 3, '519110', '113.29644', '22.20898', 0, 0),
(2002, 1999, '金湾区', 3, '519040', '113.36361', '22.14691', 0, 0),
(2003, 1964, '汕头市', 2, '515041', '116.708463', '23.37102', 0, 0),
(2004, 2003, '龙湖区', 3, '515041', '116.71641', '23.37166', 0, 0),
(2005, 2003, '金平区', 3, '515041', '116.70364', '23.36637', 0, 0),
(2006, 2003, '濠江区', 3, '515071', '116.72659', '23.28588', 0, 0),
(2007, 2003, '潮阳区', 3, '515100', '116.6015', '23.26485', 0, 0),
(2008, 2003, '潮南区', 3, '515144', '116.43188', '23.25', 0, 0),
(2009, 2003, '澄海区', 3, '515800', '116.75589', '23.46728', 0, 0),
(2010, 2003, '南澳县', 3, '515900', '117.01889', '23.4223', 0, 0),
(2011, 1964, '佛山市', 2, '528000', '113.122717', '23.028762', 0, 0),
(2012, 2011, '禅城区', 3, '528000', '113.1228', '23.00842', 0, 0),
(2013, 2011, '南海区', 3, '528251', '113.14299', '23.02877', 0, 0),
(2014, 2011, '顺德区', 3, '528300', '113.29394', '22.80452', 0, 0),
(2015, 2011, '三水区', 3, '528133', '112.89703', '23.15564', 0, 0),
(2016, 2011, '高明区', 3, '528500', '112.89254', '22.90022', 0, 0),
(2017, 1964, '江门市', 2, '529000', '113.094942', '22.590431', 0, 0),
(2018, 2017, '蓬江区', 3, '529000', '113.07849', '22.59515', 0, 0),
(2019, 2017, '江海区', 3, '529040', '113.11099', '22.56024', 0, 0),
(2020, 2017, '新会区', 3, '529100', '113.03225', '22.45876', 0, 0),
(2021, 2017, '台山市', 3, '529200', '112.79382', '22.2515', 0, 0),
(2022, 2017, '开平市', 3, '529337', '112.69842', '22.37622', 0, 0),
(2023, 2017, '鹤山市', 3, '529700', '112.96429', '22.76523', 0, 0),
(2024, 2017, '恩平市', 3, '529400', '112.30496', '22.18288', 0, 0),
(2025, 1964, '湛江市', 2, '524047', '110.405529', '21.195338', 0, 0),
(2026, 2025, '赤坎区', 3, '524033', '110.36592', '21.26606', 0, 0),
(2027, 2025, '霞山区', 3, '524011', '110.39822', '21.19181', 0, 0),
(2028, 2025, '坡头区', 3, '524057', '110.45533', '21.24472', 0, 0),
(2029, 2025, '麻章区', 3, '524094', '110.3342', '21.26333', 0, 0),
(2030, 2025, '遂溪县', 3, '524300', '110.25003', '21.37721', 0, 0),
(2031, 2025, '徐闻县', 3, '524100', '110.17379', '20.32812', 0, 0),
(2032, 2025, '廉江市', 3, '524400', '110.28442', '21.60917', 0, 0),
(2033, 2025, '雷州市', 3, '524200', '110.10092', '20.91428', 0, 0),
(2034, 2025, '吴川市', 3, '524500', '110.77703', '21.44584', 0, 0),
(2035, 1964, '茂名市', 2, '525000', '110.919229', '21.659751', 0, 0),
(2036, 2035, '茂南区', 3, '525000', '110.9187', '21.64103', 0, 0),
(2037, 2035, '电白区', 3, '525400', '111.007264', '21.507219', 0, 0),
(2038, 2035, '高州市', 3, '525200', '110.85519', '21.92057', 0, 0),
(2039, 2035, '化州市', 3, '525100', '110.63949', '21.66394', 0, 0),
(2040, 2035, '信宜市', 3, '525300', '110.94647', '22.35351', 0, 0),
(2041, 1964, '肇庆市', 2, '526040', '112.472529', '23.051546', 0, 0),
(2042, 2041, '端州区', 3, '526060', '112.48495', '23.0519', 0, 0),
(2043, 2041, '鼎湖区', 3, '526070', '112.56643', '23.15846', 0, 0),
(2044, 2041, '广宁县', 3, '526300', '112.44064', '23.6346', 0, 0),
(2045, 2041, '怀集县', 3, '526400', '112.18396', '23.90918', 0, 0),
(2046, 2041, '封开县', 3, '526500', '111.50332', '23.43571', 0, 0),
(2047, 2041, '德庆县', 3, '526600', '111.78555', '23.14371', 0, 0),
(2048, 2041, '高要市', 3, '526100', '112.45834', '23.02577', 0, 0),
(2049, 2041, '四会市', 3, '526200', '112.73416', '23.32686', 0, 0),
(2050, 1964, '惠州市', 2, '516000', '114.412599', '23.079404', 0, 0),
(2051, 2050, '惠城区', 3, '516008', '114.3828', '23.08377', 0, 0),
(2052, 2050, '惠阳区', 3, '516211', '114.45639', '22.78845', 0, 0),
(2053, 2050, '博罗县', 3, '516100', '114.28964', '23.17307', 0, 0),
(2054, 2050, '惠东县', 3, '516300', '114.72009', '22.98484', 0, 0),
(2055, 2050, '龙门县', 3, '516800', '114.25479', '23.72758', 0, 0),
(2056, 1964, '梅州市', 2, '514021', '116.117582', '24.299112', 0, 0),
(2057, 2056, '梅江区', 3, '514000', '116.11663', '24.31062', 0, 0),
(2058, 2056, '梅县区', 3, '514787', '116.097753', '24.286739', 0, 0),
(2059, 2056, '大埔县', 3, '514200', '116.69662', '24.35325', 0, 0),
(2060, 2056, '丰顺县', 3, '514300', '116.18219', '23.74094', 0, 0),
(2061, 2056, '五华县', 3, '514400', '115.77893', '23.92417', 0, 0),
(2062, 2056, '平远县', 3, '514600', '115.89556', '24.57116', 0, 0),
(2063, 2056, '蕉岭县', 3, '514100', '116.17089', '24.65732', 0, 0),
(2064, 2056, '兴宁市', 3, '514500', '115.73141', '24.14001', 0, 0),
(2065, 1964, '汕尾市', 2, '516600', '115.364238', '22.774485', 0, 0),
(2066, 2065, '城区', 3, '516600', '115.36503', '22.7789', 0, 0),
(2067, 2065, '海丰县', 3, '516400', '115.32336', '22.96653', 0, 0),
(2068, 2065, '陆河县', 3, '516700', '115.65597', '23.30365', 0, 0),
(2069, 2065, '陆丰市', 3, '516500', '115.64813', '22.94335', 0, 0),
(2070, 1964, '河源市', 2, '517000', '114.697802', '23.746266', 0, 0),
(2071, 2070, '源城区', 3, '517000', '114.70242', '23.7341', 0, 0),
(2072, 2070, '紫金县', 3, '517400', '115.18365', '23.63867', 0, 0),
(2073, 2070, '龙川县', 3, '517300', '115.26025', '24.10142', 0, 0),
(2074, 2070, '连平县', 3, '517100', '114.49026', '24.37156', 0, 0),
(2075, 2070, '和平县', 3, '517200', '114.93841', '24.44319', 0, 0),
(2076, 2070, '东源县', 3, '517583', '114.74633', '23.78835', 0, 0),
(2077, 1964, '阳江市', 2, '529500', '111.975107', '21.859222', 0, 0),
(2078, 2077, '江城区', 3, '529500', '111.95488', '21.86193', 0, 0),
(2079, 2077, '阳东区', 3, '529900', '112.01467', '21.87398', 0, 0),
(2080, 2077, '阳西县', 3, '529800', '111.61785', '21.75234', 0, 0),
(2081, 2077, '阳春市', 3, '529600', '111.78854', '22.17232', 0, 0),
(2082, 1964, '清远市', 2, '511500', '113.036779', '23.704188', 0, 0),
(2083, 2082, '清城区', 3, '511515', '113.06265', '23.69784', 0, 0),
(2084, 2082, '清新区', 3, '511810', '113.015203', '23.736949', 0, 0),
(2085, 2082, '佛冈县', 3, '511600', '113.53286', '23.87231', 0, 0),
(2086, 2082, '阳山县', 3, '513100', '112.64129', '24.46516', 0, 0),
(2087, 2082, '连山壮族瑶族自治县', 3, '513200', '112.0802', '24.56807', 0, 0),
(2088, 2082, '连南瑶族自治县', 3, '513300', '112.28842', '24.71726', 0, 0),
(2089, 2082, '英德市', 3, '513000', '113.415', '24.18571', 0, 0),
(2090, 2082, '连州市', 3, '513400', '112.38153', '24.77913', 0, 0),
(2091, 1964, '东莞市', 2, '523888', '113.760234', '23.048884', 0, 0),
(2092, 2091, '莞城区', 3, '523128', '113.751043', '23.053412', 0, 0),
(2093, 2091, '南城区', 3, '523617', '113.752125', '23.02018', 0, 0),
(2094, 2091, '万江区', 3, '523039', '113.739053', '23.043842', 0, 0),
(2095, 2091, '石碣镇', 3, '523290', '113.80217', '23.09899', 0, 0),
(2096, 2091, '石龙镇', 3, '523326', '113.876381', '23.107444', 0, 0),
(2097, 2091, '茶山镇', 3, '523380', '113.883526', '23.062375', 0, 0),
(2098, 2091, '石排镇', 3, '523346', '113.919859', '23.0863', 0, 0),
(2099, 2091, '企石镇', 3, '523507', '114.013233', '23.066044', 0, 0),
(2100, 2091, '横沥镇', 3, '523471', '113.957436', '23.025732', 0, 0),
(2101, 2091, '桥头镇', 3, '523520', '114.01385', '22.939727', 0, 0),
(2102, 2091, '谢岗镇', 3, '523592', '114.141396', '22.959664', 0, 0),
(2103, 2091, '东坑镇', 3, '523451', '113.939835', '22.992804', 0, 0),
(2104, 2091, '常平镇', 3, '523560', '114.029627', '23.016116', 0, 0),
(2105, 2091, '寮步镇', 3, '523411', '113.884745', '22.991738', 0, 0),
(2106, 2091, '大朗镇', 3, '523770', '113.9271', '22.965748', 0, 0),
(2107, 2091, '麻涌镇', 3, '523143', '113.546177', '23.045315', 0, 0),
(2108, 2091, '中堂镇', 3, '523233', '113.654422', '23.090164', 0, 0),
(2109, 2091, '高埗镇', 3, '523282', '113.735917', '23.068415', 0, 0),
(2110, 2091, '樟木头镇', 3, '523619', '114.066298', '22.956682', 0, 0),
(2111, 2091, '大岭山镇', 3, '523835', '113.782955', '22.885366', 0, 0),
(2112, 2091, '望牛墩镇', 3, '523203', '113.658847', '23.055018', 0, 0),
(2113, 2091, '黄江镇', 3, '523755', '113.992635', '22.877536', 0, 0),
(2114, 2091, '洪梅镇', 3, '523163', '113.613081', '22.992675', 0, 0),
(2115, 2091, '清溪镇', 3, '523660', '114.155796', '22.844456', 0, 0),
(2116, 2091, '沙田镇', 3, '523988', '113.760234', '23.048884', 0, 0),
(2117, 2091, '道滘镇', 3, '523171', '113.760234', '23.048884', 0, 0),
(2118, 2091, '塘厦镇', 3, '523713', '114.10765', '22.822862', 0, 0),
(2119, 2091, '虎门镇', 3, '523932', '113.71118', '22.82615', 0, 0),
(2120, 2091, '厚街镇', 3, '523960', '113.67301', '22.940815', 0, 0),
(2121, 2091, '凤岗镇', 3, '523690', '114.141194', '22.744598', 0, 0),
(2122, 2091, '长安镇', 3, '523850', '113.803939', '22.816644', 0, 0),
(2123, 1964, '中山市', 2, '528403', '113.382391', '22.521113', 0, 0),
(2124, 2123, '石岐区', 3, '528400', '113.378835', '22.52522', 0, 0),
(2125, 2123, '南区', 3, '528400', '113.355896', '22.486568', 0, 0),
(2126, 2123, '五桂山区', 3, '528458', '113.41079', '22.51968', 0, 0),
(2127, 2123, '火炬开发区', 3, '528437', '113.480523', '22.566082', 0, 0),
(2128, 2123, '黄圃镇', 3, '528429', '113.342359', '22.715116', 0, 0),
(2129, 2123, '南头镇', 3, '528421', '113.296358', '22.713907', 0, 0),
(2130, 2123, '东凤镇', 3, '528425', '113.26114', '22.68775', 0, 0),
(2131, 2123, '阜沙镇', 3, '528434', '113.353024', '22.666364', 0, 0),
(2132, 2123, '小榄镇', 3, '528415', '113.244235', '22.666951', 0, 0),
(2133, 2123, '东升镇', 3, '528400', '113.296298', '22.614003', 0, 0),
(2134, 2123, '古镇镇', 3, '528422', '113.179745', '22.611019', 0, 0),
(2135, 2123, '横栏镇', 3, '528478', '113.265845', '22.523202', 0, 0),
(2136, 2123, '三角镇', 3, '528422', '113.423624', '22.677033', 0, 0),
(2137, 2123, '民众镇', 3, '528441', '113.486025', '22.623468', 0, 0),
(2138, 2123, '南朗镇', 3, '528454', '113.533939', '22.492378', 0, 0),
(2139, 2123, '港口镇', 3, '528447', '113.382391', '22.521113', 0, 0),
(2140, 2123, '大涌镇', 3, '528476', '113.291708', '22.467712', 0, 0),
(2141, 2123, '沙溪镇', 3, '528471', '113.328369', '22.526325', 0, 0),
(2142, 2123, '三乡镇', 3, '528463', '113.4334', '22.352494', 0, 0),
(2143, 2123, '板芙镇', 3, '528459', '113.320346', '22.415674', 0, 0),
(2144, 2123, '神湾镇', 3, '528462', '113.359387', '22.312476', 0, 0),
(2145, 2123, '坦洲镇', 3, '528467', '113.485677', '22.261269', 0, 0),
(2146, 1964, '潮州市', 2, '521000', '116.632301', '23.661701', 0, 0),
(2147, 2146, '湘桥区', 3, '521000', '116.62805', '23.67451', 0, 0),
(2148, 2146, '潮安区', 3, '515638', '116.592895', '23.643656', 0, 0),
(2149, 2146, '饶平县', 3, '515700', '117.00692', '23.66994', 0, 0),
(2150, 1964, '揭阳市', 2, '522000', '116.355733', '23.543778', 0, 0),
(2151, 2150, '榕城区', 3, '522000', '116.3671', '23.52508', 0, 0),
(2152, 2150, '揭东区', 3, '515500', '116.412947', '23.569887', 0, 0),
(2153, 2150, '揭西县', 3, '515400', '115.83883', '23.42714', 0, 0),
(2154, 2150, '惠来县', 3, '515200', '116.29599', '23.03289', 0, 0),
(2155, 2150, '普宁市', 3, '515300', '116.16564', '23.29732', 0, 0),
(2156, 1964, '云浮市', 2, '527300', '112.044439', '22.929801', 0, 0),
(2157, 2156, '云城区', 3, '527300', '112.03908', '22.92996', 0, 0),
(2158, 2156, '云安区', 3, '527500', '112.00936', '23.07779', 0, 0),
(2159, 2156, '新兴县', 3, '527400', '112.23019', '22.69734', 0, 0),
(2160, 2156, '郁南县', 3, '527100', '111.53387', '23.23307', 0, 0),
(2161, 2156, '罗定市', 3, '527200', '111.56979', '22.76967', 0, 0),
(2162, 0, '广西壮族自治区', 1, '', '108.320004', '22.82402', 0, 0),
(2163, 2162, '南宁市', 2, '530028', '108.320004', '22.82402', 0, 0),
(2164, 2163, '兴宁区', 3, '530023', '108.36694', '22.85355', 0, 0),
(2165, 2163, '青秀区', 3, '530213', '108.49545', '22.78511', 0, 0),
(2166, 2163, '江南区', 3, '530031', '108.27325', '22.78127', 0, 0),
(2167, 2163, '西乡塘区', 3, '530001', '108.31347', '22.83386', 0, 0),
(2168, 2163, '良庆区', 3, '530219', '108.41284', '22.74914', 0, 0),
(2169, 2163, '邕宁区', 3, '530200', '108.48684', '22.75628', 0, 0),
(2170, 2163, '武鸣县', 3, '530100', '108.27719', '23.15643', 0, 0),
(2171, 2163, '隆安县', 3, '532700', '107.69192', '23.17336', 0, 0),
(2172, 2163, '马山县', 3, '530600', '108.17697', '23.70931', 0, 0),
(2173, 2163, '上林县', 3, '530500', '108.60522', '23.432', 0, 0),
(2174, 2163, '宾阳县', 3, '530400', '108.81185', '23.2196', 0, 0),
(2175, 2163, '横县', 3, '530300', '109.26608', '22.68448', 0, 0),
(2176, 2163, '埌东新区', 3, '530000', '108.419094', '22.812976', 0, 0),
(2177, 2162, '柳州市', 2, '545001', '109.411703', '24.314617', 0, 0),
(2178, 2177, '城中区', 3, '545001', '109.41082', '24.31543', 0, 0),
(2179, 2177, '鱼峰区', 3, '545005', '109.4533', '24.31868', 0, 0),
(2180, 2177, '柳南区', 3, '545007', '109.38548', '24.33599', 0, 0),
(2181, 2177, '柳北区', 3, '545002', '109.40202', '24.36267', 0, 0),
(2182, 2177, '柳江县', 3, '545100', '109.33273', '24.25596', 0, 0),
(2183, 2177, '柳城县', 3, '545200', '109.23877', '24.64951', 0, 0),
(2184, 2177, '鹿寨县', 3, '545600', '109.75177', '24.47306', 0, 0),
(2185, 2177, '融安县', 3, '545400', '109.39761', '25.22465', 0, 0),
(2186, 2177, '融水苗族自治县', 3, '545300', '109.25634', '25.06628', 0, 0),
(2187, 2177, '三江侗族自治县', 3, '545500', '109.60446', '25.78428', 0, 0),
(2188, 2177, '柳东新区', 3, '545000', '109.437053', '24.329204', 0, 0),
(2189, 2162, '桂林市', 2, '541100', '110.299121', '25.274215', 0, 0),
(2190, 2189, '秀峰区', 3, '541001', '110.28915', '25.28249', 0, 0),
(2191, 2189, '叠彩区', 3, '541001', '110.30195', '25.31381', 0, 0),
(2192, 2189, '象山区', 3, '541002', '110.28108', '25.26168', 0, 0),
(2193, 2189, '七星区', 3, '541004', '110.31793', '25.2525', 0, 0),
(2194, 2189, '雁山区', 3, '541006', '110.30911', '25.06038', 0, 0),
(2195, 2189, '临桂区', 3, '541100', '110.205487', '25.246257', 0, 0),
(2196, 2189, '阳朔县', 3, '541900', '110.49475', '24.77579', 0, 0),
(2197, 2189, '灵川县', 3, '541200', '110.32949', '25.41292', 0, 0),
(2198, 2189, '全州县', 3, '541503', '111.07211', '25.92799', 0, 0),
(2199, 2189, '兴安县', 3, '541300', '110.67144', '25.61167', 0, 0),
(2200, 2189, '永福县', 3, '541800', '109.98333', '24.98004', 0, 0),
(2201, 2189, '灌阳县', 3, '541600', '111.15954', '25.48803', 0, 0),
(2202, 2189, '龙胜各族自治县', 3, '541700', '110.01226', '25.79614', 0, 0),
(2203, 2189, '资源县', 3, '541400', '110.65255', '26.04237', 0, 0),
(2204, 2189, '平乐县', 3, '542400', '110.64175', '24.63242', 0, 0),
(2205, 2189, '荔浦县', 3, '546600', '110.3971', '24.49589', 0, 0),
(2206, 2189, '恭城瑶族自治县', 3, '542500', '110.83035', '24.83286', 0, 0),
(2207, 2162, '梧州市', 2, '543002', '111.316229', '23.472309', 0, 0),
(2208, 2207, '万秀区', 3, '543000', '111.32052', '23.47298', 0, 0),
(2209, 2207, '长洲区', 3, '543003', '111.27494', '23.48573', 0, 0),
(2210, 2207, '龙圩区', 3, '543002', '111.316229', '23.472309', 0, 0),
(2211, 2207, '苍梧县', 3, '543100', '111.24533', '23.42049', 0, 0),
(2212, 2207, '藤县', 3, '543300', '110.91418', '23.37605', 0, 0),
(2213, 2207, '蒙山县', 3, '546700', '110.52221', '24.20168', 0, 0),
(2214, 2207, '岑溪市', 3, '543200', '110.99594', '22.9191', 0, 0),
(2215, 2162, '北海市', 2, '536000', '109.119254', '21.473343', 0, 0),
(2216, 2215, '海城区', 3, '536000', '109.11744', '21.47501', 0, 0),
(2217, 2215, '银海区', 3, '536000', '109.13029', '21.4783', 0, 0),
(2218, 2215, '铁山港区', 3, '536017', '109.45578', '21.59661', 0, 0),
(2219, 2215, '合浦县', 3, '536100', '109.20068', '21.66601', 0, 0),
(2220, 2162, '防城港市', 2, '538001', '108.345478', '21.614631', 0, 0),
(2221, 2220, '港口区', 3, '538001', '108.38022', '21.64342', 0, 0),
(2222, 2220, '防城区', 3, '538021', '108.35726', '21.76464', 0, 0),
(2223, 2220, '上思县', 3, '535500', '107.9823', '22.14957', 0, 0),
(2224, 2220, '东兴市', 3, '538100', '107.97204', '21.54713', 0, 0),
(2225, 2162, '钦州市', 2, '535099', '108.624175', '21.967127', 0, 0),
(2226, 2225, '钦南区', 3, '535099', '108.61775', '21.95137', 0, 0),
(2227, 2225, '钦北区', 3, '535099', '108.63037', '21.95127', 0, 0),
(2228, 2225, '灵山县', 3, '535099', '109.29153', '22.4165', 0, 0),
(2229, 2225, '浦北县', 3, '535099', '109.55572', '22.26888', 0, 0),
(2230, 2162, '贵港市', 2, '537100', '109.602146', '23.0936', 0, 0),
(2231, 2230, '港北区', 3, '537100', '109.57224', '23.11153', 0, 0),
(2232, 2230, '港南区', 3, '537100', '109.60617', '23.07226', 0, 0),
(2233, 2230, '覃塘区', 3, '537121', '109.44293', '23.12677', 0, 0),
(2234, 2230, '平南县', 3, '537300', '110.39062', '23.54201', 0, 0),
(2235, 2230, '桂平市', 3, '537200', '110.08105', '23.39339', 0, 0),
(2236, 2162, '玉林市', 2, '537000', '110.154393', '22.63136', 0, 0),
(2237, 2236, '玉州区', 3, '537000', '110.15114', '22.6281', 0, 0),
(2238, 2236, '福绵区', 3, '537023', '110.064816', '22.583057', 0, 0),
(2239, 2236, '玉东新区', 3, '537000', '110.154393', '22.63136', 0, 0),
(2240, 2236, '容县', 3, '537500', '110.55593', '22.85701', 0, 0),
(2241, 2236, '陆川县', 3, '537700', '110.26413', '22.32454', 0, 0),
(2242, 2236, '博白县', 3, '537600', '109.97744', '22.27286', 0, 0),
(2243, 2236, '兴业县', 3, '537800', '109.87612', '22.74237', 0, 0),
(2244, 2236, '北流市', 3, '537400', '110.35302', '22.70817', 0, 0),
(2245, 2162, '百色市', 2, '533000', '106.616285', '23.897742', 0, 0),
(2246, 2245, '右江区', 3, '533000', '106.61764', '23.9009', 0, 0),
(2247, 2245, '田阳县', 3, '533600', '106.91558', '23.73535', 0, 0),
(2248, 2245, '田东县', 3, '531500', '107.12432', '23.60003', 0, 0),
(2249, 2245, '平果县', 3, '531400', '107.59045', '23.32969', 0, 0),
(2250, 2245, '德保县', 3, '533700', '106.61917', '23.32515', 0, 0),
(2251, 2245, '靖西县', 3, '533800', '106.41766', '23.13425', 0, 0),
(2252, 2245, '那坡县', 3, '533900', '105.84191', '23.40649', 0, 0),
(2253, 2245, '凌云县', 3, '533100', '106.56155', '24.34747', 0, 0),
(2254, 2245, '乐业县', 3, '533200', '106.56124', '24.78295', 0, 0),
(2255, 2245, '田林县', 3, '533300', '106.22882', '24.29207', 0, 0),
(2256, 2245, '西林县', 3, '533500', '105.09722', '24.48966', 0, 0),
(2257, 2245, '隆林各族自治县', 3, '533400', '105.34295', '24.77036', 0, 0),
(2258, 2162, '贺州市', 2, '542800', '111.552056', '24.414141', 0, 0),
(2259, 2258, '八步区', 3, '542800', '111.55225', '24.41179', 0, 0),
(2260, 2258, '昭平县', 3, '546800', '110.81082', '24.1701', 0, 0),
(2261, 2258, '钟山县', 3, '542600', '111.30459', '24.52482', 0, 0),
(2262, 2258, '富川瑶族自治县', 3, '542700', '111.27767', '24.81431', 0, 0),
(2263, 2258, '平桂管理区', 3, '542800', '111.485651', '24.458041', 0, 0),
(2264, 2162, '河池市', 2, '547000', '108.062105', '24.695899', 0, 0),
(2265, 2264, '金城江区', 3, '547000', '108.03727', '24.6897', 0, 0),
(2266, 2264, '南丹县', 3, '547200', '107.54562', '24.9776', 0, 0),
(2267, 2264, '天峨县', 3, '547300', '107.17205', '24.99593', 0, 0),
(2268, 2264, '凤山县', 3, '547600', '107.04892', '24.54215', 0, 0),
(2269, 2264, '东兰县', 3, '547400', '107.37527', '24.51053', 0, 0),
(2270, 2264, '罗城仫佬族自治县', 3, '546400', '108.90777', '24.77923', 0, 0),
(2271, 2264, '环江毛南族自治县', 3, '547100', '108.26055', '24.82916', 0, 0),
(2272, 2264, '巴马瑶族自治县', 3, '547500', '107.25308', '24.14135', 0, 0),
(2273, 2264, '都安瑶族自治县', 3, '530700', '108.10116', '23.93245', 0, 0),
(2274, 2264, '大化瑶族自治县', 3, '530800', '107.9985', '23.74487', 0, 0),
(2275, 2264, '宜州市', 3, '546300', '108.65304', '24.49391', 0, 0),
(2276, 2162, '来宾市', 2, '546100', '109.229772', '23.733766', 0, 0),
(2277, 2276, '兴宾区', 3, '546100', '109.23471', '23.72731', 0, 0),
(2278, 2276, '忻城县', 3, '546200', '108.66357', '24.06862', 0, 0),
(2279, 2276, '象州县', 3, '545800', '109.6994', '23.97355', 0, 0),
(2280, 2276, '武宣县', 3, '545900', '109.66284', '23.59474', 0, 0),
(2281, 2276, '金秀瑶族自治县', 3, '545799', '110.19079', '24.12929', 0, 0),
(2282, 2276, '合山市', 3, '546500', '108.88586', '23.80619', 0, 0),
(2283, 2162, '崇左市', 2, '532299', '107.353926', '22.404108', 0, 0),
(2284, 2283, '江州区', 3, '532299', '107.34747', '22.41135', 0, 0),
(2285, 2283, '扶绥县', 3, '532199', '107.90405', '22.63413', 0, 0),
(2286, 2283, '宁明县', 3, '532599', '107.07299', '22.13655', 0, 0),
(2287, 2283, '龙州县', 3, '532499', '106.85415', '22.33937', 0, 0),
(2288, 2283, '大新县', 3, '532399', '107.19821', '22.83412', 0, 0),
(2289, 2283, '天等县', 3, '532899', '107.13998', '23.077', 0, 0),
(2290, 2283, '凭祥市', 3, '532699', '106.75534', '22.10573', 0, 0),
(2291, 0, '海南省', 1, '', '110.33119', '20.031971', 0, 0),
(2292, 2291, '海口市', 2, '570000', '110.33119', '20.031971', 0, 0),
(2293, 2292, '秀英区', 3, '570311', '110.29345', '20.00752', 0, 0),
(2294, 2292, '龙华区', 3, '570145', '110.30194', '20.02866', 0, 0),
(2295, 2292, '琼山区', 3, '571100', '110.35418', '20.00321', 0, 0),
(2296, 2292, '美兰区', 3, '570203', '110.36908', '20.02864', 0, 0),
(2297, 2291, '三亚市', 2, '572000', '109.508268', '18.247872', 0, 0),
(2298, 2297, '海棠区', 3, '572000', '109.508268', '18.247872', 0, 0),
(2299, 2297, '吉阳区', 3, '572000', '109.508268', '18.247872', 0, 0),
(2300, 2297, '天涯区', 3, '572000', '109.508268', '18.247872', 0, 0),
(2301, 2297, '崖州区', 3, '572000', '109.508268', '18.247872', 0, 0),
(2302, 2291, '三沙市', 2, '573199', '112.34882', '16.831039', 0, 0),
(2303, 2302, '西沙群岛', 3, '572000', '112.025528', '16.331342', 0, 0),
(2304, 2302, '南沙群岛', 3, '573100', '116.749998', '11.471888', 0, 0),
(2305, 2302, '中沙群岛', 3, '573100', '117.740071', '15.112856', 0, 0),
(2306, 2291, '直辖县级', 2, '', '109.503479', '18.739906', 0, 0),
(2307, 2306, '五指山市', 3, '572200', '109.516662', '18.776921', 0, 0),
(2308, 2306, '琼海市', 3, '571400', '110.466785', '19.246011', 0, 0),
(2309, 2306, '儋州市', 3, '571700', '109.576782', '19.517486', 0, 0),
(2310, 2306, '文昌市', 3, '571339', '110.753975', '19.612986', 0, 0),
(2311, 2306, '万宁市', 3, '571500', '110.388793', '18.796216', 0, 0),
(2312, 2306, '东方市', 3, '572600', '108.653789', '19.10198', 0, 0),
(2313, 2306, '定安县', 3, '571200', '110.323959', '19.699211', 0, 0),
(2314, 2306, '屯昌县', 3, '571600', '110.102773', '19.362916', 0, 0),
(2315, 2306, '澄迈县', 3, '571900', '110.007147', '19.737095', 0, 0),
(2316, 2306, '临高县', 3, '571800', '109.687697', '19.908293', 0, 0),
(2317, 2306, '白沙黎族自治县', 3, '572800', '109.452606', '19.224584', 0, 0),
(2318, 2306, '昌江黎族自治县', 3, '572700', '109.053351', '19.260968', 0, 0),
(2319, 2306, '乐东黎族自治县', 3, '572500', '109.175444', '18.74758', 0, 0),
(2320, 2306, '陵水黎族自治县', 3, '572400', '110.037218', '18.505006', 0, 0),
(2321, 2306, '保亭黎族苗族自治县', 3, '572300', '109.70245', '18.636371', 0, 0),
(2322, 2306, '琼中黎族苗族自治县', 3, '572900', '109.839996', '19.03557', 0, 0),
(2323, 0, '重庆市', 1, '', '106.504962', '29.533155', 0, 0),
(2324, 2323, '重庆市', 2, '400000', '106.504962', '29.533155', 0, 0),
(2325, 2324, '万州区', 3, '404000', '108.40869', '30.80788', 0, 0),
(2326, 2324, '涪陵区', 3, '408000', '107.39007', '29.70292', 0, 0),
(2327, 2324, '渝中区', 3, '400010', '106.56901', '29.55279', 0, 0),
(2328, 2324, '大渡口区', 3, '400080', '106.48262', '29.48447', 0, 0),
(2329, 2324, '江北区', 3, '400020', '106.57434', '29.60658', 0, 0),
(2330, 2324, '沙坪坝区', 3, '400030', '106.45752', '29.54113', 0, 0),
(2331, 2324, '九龙坡区', 3, '400050', '106.51107', '29.50197', 0, 0),
(2332, 2324, '南岸区', 3, '400064', '106.56347', '29.52311', 0, 0),
(2333, 2324, '北碚区', 3, '400700', '106.39614', '29.80574', 0, 0),
(2334, 2324, '綦江区', 3, '400800', '106.926779', '28.960656', 0, 0),
(2335, 2324, '大足区', 3, '400900', '105.768121', '29.484025', 0, 0),
(2336, 2324, '渝北区', 3, '401120', '106.6307', '29.7182', 0, 0),
(2337, 2324, '巴南区', 3, '401320', '106.52365', '29.38311', 0, 0),
(2338, 2324, '黔江区', 3, '409700', '108.7709', '29.5332', 0, 0),
(2339, 2324, '长寿区', 3, '401220', '107.08166', '29.85359', 0, 0),
(2340, 2324, '江津区', 3, '402260', '106.25912', '29.29008', 0, 0),
(2341, 2324, '合川区', 3, '401520', '106.27633', '29.97227', 0, 0),
(2342, 2324, '永川区', 3, '402160', '105.927', '29.35593', 0, 0),
(2343, 2324, '南川区', 3, '408400', '107.09936', '29.15751', 0, 0),
(2344, 2324, '璧山区', 3, '402760', '106.231126', '29.593581', 0, 0),
(2345, 2324, '铜梁区', 3, '402560', '106.054948', '29.839944', 0, 0),
(2346, 2324, '潼南县', 3, '402660', '105.84005', '30.1912', 0, 0),
(2347, 2324, '荣昌县', 3, '402460', '105.59442', '29.40488', 0, 0),
(2348, 2324, '梁平县', 3, '405200', '107.79998', '30.67545', 0, 0),
(2349, 2324, '城口县', 3, '405900', '108.66513', '31.94801', 0, 0),
(2350, 2324, '丰都县', 3, '408200', '107.73098', '29.86348', 0, 0),
(2351, 2324, '垫江县', 3, '408300', '107.35446', '30.33359', 0, 0),
(2352, 2324, '武隆县', 3, '408500', '107.7601', '29.32548', 0, 0),
(2353, 2324, '忠县', 3, '404300', '108.03689', '30.28898', 0, 0),
(2354, 2324, '开县', 3, '405400', '108.39306', '31.16095', 0, 0),
(2355, 2324, '云阳县', 3, '404500', '108.69726', '30.93062', 0, 0),
(2356, 2324, '奉节县', 3, '404600', '109.46478', '31.01825', 0, 0),
(2357, 2324, '巫山县', 3, '404700', '109.87814', '31.07458', 0, 0),
(2358, 2324, '巫溪县', 3, '405800', '109.63128', '31.39756', 0, 0),
(2359, 2324, '石柱土家族自治县', 3, '409100', '108.11389', '30.00054', 0, 0),
(2360, 2324, '秀山土家族苗族自治县', 3, '409900', '108.98861', '28.45062', 0, 0),
(2361, 2324, '酉阳土家族苗族自治县', 3, '409800', '108.77212', '28.8446', 0, 0),
(2362, 2324, '彭水苗族土家族自治县', 3, '409600', '108.16638', '29.29516', 0, 0),
(2363, 2323, '两江新区', 2, '400000', '106.463344', '29.729153', 0, 0),
(2364, 2363, '北部新区', 3, '400000', '106.488841', '29.667062', 0, 0),
(2365, 2363, '保税港区', 3, '400000', '106.638184', '29.716311', 0, 0),
(2366, 2363, '工业园区', 3, '400000', '106.626434', '29.55554', 0, 0),
(2367, 0, '四川省', 1, '', '104.065735', '30.659462', 0, 0),
(2368, 2367, '成都市', 2, '610015', '104.065735', '30.659462', 0, 0),
(2369, 2368, '锦江区', 3, '610021', '104.08347', '30.65614', 0, 0),
(2370, 2368, '青羊区', 3, '610031', '104.06151', '30.67387', 0, 0),
(2371, 2368, '金牛区', 3, '610036', '104.05114', '30.69126', 0, 0),
(2372, 2368, '武侯区', 3, '610041', '104.04303', '30.64235', 0, 0),
(2373, 2368, '成华区', 3, '610066', '104.10193', '30.65993', 0, 0),
(2374, 2368, '龙泉驿区', 3, '610100', '104.27462', '30.55658', 0, 0),
(2375, 2368, '青白江区', 3, '610300', '104.251', '30.87841', 0, 0),
(2376, 2368, '新都区', 3, '610500', '104.15921', '30.82314', 0, 0),
(2377, 2368, '温江区', 3, '611130', '103.84881', '30.68444', 0, 0),
(2378, 2368, '金堂县', 3, '610400', '104.41195', '30.86195', 0, 0),
(2379, 2368, '双流县', 3, '610200', '103.92373', '30.57444', 0, 0),
(2380, 2368, '郫县', 3, '611730', '103.88717', '30.81054', 0, 0),
(2381, 2368, '大邑县', 3, '611330', '103.52075', '30.58738', 0, 0),
(2382, 2368, '蒲江县', 3, '611630', '103.50616', '30.19667', 0, 0),
(2383, 2368, '新津县', 3, '611430', '103.8114', '30.40983', 0, 0),
(2384, 2368, '都江堰市', 3, '611830', '103.61941', '30.99825', 0, 0),
(2385, 2368, '彭州市', 3, '611930', '103.958', '30.99011', 0, 0),
(2386, 2368, '邛崃市', 3, '611530', '103.46283', '30.41489', 0, 0),
(2387, 2368, '崇州市', 3, '611230', '103.67285', '30.63014', 0, 0),
(2388, 2367, '自贡市', 2, '643000', '104.773447', '29.352765', 0, 0),
(2389, 2388, '自流井区', 3, '643000', '104.77719', '29.33745', 0, 0),
(2390, 2388, '贡井区', 3, '643020', '104.71536', '29.34576', 0, 0),
(2391, 2388, '大安区', 3, '643010', '104.77383', '29.36364', 0, 0),
(2392, 2388, '沿滩区', 3, '643030', '104.88012', '29.26611', 0, 0),
(2393, 2388, '荣县', 3, '643100', '104.4176', '29.44445', 0, 0),
(2394, 2388, '富顺县', 3, '643200', '104.97491', '29.18123', 0, 0),
(2395, 2367, '攀枝花市', 2, '617000', '101.716007', '26.580446', 0, 0),
(2396, 2395, '东区', 3, '617067', '101.7052', '26.54677', 0, 0),
(2397, 2395, '西区', 3, '617068', '101.63058', '26.59753', 0, 0),
(2398, 2395, '仁和区', 3, '617061', '101.73812', '26.49841', 0, 0),
(2399, 2395, '米易县', 3, '617200', '102.11132', '26.88718', 0, 0),
(2400, 2395, '盐边县', 3, '617100', '101.85446', '26.68847', 0, 0),
(2401, 2367, '泸州市', 2, '646000', '105.443348', '28.889138', 0, 0);
INSERT INTO `mall_area` (`id`, `pid`, `name`, `level`, `zip`, `lng`, `lat`, `sort`, `is_lock`) VALUES
(2402, 2401, '江阳区', 3, '646000', '105.45336', '28.88934', 0, 0),
(2403, 2401, '纳溪区', 3, '646300', '105.37255', '28.77343', 0, 0),
(2404, 2401, '龙马潭区', 3, '646000', '105.43774', '28.91308', 0, 0),
(2405, 2401, '泸县', 3, '646106', '105.38192', '29.15041', 0, 0),
(2406, 2401, '合江县', 3, '646200', '105.8352', '28.81005', 0, 0),
(2407, 2401, '叙永县', 3, '646400', '105.44473', '28.15586', 0, 0),
(2408, 2401, '古蔺县', 3, '646500', '105.81347', '28.03867', 0, 0),
(2409, 2367, '德阳市', 2, '618000', '104.398651', '31.127991', 0, 0),
(2410, 2409, '旌阳区', 3, '618000', '104.39367', '31.13906', 0, 0),
(2411, 2409, '中江县', 3, '618100', '104.67861', '31.03297', 0, 0),
(2412, 2409, '罗江县', 3, '618500', '104.51025', '31.31665', 0, 0),
(2413, 2409, '广汉市', 3, '618300', '104.28234', '30.97686', 0, 0),
(2414, 2409, '什邡市', 3, '618400', '104.16754', '31.1264', 0, 0),
(2415, 2409, '绵竹市', 3, '618200', '104.22076', '31.33772', 0, 0),
(2416, 2367, '绵阳市', 2, '621000', '104.741722', '31.46402', 0, 0),
(2417, 2416, '涪城区', 3, '621000', '104.75719', '31.45522', 0, 0),
(2418, 2416, '游仙区', 3, '621022', '104.77092', '31.46574', 0, 0),
(2419, 2416, '三台县', 3, '621100', '105.09079', '31.09179', 0, 0),
(2420, 2416, '盐亭县', 3, '621600', '105.3898', '31.22176', 0, 0),
(2421, 2416, '安县', 3, '622650', '104.56738', '31.53487', 0, 0),
(2422, 2416, '梓潼县', 3, '622150', '105.16183', '31.6359', 0, 0),
(2423, 2416, '北川羌族自治县', 3, '622750', '104.46408', '31.83286', 0, 0),
(2424, 2416, '平武县', 3, '622550', '104.52862', '32.40791', 0, 0),
(2425, 2416, '江油市', 3, '621700', '104.74539', '31.77775', 0, 0),
(2426, 2367, '广元市', 2, '628000', '105.829757', '32.433668', 0, 0),
(2427, 2426, '利州区', 3, '628017', '105.826194', '32.432276', 0, 0),
(2428, 2426, '昭化区', 3, '628017', '105.640491', '32.386518', 0, 0),
(2429, 2426, '朝天区', 3, '628017', '105.89273', '32.64398', 0, 0),
(2430, 2426, '旺苍县', 3, '628200', '106.29022', '32.22845', 0, 0),
(2431, 2426, '青川县', 3, '628100', '105.2391', '32.58563', 0, 0),
(2432, 2426, '剑阁县', 3, '628300', '105.5252', '32.28845', 0, 0),
(2433, 2426, '苍溪县', 3, '628400', '105.936', '31.73209', 0, 0),
(2434, 2367, '遂宁市', 2, '629000', '105.571331', '30.513311', 0, 0),
(2435, 2434, '船山区', 3, '629000', '105.5809', '30.49991', 0, 0),
(2436, 2434, '安居区', 3, '629000', '105.46402', '30.35778', 0, 0),
(2437, 2434, '蓬溪县', 3, '629100', '105.70752', '30.75775', 0, 0),
(2438, 2434, '射洪县', 3, '629200', '105.38922', '30.87203', 0, 0),
(2439, 2434, '大英县', 3, '629300', '105.24346', '30.59434', 0, 0),
(2440, 2367, '内江市', 2, '641000', '105.066138', '29.58708', 0, 0),
(2441, 2440, '市中区', 3, '641000', '105.0679', '29.58709', 0, 0),
(2442, 2440, '东兴区', 3, '641100', '105.07554', '29.59278', 0, 0),
(2443, 2440, '威远县', 3, '642450', '104.66955', '29.52823', 0, 0),
(2444, 2440, '资中县', 3, '641200', '104.85205', '29.76409', 0, 0),
(2445, 2440, '隆昌县', 3, '642150', '105.28738', '29.33937', 0, 0),
(2446, 2367, '乐山市', 2, '614000', '103.761263', '29.582024', 0, 0),
(2447, 2446, '市中区', 3, '614000', '103.76159', '29.55543', 0, 0),
(2448, 2446, '沙湾区', 3, '614900', '103.54873', '29.41194', 0, 0),
(2449, 2446, '五通桥区', 3, '614800', '103.82345', '29.40344', 0, 0),
(2450, 2446, '金口河区', 3, '614700', '103.07858', '29.24578', 0, 0),
(2451, 2446, '犍为县', 3, '614400', '103.94989', '29.20973', 0, 0),
(2452, 2446, '井研县', 3, '613100', '104.07019', '29.65228', 0, 0),
(2453, 2446, '夹江县', 3, '614100', '103.57199', '29.73868', 0, 0),
(2454, 2446, '沐川县', 3, '614500', '103.90353', '28.95646', 0, 0),
(2455, 2446, '峨边彝族自治县', 3, '614300', '103.26339', '29.23004', 0, 0),
(2456, 2446, '马边彝族自治县', 3, '614600', '103.54617', '28.83593', 0, 0),
(2457, 2446, '峨眉山市', 3, '614200', '103.4844', '29.60117', 0, 0),
(2458, 2367, '南充市', 2, '637000', '106.082974', '30.795281', 0, 0),
(2459, 2458, '顺庆区', 3, '637000', '106.09216', '30.79642', 0, 0),
(2460, 2458, '高坪区', 3, '637100', '106.11894', '30.78162', 0, 0),
(2461, 2458, '嘉陵区', 3, '637100', '106.07141', '30.75848', 0, 0),
(2462, 2458, '南部县', 3, '637300', '106.06738', '31.35451', 0, 0),
(2463, 2458, '营山县', 3, '637700', '106.56637', '31.07747', 0, 0),
(2464, 2458, '蓬安县', 3, '637800', '106.41262', '31.02964', 0, 0),
(2465, 2458, '仪陇县', 3, '637600', '106.29974', '31.27628', 0, 0),
(2466, 2458, '西充县', 3, '637200', '105.89996', '30.9969', 0, 0),
(2467, 2458, '阆中市', 3, '637400', '106.00494', '31.55832', 0, 0),
(2468, 2367, '眉山市', 2, '620020', '103.831788', '30.048318', 0, 0),
(2469, 2468, '东坡区', 3, '620010', '103.832', '30.04219', 0, 0),
(2470, 2468, '彭山区', 3, '620860', '103.87268', '30.19283', 0, 0),
(2471, 2468, '仁寿县', 3, '620500', '104.13412', '29.99599', 0, 0),
(2472, 2468, '洪雅县', 3, '620360', '103.37313', '29.90661', 0, 0),
(2473, 2468, '丹棱县', 3, '620200', '103.51339', '30.01562', 0, 0),
(2474, 2468, '青神县', 3, '620460', '103.84771', '29.83235', 0, 0),
(2475, 2367, '宜宾市', 2, '644000', '104.630825', '28.760189', 0, 0),
(2476, 2475, '翠屏区', 3, '644000', '104.61978', '28.76566', 0, 0),
(2477, 2475, '南溪区', 3, '644100', '104.981133', '28.839806', 0, 0),
(2478, 2475, '宜宾县', 3, '644600', '104.53314', '28.68996', 0, 0),
(2479, 2475, '江安县', 3, '644200', '105.06683', '28.72385', 0, 0),
(2480, 2475, '长宁县', 3, '644300', '104.9252', '28.57777', 0, 0),
(2481, 2475, '高县', 3, '645150', '104.51754', '28.43619', 0, 0),
(2482, 2475, '珙县', 3, '644500', '104.71398', '28.44512', 0, 0),
(2483, 2475, '筠连县', 3, '645250', '104.51217', '28.16495', 0, 0),
(2484, 2475, '兴文县', 3, '644400', '105.23675', '28.3044', 0, 0),
(2485, 2475, '屏山县', 3, '645350', '104.16293', '28.64369', 0, 0),
(2486, 2367, '广安市', 2, '638000', '106.633369', '30.456398', 0, 0),
(2487, 2486, '广安区', 3, '638000', '106.64163', '30.47389', 0, 0),
(2488, 2486, '前锋区', 3, '638019', '106.893537', '30.494572', 0, 0),
(2489, 2486, '岳池县', 3, '638300', '106.44079', '30.53918', 0, 0),
(2490, 2486, '武胜县', 3, '638400', '106.29592', '30.34932', 0, 0),
(2491, 2486, '邻水县', 3, '638500', '106.92968', '30.33449', 0, 0),
(2492, 2486, '华蓥市', 3, '638600', '106.78466', '30.39007', 0, 0),
(2493, 2367, '达州市', 2, '635000', '107.502262', '31.209484', 0, 0),
(2494, 2493, '通川区', 3, '635000', '107.50456', '31.21469', 0, 0),
(2495, 2493, '达川区', 3, '635000', '107.502262', '31.209484', 0, 0),
(2496, 2493, '宣汉县', 3, '636150', '107.72775', '31.35516', 0, 0),
(2497, 2493, '开江县', 3, '636250', '107.86889', '31.0841', 0, 0),
(2498, 2493, '大竹县', 3, '635100', '107.20855', '30.74147', 0, 0),
(2499, 2493, '渠县', 3, '635200', '106.97381', '30.8376', 0, 0),
(2500, 2493, '万源市', 3, '636350', '108.03598', '32.08091', 0, 0),
(2501, 2367, '雅安市', 2, '625000', '103.001033', '29.987722', 0, 0),
(2502, 2501, '雨城区', 3, '625000', '103.03305', '30.00531', 0, 0),
(2503, 2501, '名山区', 3, '625100', '103.112214', '30.084718', 0, 0),
(2504, 2501, '荥经县', 3, '625200', '102.84652', '29.79402', 0, 0),
(2505, 2501, '汉源县', 3, '625300', '102.6784', '29.35168', 0, 0),
(2506, 2501, '石棉县', 3, '625400', '102.35943', '29.22796', 0, 0),
(2507, 2501, '天全县', 3, '625500', '102.75906', '30.06754', 0, 0),
(2508, 2501, '芦山县', 3, '625600', '102.92791', '30.14369', 0, 0),
(2509, 2501, '宝兴县', 3, '625700', '102.81555', '30.36836', 0, 0),
(2510, 2367, '巴中市', 2, '636000', '106.753669', '31.858809', 0, 0),
(2511, 2510, '巴州区', 3, '636001', '106.76889', '31.85125', 0, 0),
(2512, 2510, '恩阳区', 3, '636064', '106.753669', '31.858809', 0, 0),
(2513, 2510, '通江县', 3, '636700', '107.24398', '31.91294', 0, 0),
(2514, 2510, '南江县', 3, '636600', '106.84164', '32.35335', 0, 0),
(2515, 2510, '平昌县', 3, '636400', '107.10424', '31.5594', 0, 0),
(2516, 2367, '资阳市', 2, '641300', '104.641917', '30.122211', 0, 0),
(2517, 2516, '雁江区', 3, '641300', '104.65216', '30.11525', 0, 0),
(2518, 2516, '安岳县', 3, '642350', '105.3363', '30.09786', 0, 0),
(2519, 2516, '乐至县', 3, '641500', '105.03207', '30.27227', 0, 0),
(2520, 2516, '简阳市', 3, '641400', '104.54864', '30.3904', 0, 0),
(2521, 2367, '阿坝藏族羌族自治州', 2, '624000', '102.221374', '31.899792', 0, 0),
(2522, 2521, '汶川县', 3, '623000', '103.59079', '31.47326', 0, 0),
(2523, 2521, '理县', 3, '623100', '103.17175', '31.43603', 0, 0),
(2524, 2521, '茂县', 3, '623200', '103.85372', '31.682', 0, 0),
(2525, 2521, '松潘县', 3, '623300', '103.59924', '32.63871', 0, 0),
(2526, 2521, '九寨沟县', 3, '623400', '104.23672', '33.26318', 0, 0),
(2527, 2521, '金川县', 3, '624100', '102.06555', '31.47623', 0, 0),
(2528, 2521, '小金县', 3, '624200', '102.36499', '30.99934', 0, 0),
(2529, 2521, '黑水县', 3, '623500', '102.99176', '32.06184', 0, 0),
(2530, 2521, '马尔康县', 3, '624000', '102.20625', '31.90584', 0, 0),
(2531, 2521, '壤塘县', 3, '624300', '100.9783', '32.26578', 0, 0),
(2532, 2521, '阿坝县', 3, '624600', '101.70632', '32.90301', 0, 0),
(2533, 2521, '若尔盖县', 3, '624500', '102.9598', '33.57432', 0, 0),
(2534, 2521, '红原县', 3, '624400', '102.54525', '32.78989', 0, 0),
(2535, 2367, '甘孜藏族自治州', 2, '626000', '101.963815', '30.050663', 0, 0),
(2536, 2535, '康定县', 3, '626000', '101.96487', '30.05532', 0, 0),
(2537, 2535, '泸定县', 3, '626100', '102.23507', '29.91475', 0, 0),
(2538, 2535, '丹巴县', 3, '626300', '101.88424', '30.87656', 0, 0),
(2539, 2535, '九龙县', 3, '626200', '101.50848', '29.00091', 0, 0),
(2540, 2535, '雅江县', 3, '627450', '101.01492', '30.03281', 0, 0),
(2541, 2535, '道孚县', 3, '626400', '101.12554', '30.98046', 0, 0),
(2542, 2535, '炉霍县', 3, '626500', '100.67681', '31.3917', 0, 0),
(2543, 2535, '甘孜县', 3, '626700', '99.99307', '31.62672', 0, 0),
(2544, 2535, '新龙县', 3, '626800', '100.3125', '30.94067', 0, 0),
(2545, 2535, '德格县', 3, '627250', '98.58078', '31.80615', 0, 0),
(2546, 2535, '白玉县', 3, '627150', '98.82568', '31.20902', 0, 0),
(2547, 2535, '石渠县', 3, '627350', '98.10156', '32.97884', 0, 0),
(2548, 2535, '色达县', 3, '626600', '100.33224', '32.26839', 0, 0),
(2549, 2535, '理塘县', 3, '627550', '100.27005', '29.99674', 0, 0),
(2550, 2535, '巴塘县', 3, '627650', '99.10409', '30.00423', 0, 0),
(2551, 2535, '乡城县', 3, '627850', '99.79943', '28.93554', 0, 0),
(2552, 2535, '稻城县', 3, '627750', '100.29809', '29.0379', 0, 0),
(2553, 2535, '得荣县', 3, '627950', '99.28628', '28.71297', 0, 0),
(2554, 2367, '凉山彝族自治州', 2, '615000', '102.258746', '27.886762', 0, 0),
(2555, 2554, '西昌市', 3, '615000', '102.26413', '27.89524', 0, 0),
(2556, 2554, '木里藏族自治县', 3, '615800', '101.2796', '27.92875', 0, 0),
(2557, 2554, '盐源县', 3, '615700', '101.5097', '27.42177', 0, 0),
(2558, 2554, '德昌县', 3, '615500', '102.18017', '27.40482', 0, 0),
(2559, 2554, '会理县', 3, '615100', '102.24539', '26.65627', 0, 0),
(2560, 2554, '会东县', 3, '615200', '102.57815', '26.63429', 0, 0),
(2561, 2554, '宁南县', 3, '615400', '102.76116', '27.06567', 0, 0),
(2562, 2554, '普格县', 3, '615300', '102.54055', '27.37485', 0, 0),
(2563, 2554, '布拖县', 3, '616350', '102.81234', '27.7079', 0, 0),
(2564, 2554, '金阳县', 3, '616250', '103.24774', '27.69698', 0, 0),
(2565, 2554, '昭觉县', 3, '616150', '102.84661', '28.01155', 0, 0),
(2566, 2554, '喜德县', 3, '616750', '102.41336', '28.30739', 0, 0),
(2567, 2554, '冕宁县', 3, '615600', '102.17108', '28.55161', 0, 0),
(2568, 2554, '越西县', 3, '616650', '102.5079', '28.64133', 0, 0),
(2569, 2554, '甘洛县', 3, '616850', '102.77154', '28.96624', 0, 0),
(2570, 2554, '美姑县', 3, '616450', '103.13116', '28.32596', 0, 0),
(2571, 2554, '雷波县', 3, '616550', '103.57287', '28.26407', 0, 0),
(2572, 0, '贵州省', 1, '', '106.713478', '26.578343', 0, 0),
(2573, 2572, '贵阳市', 2, '550001', '106.713478', '26.578343', 0, 0),
(2574, 2573, '南明区', 3, '550001', '106.7145', '26.56819', 0, 0),
(2575, 2573, '云岩区', 3, '550001', '106.72485', '26.60484', 0, 0),
(2576, 2573, '花溪区', 3, '550025', '106.67688', '26.43343', 0, 0),
(2577, 2573, '乌当区', 3, '550018', '106.7521', '26.6302', 0, 0),
(2578, 2573, '白云区', 3, '550014', '106.63088', '26.68284', 0, 0),
(2579, 2573, '观山湖区', 3, '550009', '106.625442', '26.618209', 0, 0),
(2580, 2573, '开阳县', 3, '550300', '106.9692', '27.05533', 0, 0),
(2581, 2573, '息烽县', 3, '551100', '106.738', '27.09346', 0, 0),
(2582, 2573, '修文县', 3, '550200', '106.59487', '26.83783', 0, 0),
(2583, 2573, '清镇市', 3, '551400', '106.46862', '26.55261', 0, 0),
(2584, 2572, '六盘水市', 2, '553400', '104.846743', '26.584643', 0, 0),
(2585, 2584, '钟山区', 3, '553000', '104.87848', '26.57699', 0, 0),
(2586, 2584, '六枝特区', 3, '553400', '105.48062', '26.20117', 0, 0),
(2587, 2584, '水城县', 3, '553000', '104.95764', '26.54785', 0, 0),
(2588, 2584, '盘县', 3, '561601', '104.47061', '25.7136', 0, 0),
(2589, 2572, '遵义市', 2, '563000', '106.937265', '27.706626', 0, 0),
(2590, 2589, '红花岗区', 3, '563000', '106.89404', '27.64471', 0, 0),
(2591, 2589, '汇川区', 3, '563000', '106.9393', '27.70625', 0, 0),
(2592, 2589, '遵义县', 3, '563100', '106.83331', '27.53772', 0, 0),
(2593, 2589, '桐梓县', 3, '563200', '106.82568', '28.13806', 0, 0),
(2594, 2589, '绥阳县', 3, '563300', '107.19064', '27.94702', 0, 0),
(2595, 2589, '正安县', 3, '563400', '107.44357', '28.5512', 0, 0),
(2596, 2589, '道真仡佬族苗族自治县', 3, '563500', '107.61152', '28.864', 0, 0),
(2597, 2589, '务川仡佬族苗族自治县', 3, '564300', '107.88935', '28.52227', 0, 0),
(2598, 2589, '凤冈县', 3, '564200', '107.71682', '27.95461', 0, 0),
(2599, 2589, '湄潭县', 3, '564100', '107.48779', '27.76676', 0, 0),
(2600, 2589, '余庆县', 3, '564400', '107.88821', '27.22532', 0, 0),
(2601, 2589, '习水县', 3, '564600', '106.21267', '28.31976', 0, 0),
(2602, 2589, '赤水市', 3, '564700', '105.69845', '28.58921', 0, 0),
(2603, 2589, '仁怀市', 3, '564500', '106.40152', '27.79231', 0, 0),
(2604, 2572, '安顺市', 2, '561000', '105.932188', '26.245544', 0, 0),
(2605, 2604, '西秀区', 3, '561000', '105.96585', '26.24491', 0, 0),
(2606, 2604, '平坝区', 3, '561100', '106.25683', '26.40543', 0, 0),
(2607, 2604, '普定县', 3, '562100', '105.74285', '26.30141', 0, 0),
(2608, 2604, '镇宁布依族苗族自治县', 3, '561200', '105.76513', '26.05533', 0, 0),
(2609, 2604, '关岭布依族苗族自治县', 3, '561300', '105.61883', '25.94248', 0, 0),
(2610, 2604, '紫云苗族布依族自治县', 3, '550800', '106.08364', '25.75258', 0, 0),
(2611, 2572, '毕节市', 2, '551700', '105.28501', '27.301693', 0, 0),
(2612, 2611, '七星关区', 3, '551700', '104.9497', '27.153556', 0, 0),
(2613, 2611, '大方县', 3, '551600', '105.609254', '27.143521', 0, 0),
(2614, 2611, '黔西县', 3, '551500', '106.038299', '27.024923', 0, 0),
(2615, 2611, '金沙县', 3, '551800', '106.222103', '27.459693', 0, 0),
(2616, 2611, '织金县', 3, '552100', '105.768997', '26.668497', 0, 0),
(2617, 2611, '纳雍县', 3, '553300', '105.375322', '26.769875', 0, 0),
(2618, 2611, '威宁彝族回族苗族自治县', 3, '553100', '104.286523', '26.859099', 0, 0),
(2619, 2611, '赫章县', 3, '553200', '104.726438', '27.119243', 0, 0),
(2620, 2572, '铜仁市', 2, '554300', '109.191555', '27.718346', 0, 0),
(2621, 2620, '碧江区', 3, '554300', '109.191555', '27.718346', 0, 0),
(2622, 2620, '万山区', 3, '554200', '109.21199', '27.51903', 0, 0),
(2623, 2620, '江口县', 3, '554400', '108.848427', '27.691904', 0, 0),
(2624, 2620, '玉屏侗族自治县', 3, '554004', '108.917882', '27.238024', 0, 0),
(2625, 2620, '石阡县', 3, '555100', '108.229854', '27.519386', 0, 0),
(2626, 2620, '思南县', 3, '565100', '108.255827', '27.941331', 0, 0),
(2627, 2620, '印江土家族苗族自治县', 3, '555200', '108.405517', '27.997976', 0, 0),
(2628, 2620, '德江县', 3, '565200', '108.117317', '28.26094', 0, 0),
(2629, 2620, '沿河土家族自治县', 3, '565300', '108.495746', '28.560487', 0, 0),
(2630, 2620, '松桃苗族自治县', 3, '554100', '109.202627', '28.165419', 0, 0),
(2631, 2572, '黔西南布依族苗族自治州', 2, '562400', '104.897971', '25.08812', 0, 0),
(2632, 2631, '兴义市 ', 3, '562400', '104.89548', '25.09205', 0, 0),
(2633, 2631, '兴仁县', 3, '562300', '105.18652', '25.43282', 0, 0),
(2634, 2631, '普安县', 3, '561500', '104.95529', '25.78603', 0, 0),
(2635, 2631, '晴隆县', 3, '561400', '105.2192', '25.83522', 0, 0),
(2636, 2631, '贞丰县', 3, '562200', '105.65454', '25.38464', 0, 0),
(2637, 2631, '望谟县', 3, '552300', '106.09957', '25.17822', 0, 0),
(2638, 2631, '册亨县', 3, '552200', '105.8124', '24.98376', 0, 0),
(2639, 2631, '安龙县', 3, '552400', '105.44268', '25.09818', 0, 0),
(2640, 2572, '黔东南苗族侗族自治州', 2, '556000', '107.977488', '26.583352', 0, 0),
(2641, 2640, '凯里市', 3, '556000', '107.98132', '26.56689', 0, 0),
(2642, 2640, '黄平县', 3, '556100', '107.90179', '26.89573', 0, 0),
(2643, 2640, '施秉县', 3, '556200', '108.12597', '27.03495', 0, 0),
(2644, 2640, '三穗县', 3, '556500', '108.67132', '26.94765', 0, 0),
(2645, 2640, '镇远县', 3, '557700', '108.42721', '27.04933', 0, 0),
(2646, 2640, '岑巩县', 3, '557800', '108.81884', '27.17539', 0, 0),
(2647, 2640, '天柱县', 3, '556600', '109.20718', '26.90781', 0, 0),
(2648, 2640, '锦屏县', 3, '556700', '109.19982', '26.67635', 0, 0),
(2649, 2640, '剑河县', 3, '556400', '108.5913', '26.6525', 0, 0),
(2650, 2640, '台江县', 3, '556300', '108.31814', '26.66916', 0, 0),
(2651, 2640, '黎平县', 3, '557300', '109.13607', '26.23114', 0, 0),
(2652, 2640, '榕江县', 3, '557200', '108.52072', '25.92421', 0, 0),
(2653, 2640, '从江县', 3, '557400', '108.90527', '25.75415', 0, 0),
(2654, 2640, '雷山县', 3, '557100', '108.07745', '26.38385', 0, 0),
(2655, 2640, '麻江县', 3, '557600', '107.59155', '26.49235', 0, 0),
(2656, 2640, '丹寨县', 3, '557500', '107.79718', '26.19816', 0, 0),
(2657, 2572, '黔南布依族苗族自治州', 2, '558000', '107.517156', '26.258219', 0, 0),
(2658, 2657, '都匀市', 3, '558000', '107.51872', '26.2594', 0, 0),
(2659, 2657, '福泉市', 3, '550500', '107.51715', '26.67989', 0, 0),
(2660, 2657, '荔波县', 3, '558400', '107.88592', '25.4139', 0, 0),
(2661, 2657, '贵定县', 3, '551300', '107.23654', '26.57812', 0, 0),
(2662, 2657, '瓮安县', 3, '550400', '107.4757', '27.06813', 0, 0),
(2663, 2657, '独山县', 3, '558200', '107.54101', '25.8245', 0, 0),
(2664, 2657, '平塘县', 3, '558300', '107.32428', '25.83294', 0, 0),
(2665, 2657, '罗甸县', 3, '550100', '106.75186', '25.42586', 0, 0),
(2666, 2657, '长顺县', 3, '550700', '106.45217', '26.02299', 0, 0),
(2667, 2657, '龙里县', 3, '551200', '106.97662', '26.45076', 0, 0),
(2668, 2657, '惠水县', 3, '550600', '106.65911', '26.13389', 0, 0),
(2669, 2657, '三都水族自治县', 3, '558100', '107.87464', '25.98562', 0, 0),
(2670, 0, '云南省', 1, '', '102.712251', '25.040609', 0, 0),
(2671, 2670, '昆明市', 2, '650500', '102.712251', '25.040609', 0, 0),
(2672, 2671, '五华区', 3, '650021', '102.70786', '25.03521', 0, 0),
(2673, 2671, '盘龙区', 3, '650051', '102.71994', '25.04053', 0, 0),
(2674, 2671, '官渡区', 3, '650200', '102.74362', '25.01497', 0, 0),
(2675, 2671, '西山区', 3, '650118', '102.66464', '25.03796', 0, 0),
(2676, 2671, '东川区', 3, '654100', '103.18832', '26.083', 0, 0),
(2677, 2671, '呈贡区', 3, '650500', '102.801382', '24.889275', 0, 0),
(2678, 2671, '晋宁县', 3, '650600', '102.59393', '24.6665', 0, 0),
(2679, 2671, '富民县', 3, '650400', '102.4985', '25.22119', 0, 0),
(2680, 2671, '宜良县', 3, '652100', '103.14117', '24.91705', 0, 0),
(2681, 2671, '石林彝族自治县', 3, '652200', '103.27148', '24.75897', 0, 0),
(2682, 2671, '嵩明县', 3, '651700', '103.03729', '25.33986', 0, 0),
(2683, 2671, '禄劝彝族苗族自治县', 3, '651500', '102.4671', '25.55387', 0, 0),
(2684, 2671, '寻甸回族彝族自治县 ', 3, '655200', '103.2557', '25.55961', 0, 0),
(2685, 2671, '安宁市', 3, '650300', '102.46972', '24.91652', 0, 0),
(2686, 2670, '曲靖市', 2, '655000', '103.797851', '25.501557', 0, 0),
(2687, 2686, '麒麟区', 3, '655000', '103.80504', '25.49515', 0, 0),
(2688, 2686, '马龙县', 3, '655100', '103.57873', '25.42521', 0, 0),
(2689, 2686, '陆良县', 3, '655600', '103.6665', '25.02335', 0, 0),
(2690, 2686, '师宗县', 3, '655700', '103.99084', '24.82822', 0, 0),
(2691, 2686, '罗平县', 3, '655800', '104.30859', '24.88444', 0, 0),
(2692, 2686, '富源县', 3, '655500', '104.25387', '25.66587', 0, 0),
(2693, 2686, '会泽县', 3, '654200', '103.30017', '26.41076', 0, 0),
(2694, 2686, '沾益县', 3, '655331', '103.82135', '25.60715', 0, 0),
(2695, 2686, '宣威市', 3, '655400', '104.10409', '26.2173', 0, 0),
(2696, 2670, '玉溪市', 2, '653100', '102.543907', '24.350461', 0, 0),
(2697, 2696, '红塔区', 3, '653100', '102.5449', '24.35411', 0, 0),
(2698, 2696, '江川县', 3, '652600', '102.75412', '24.28863', 0, 0),
(2699, 2696, '澄江县', 3, '652500', '102.90817', '24.67376', 0, 0),
(2700, 2696, '通海县', 3, '652700', '102.76641', '24.11362', 0, 0),
(2701, 2696, '华宁县', 3, '652800', '102.92831', '24.1926', 0, 0),
(2702, 2696, '易门县', 3, '651100', '102.16354', '24.67122', 0, 0),
(2703, 2696, '峨山彝族自治县', 3, '653200', '102.40576', '24.16904', 0, 0),
(2704, 2696, '新平彝族傣族自治县', 3, '653400', '101.98895', '24.06886', 0, 0),
(2705, 2696, '元江哈尼族彝族傣族自治县', 3, '653300', '101.99812', '23.59655', 0, 0),
(2706, 2670, '保山市', 2, '678000', '99.167133', '25.111802', 0, 0),
(2707, 2706, '隆阳区', 3, '678000', '99.16334', '25.11163', 0, 0),
(2708, 2706, '施甸县', 3, '678200', '99.18768', '24.72418', 0, 0),
(2709, 2706, '腾冲县', 3, '679100', '98.49414', '25.02539', 0, 0),
(2710, 2706, '龙陵县', 3, '678300', '98.69024', '24.58746', 0, 0),
(2711, 2706, '昌宁县', 3, '678100', '99.6036', '24.82763', 0, 0),
(2712, 2670, '昭通市', 2, '657000', '103.717216', '27.336999', 0, 0),
(2713, 2712, '昭阳区', 3, '657000', '103.70654', '27.31998', 0, 0),
(2714, 2712, '鲁甸县', 3, '657100', '103.54721', '27.19238', 0, 0),
(2715, 2712, '巧家县', 3, '654600', '102.92416', '26.91237', 0, 0),
(2716, 2712, '盐津县', 3, '657500', '104.23461', '28.10856', 0, 0),
(2717, 2712, '大关县', 3, '657400', '103.89254', '27.7488', 0, 0),
(2718, 2712, '永善县', 3, '657300', '103.63504', '28.2279', 0, 0),
(2719, 2712, '绥江县', 3, '657700', '103.94937', '28.59661', 0, 0),
(2720, 2712, '镇雄县', 3, '657200', '104.87258', '27.43981', 0, 0),
(2721, 2712, '彝良县', 3, '657600', '104.04983', '27.62809', 0, 0),
(2722, 2712, '威信县', 3, '657900', '105.04754', '27.84065', 0, 0),
(2723, 2712, '水富县', 3, '657800', '104.4158', '28.62986', 0, 0),
(2724, 2670, '丽江市', 2, '674100', '100.233026', '26.872108', 0, 0),
(2725, 2724, '古城区', 3, '674100', '100.2257', '26.87697', 0, 0),
(2726, 2724, '玉龙纳西族自治县', 3, '674100', '100.2369', '26.82149', 0, 0),
(2727, 2724, '永胜县', 3, '674200', '100.74667', '26.68591', 0, 0),
(2728, 2724, '华坪县', 3, '674800', '101.26562', '26.62967', 0, 0),
(2729, 2724, '宁蒗彝族自治县', 3, '674300', '100.8507', '27.28179', 0, 0),
(2730, 2670, '普洱市', 2, '665000', '100.972344', '22.777321', 0, 0),
(2731, 2730, '思茅区', 3, '665000', '100.97716', '22.78691', 0, 0),
(2732, 2730, '宁洱哈尼族彝族自治县', 3, '665100', '101.04653', '23.06341', 0, 0),
(2733, 2730, '墨江哈尼族自治县', 3, '654800', '101.69171', '23.43214', 0, 0),
(2734, 2730, '景东彝族自治县', 3, '676200', '100.83599', '24.44791', 0, 0),
(2735, 2730, '景谷傣族彝族自治县', 3, '666400', '100.70251', '23.49705', 0, 0),
(2736, 2730, '镇沅彝族哈尼族拉祜族自治县', 3, '666500', '101.10675', '24.00557', 0, 0),
(2737, 2730, '江城哈尼族彝族自治县', 3, '665900', '101.85788', '22.58424', 0, 0),
(2738, 2730, '孟连傣族拉祜族佤族自治县', 3, '665800', '99.58424', '22.32922', 0, 0),
(2739, 2730, '澜沧拉祜族自治县', 3, '665600', '99.93591', '22.55474', 0, 0),
(2740, 2730, '西盟佤族自治县', 3, '665700', '99.59869', '22.64774', 0, 0),
(2741, 2670, '临沧市', 2, '677000', '100.08697', '23.886567', 0, 0),
(2742, 2741, '临翔区', 3, '677000', '100.08242', '23.89497', 0, 0),
(2743, 2741, '凤庆县', 3, '675900', '99.92837', '24.58034', 0, 0),
(2744, 2741, '云县', 3, '675800', '100.12808', '24.44675', 0, 0),
(2745, 2741, '永德县', 3, '677600', '99.25326', '24.0276', 0, 0),
(2746, 2741, '镇康县', 3, '677704', '98.8255', '23.76241', 0, 0),
(2747, 2741, '双江拉祜族佤族布朗族傣族自治县', 3, '677300', '99.82769', '23.47349', 0, 0),
(2748, 2741, '耿马傣族佤族自治县', 3, '677500', '99.39785', '23.53776', 0, 0),
(2749, 2741, '沧源佤族自治县', 3, '677400', '99.24545', '23.14821', 0, 0),
(2750, 2670, '楚雄彝族自治州', 2, '675000', '101.546046', '25.041988', 0, 0),
(2751, 2750, '楚雄市', 3, '675000', '101.54615', '25.0329', 0, 0),
(2752, 2750, '双柏县', 3, '675100', '101.64205', '24.68882', 0, 0),
(2753, 2750, '牟定县', 3, '675500', '101.54', '25.31551', 0, 0),
(2754, 2750, '南华县', 3, '675200', '101.27313', '25.19293', 0, 0),
(2755, 2750, '姚安县', 3, '675300', '101.24279', '25.50467', 0, 0),
(2756, 2750, '大姚县', 3, '675400', '101.32397', '25.72218', 0, 0),
(2757, 2750, '永仁县', 3, '651400', '101.6716', '26.05794', 0, 0),
(2758, 2750, '元谋县', 3, '651300', '101.87728', '25.70438', 0, 0),
(2759, 2750, '武定县', 3, '651600', '102.4038', '25.5295', 0, 0),
(2760, 2750, '禄丰县', 3, '651200', '102.07797', '25.14815', 0, 0),
(2761, 2670, '红河哈尼族彝族自治州', 2, '661400', '103.384182', '23.366775', 0, 0),
(2762, 2761, '个旧市', 3, '661000', '103.15966', '23.35894', 0, 0),
(2763, 2761, '开远市', 3, '661600', '103.26986', '23.71012', 0, 0),
(2764, 2761, '蒙自市', 3, '661101', '103.385005', '23.366843', 0, 0),
(2765, 2761, '弥勒市', 3, '652300', '103.436988', '24.40837', 0, 0),
(2766, 2761, '屏边苗族自治县', 3, '661200', '103.68554', '22.98425', 0, 0),
(2767, 2761, '建水县', 3, '654300', '102.82656', '23.63472', 0, 0),
(2768, 2761, '石屏县', 3, '662200', '102.49408', '23.71441', 0, 0),
(2769, 2761, '泸西县', 3, '652400', '103.76373', '24.52854', 0, 0),
(2770, 2761, '元阳县', 3, '662400', '102.83261', '23.22281', 0, 0),
(2771, 2761, '红河县', 3, '654400', '102.42059', '23.36767', 0, 0),
(2772, 2761, '金平苗族瑶族傣族自治县', 3, '661500', '103.22651', '22.77959', 0, 0),
(2773, 2761, '绿春县', 3, '662500', '102.39672', '22.99371', 0, 0),
(2774, 2761, '河口瑶族自治县', 3, '661300', '103.93936', '22.52929', 0, 0),
(2775, 2670, '文山壮族苗族自治州', 2, '663000', '104.24401', '23.36951', 0, 0),
(2776, 2775, '文山市', 3, '663000', '104.244277', '23.369216', 0, 0),
(2777, 2775, '砚山县', 3, '663100', '104.33306', '23.60723', 0, 0),
(2778, 2775, '西畴县', 3, '663500', '104.67419', '23.43941', 0, 0),
(2779, 2775, '麻栗坡县', 3, '663600', '104.70132', '23.12028', 0, 0),
(2780, 2775, '马关县', 3, '663700', '104.39514', '23.01293', 0, 0),
(2781, 2775, '丘北县', 3, '663200', '104.19256', '24.03957', 0, 0),
(2782, 2775, '广南县', 3, '663300', '105.05511', '24.0464', 0, 0),
(2783, 2775, '富宁县', 3, '663400', '105.63085', '23.62536', 0, 0),
(2784, 2670, '西双版纳傣族自治州', 2, '666100', '100.797941', '22.001724', 0, 0),
(2785, 2784, '景洪市', 3, '666100', '100.79977', '22.01071', 0, 0),
(2786, 2784, '勐海县', 3, '666200', '100.44931', '21.96175', 0, 0),
(2787, 2784, '勐腊县', 3, '666300', '101.56488', '21.48162', 0, 0),
(2788, 2670, '大理白族自治州', 2, '671000', '100.240037', '25.592765', 0, 0),
(2789, 2788, '大理市', 3, '671000', '100.22998', '25.59157', 0, 0),
(2790, 2788, '漾濞彝族自治县', 3, '672500', '99.95474', '25.6652', 0, 0),
(2791, 2788, '祥云县', 3, '672100', '100.55761', '25.47342', 0, 0),
(2792, 2788, '宾川县', 3, '671600', '100.57666', '25.83144', 0, 0),
(2793, 2788, '弥渡县', 3, '675600', '100.49075', '25.34179', 0, 0),
(2794, 2788, '南涧彝族自治县', 3, '675700', '100.50964', '25.04349', 0, 0),
(2795, 2788, '巍山彝族回族自治县', 3, '672400', '100.30612', '25.23197', 0, 0),
(2796, 2788, '永平县', 3, '672600', '99.54095', '25.46451', 0, 0),
(2797, 2788, '云龙县', 3, '672700', '99.37255', '25.88505', 0, 0),
(2798, 2788, '洱源县', 3, '671200', '99.94903', '26.10829', 0, 0),
(2799, 2788, '剑川县', 3, '671300', '99.90545', '26.53688', 0, 0),
(2800, 2788, '鹤庆县', 3, '671500', '100.17697', '26.55798', 0, 0),
(2801, 2670, '德宏傣族景颇族自治州', 2, '678400', '98.578363', '24.436694', 0, 0),
(2802, 2801, '瑞丽市', 3, '678600', '97.85183', '24.01277', 0, 0),
(2803, 2801, '芒市', 3, '678400', '98.588641', '24.433735', 0, 0),
(2804, 2801, '梁河县', 3, '679200', '98.29705', '24.80658', 0, 0),
(2805, 2801, '盈江县', 3, '679300', '97.93179', '24.70579', 0, 0),
(2806, 2801, '陇川县', 3, '678700', '97.79199', '24.18302', 0, 0),
(2807, 2670, '怒江傈僳族自治州', 2, '673100', '98.854304', '25.850949', 0, 0),
(2808, 2807, '泸水县', 3, '673100', '98.85534', '25.83772', 0, 0),
(2809, 2807, '福贡县', 3, '673400', '98.86969', '26.90366', 0, 0),
(2810, 2807, '贡山独龙族怒族自治县', 3, '673500', '98.66583', '27.74088', 0, 0),
(2811, 2807, '兰坪白族普米族自治县', 3, '671400', '99.41891', '26.45251', 0, 0),
(2812, 2670, '迪庆藏族自治州', 2, '674400', '99.706463', '27.826853', 0, 0),
(2813, 2812, '香格里拉市', 3, '674400', '99.70601', '27.82308', 0, 0),
(2814, 2812, '德钦县', 3, '674500', '98.91082', '28.4863', 0, 0),
(2815, 2812, '维西傈僳族自治县', 3, '674600', '99.28402', '27.1793', 0, 0),
(2816, 0, '西藏自治区', 1, '', '91.132212', '29.660361', 0, 0),
(2817, 2816, '拉萨市', 2, '850000', '91.132212', '29.660361', 0, 0),
(2818, 2817, '城关区', 3, '850000', '91.13859', '29.65312', 0, 0),
(2819, 2817, '林周县', 3, '851600', '91.2586', '29.89445', 0, 0),
(2820, 2817, '当雄县', 3, '851500', '91.10076', '30.48309', 0, 0),
(2821, 2817, '尼木县', 3, '851300', '90.16378', '29.43353', 0, 0),
(2822, 2817, '曲水县', 3, '850600', '90.73187', '29.35636', 0, 0),
(2823, 2817, '堆龙德庆县', 3, '851400', '91.00033', '29.65002', 0, 0),
(2824, 2817, '达孜县', 3, '850100', '91.35757', '29.6722', 0, 0),
(2825, 2817, '墨竹工卡县', 3, '850200', '91.72814', '29.83614', 0, 0),
(2826, 2816, '日喀则市', 2, '857000', '88.884874', '29.263792', 0, 0),
(2827, 2826, '桑珠孜区', 3, '857000', '88.880367', '29.269565', 0, 0),
(2828, 2826, '南木林县', 3, '857100', '89.09686', '29.68206', 0, 0),
(2829, 2826, '江孜县', 3, '857400', '89.60263', '28.91744', 0, 0),
(2830, 2826, '定日县', 3, '858200', '87.12176', '28.66129', 0, 0),
(2831, 2826, '萨迦县', 3, '857800', '88.02191', '28.90299', 0, 0),
(2832, 2826, '拉孜县', 3, '858100', '87.63412', '29.085', 0, 0),
(2833, 2826, '昂仁县', 3, '858500', '87.23858', '29.29496', 0, 0),
(2834, 2826, '谢通门县', 3, '858900', '88.26242', '29.43337', 0, 0),
(2835, 2826, '白朗县', 3, '857300', '89.26205', '29.10553', 0, 0),
(2836, 2826, '仁布县', 3, '857200', '89.84228', '29.2301', 0, 0),
(2837, 2826, '康马县', 3, '857500', '89.68527', '28.5567', 0, 0),
(2838, 2826, '定结县', 3, '857900', '87.77255', '28.36403', 0, 0),
(2839, 2826, '仲巴县', 3, '858800', '84.02951', '29.76595', 0, 0),
(2840, 2826, '亚东县', 3, '857600', '88.90802', '27.4839', 0, 0),
(2841, 2826, '吉隆县', 3, '858700', '85.29846', '28.85382', 0, 0),
(2842, 2826, '聂拉木县', 3, '858300', '85.97998', '28.15645', 0, 0),
(2843, 2826, '萨嘎县', 3, '857800', '85.23413', '29.32936', 0, 0),
(2844, 2826, '岗巴县', 3, '857700', '88.52069', '28.27504', 0, 0),
(2845, 2816, '昌都市', 2, '854000', '97.178452', '31.136875', 0, 0),
(2846, 2845, '卡若区', 3, '854000', '97.18043', '31.1385', 0, 0),
(2847, 2845, '江达县', 3, '854100', '98.21865', '31.50343', 0, 0),
(2848, 2845, '贡觉县', 3, '854200', '98.27163', '30.85941', 0, 0),
(2849, 2845, '类乌齐县', 3, '855600', '96.60015', '31.21207', 0, 0),
(2850, 2845, '丁青县', 3, '855700', '95.59362', '31.41621', 0, 0),
(2851, 2845, '察雅县', 3, '854300', '97.56521', '30.65336', 0, 0),
(2852, 2845, '八宿县', 3, '854600', '96.9176', '30.05346', 0, 0),
(2853, 2845, '左贡县', 3, '854400', '97.84429', '29.67108', 0, 0),
(2854, 2845, '芒康县', 3, '854500', '98.59378', '29.67946', 0, 0),
(2855, 2845, '洛隆县', 3, '855400', '95.82644', '30.74049', 0, 0),
(2856, 2845, '边坝县', 3, '855500', '94.70687', '30.93434', 0, 0),
(2857, 2816, '山南地区', 2, '856000', '91.766529', '29.236023', 0, 0),
(2858, 2857, '乃东县', 3, '856100', '91.76153', '29.2249', 0, 0),
(2859, 2857, '扎囊县', 3, '850800', '91.33288', '29.2399', 0, 0),
(2860, 2857, '贡嘎县', 3, '850700', '90.98867', '29.29408', 0, 0),
(2861, 2857, '桑日县', 3, '856200', '92.02005', '29.26643', 0, 0),
(2862, 2857, '琼结县', 3, '856800', '91.68093', '29.02632', 0, 0),
(2863, 2857, '曲松县', 3, '856300', '92.20263', '29.06412', 0, 0),
(2864, 2857, '措美县', 3, '856900', '91.43237', '28.43794', 0, 0),
(2865, 2857, '洛扎县', 3, '856600', '90.86035', '28.3872', 0, 0),
(2866, 2857, '加查县', 3, '856400', '92.57702', '29.13973', 0, 0),
(2867, 2857, '隆子县', 3, '856600', '92.46148', '28.40797', 0, 0),
(2868, 2857, '错那县', 3, '856700', '91.95752', '27.99224', 0, 0),
(2869, 2857, '浪卡子县', 3, '851100', '90.40002', '28.96948', 0, 0),
(2870, 2816, '那曲地区', 2, '852000', '92.060214', '31.476004', 0, 0),
(2871, 2870, '那曲县', 3, '852000', '92.0535', '31.46964', 0, 0),
(2872, 2870, '嘉黎县', 3, '852400', '93.24987', '30.64233', 0, 0),
(2873, 2870, '比如县', 3, '852300', '93.68685', '31.4779', 0, 0),
(2874, 2870, '聂荣县', 3, '853500', '92.29574', '32.11193', 0, 0),
(2875, 2870, '安多县', 3, '853400', '91.6795', '32.26125', 0, 0),
(2876, 2870, '申扎县', 3, '853100', '88.70776', '30.92995', 0, 0),
(2877, 2870, '索县', 3, '852200', '93.78295', '31.88427', 0, 0),
(2878, 2870, '班戈县', 3, '852500', '90.01907', '31.36149', 0, 0),
(2879, 2870, '巴青县', 3, '852100', '94.05316', '31.91833', 0, 0),
(2880, 2870, '尼玛县', 3, '852600', '87.25256', '31.79654', 0, 0),
(2881, 2870, '双湖县', 3, '852600', '88.837776', '33.189032', 0, 0),
(2882, 2816, '阿里地区', 2, '859000', '80.105498', '32.503187', 0, 0),
(2883, 2882, '普兰县', 3, '859500', '81.177', '30.30002', 0, 0),
(2884, 2882, '札达县', 3, '859600', '79.80255', '31.48345', 0, 0),
(2885, 2882, '噶尔县', 3, '859400', '80.09579', '32.50024', 0, 0),
(2886, 2882, '日土县', 3, '859700', '79.7131', '33.38741', 0, 0),
(2887, 2882, '革吉县', 3, '859100', '81.151', '32.3964', 0, 0),
(2888, 2882, '改则县', 3, '859200', '84.06295', '32.30446', 0, 0),
(2889, 2882, '措勤县', 3, '859300', '85.16616', '31.02095', 0, 0),
(2890, 2816, '林芝地区', 2, '850400', '94.362348', '29.654693', 0, 0),
(2891, 2890, '林芝县', 3, '850400', '94.48391', '29.57562', 0, 0),
(2892, 2890, '工布江达县', 3, '850300', '93.2452', '29.88576', 0, 0),
(2893, 2890, '米林县', 3, '850500', '94.21316', '29.21535', 0, 0),
(2894, 2890, '墨脱县', 3, '855300', '95.3316', '29.32698', 0, 0),
(2895, 2890, '波密县', 3, '855200', '95.77096', '29.85907', 0, 0),
(2896, 2890, '察隅县', 3, '855100', '97.46679', '28.6618', 0, 0),
(2897, 2890, '朗县', 3, '856500', '93.0754', '29.04549', 0, 0),
(2898, 0, '陕西省', 1, '', '108.948024', '34.263161', 0, 0),
(2899, 2898, '西安市', 2, '710003', '108.948024', '34.263161', 0, 0),
(2900, 2899, '新城区', 3, '710004', '108.9608', '34.26641', 0, 0),
(2901, 2899, '碑林区', 3, '710001', '108.93426', '34.2304', 0, 0),
(2902, 2899, '莲湖区', 3, '710003', '108.9401', '34.26709', 0, 0),
(2903, 2899, '灞桥区', 3, '710038', '109.06451', '34.27264', 0, 0),
(2904, 2899, '未央区', 3, '710014', '108.94683', '34.29296', 0, 0),
(2905, 2899, '雁塔区', 3, '710061', '108.94866', '34.22245', 0, 0),
(2906, 2899, '阎良区', 3, '710087', '109.22616', '34.66221', 0, 0),
(2907, 2899, '临潼区', 3, '710600', '109.21417', '34.36665', 0, 0),
(2908, 2899, '长安区', 3, '710100', '108.94586', '34.15559', 0, 0),
(2909, 2899, '蓝田县', 3, '710500', '109.32339', '34.15128', 0, 0),
(2910, 2899, '周至县', 3, '710400', '108.22207', '34.16337', 0, 0),
(2911, 2899, '户县', 3, '710300', '108.60513', '34.10856', 0, 0),
(2912, 2899, '高陵区', 3, '710200', '109.08816', '34.53483', 0, 0),
(2913, 2898, '铜川市', 2, '727100', '108.963122', '34.90892', 0, 0),
(2914, 2913, '王益区', 3, '727000', '109.07564', '35.06896', 0, 0),
(2915, 2913, '印台区', 3, '727007', '109.10208', '35.1169', 0, 0),
(2916, 2913, '耀州区', 3, '727100', '108.98556', '34.91308', 0, 0),
(2917, 2913, '宜君县', 3, '727200', '109.11813', '35.40108', 0, 0),
(2918, 2898, '宝鸡市', 2, '721000', '107.14487', '34.369315', 0, 0),
(2919, 2918, '渭滨区', 3, '721000', '107.14991', '34.37116', 0, 0),
(2920, 2918, '金台区', 3, '721000', '107.14691', '34.37612', 0, 0),
(2921, 2918, '陈仓区', 3, '721300', '107.38742', '34.35451', 0, 0),
(2922, 2918, '凤翔县', 3, '721400', '107.39645', '34.52321', 0, 0),
(2923, 2918, '岐山县', 3, '722400', '107.62173', '34.44378', 0, 0),
(2924, 2918, '扶风县', 3, '722200', '107.90017', '34.37524', 0, 0),
(2925, 2918, '眉县', 3, '722300', '107.75079', '34.27569', 0, 0),
(2926, 2918, '陇县', 3, '721200', '106.85946', '34.89404', 0, 0),
(2927, 2918, '千阳县', 3, '721100', '107.13043', '34.64219', 0, 0),
(2928, 2918, '麟游县', 3, '721500', '107.79623', '34.67844', 0, 0),
(2929, 2918, '凤县', 3, '721700', '106.52356', '33.91172', 0, 0),
(2930, 2918, '太白县', 3, '721600', '107.31646', '34.06207', 0, 0),
(2931, 2898, '咸阳市', 2, '712000', '108.705117', '34.333439', 0, 0),
(2932, 2931, '秦都区', 3, '712000', '108.71493', '34.33804', 0, 0),
(2933, 2931, '杨陵区', 3, '712100', '108.083481', '34.270434', 0, 0),
(2934, 2931, '渭城区', 3, '712000', '108.72227', '34.33198', 0, 0),
(2935, 2931, '三原县', 3, '713800', '108.93194', '34.61556', 0, 0),
(2936, 2931, '泾阳县', 3, '713700', '108.84259', '34.52705', 0, 0),
(2937, 2931, '乾县', 3, '713300', '108.24231', '34.52946', 0, 0),
(2938, 2931, '礼泉县', 3, '713200', '108.4263', '34.48455', 0, 0),
(2939, 2931, '永寿县', 3, '713400', '108.14474', '34.69081', 0, 0),
(2940, 2931, '彬县', 3, '713500', '108.08468', '35.0342', 0, 0),
(2941, 2931, '长武县', 3, '713600', '107.7951', '35.2067', 0, 0),
(2942, 2931, '旬邑县', 3, '711300', '108.3341', '35.11338', 0, 0),
(2943, 2931, '淳化县', 3, '711200', '108.58026', '34.79886', 0, 0),
(2944, 2931, '武功县', 3, '712200', '108.20434', '34.26003', 0, 0),
(2945, 2931, '兴平市', 3, '713100', '108.49057', '34.29785', 0, 0),
(2946, 2898, '渭南市', 2, '714000', '109.502882', '34.499381', 0, 0),
(2947, 2946, '临渭区', 3, '714000', '109.49296', '34.49822', 0, 0),
(2948, 2946, '华县', 3, '714100', '109.77185', '34.51255', 0, 0),
(2949, 2946, '潼关县', 3, '714300', '110.24362', '34.54284', 0, 0),
(2950, 2946, '大荔县', 3, '715100', '109.94216', '34.79565', 0, 0),
(2951, 2946, '合阳县', 3, '715300', '110.14862', '35.23805', 0, 0),
(2952, 2946, '澄城县', 3, '715200', '109.93444', '35.18396', 0, 0),
(2953, 2946, '蒲城县', 3, '715500', '109.5903', '34.9568', 0, 0),
(2954, 2946, '白水县', 3, '715600', '109.59286', '35.17863', 0, 0),
(2955, 2946, '富平县', 3, '711700', '109.1802', '34.75109', 0, 0),
(2956, 2946, '韩城市', 3, '715400', '110.44238', '35.47926', 0, 0),
(2957, 2946, '华阴市', 3, '714200', '110.08752', '34.56608', 0, 0),
(2958, 2898, '延安市', 2, '716000', '109.49081', '36.596537', 0, 0),
(2959, 2958, '宝塔区', 3, '716000', '109.49336', '36.59154', 0, 0),
(2960, 2958, '延长县', 3, '717100', '110.01083', '36.57904', 0, 0),
(2961, 2958, '延川县', 3, '717200', '110.19415', '36.87817', 0, 0),
(2962, 2958, '子长县', 3, '717300', '109.67532', '37.14253', 0, 0),
(2963, 2958, '安塞县', 3, '717400', '109.32708', '36.86507', 0, 0),
(2964, 2958, '志丹县', 3, '717500', '108.76815', '36.82177', 0, 0),
(2965, 2958, '吴起县', 3, '717600', '108.17611', '36.92785', 0, 0),
(2966, 2958, '甘泉县', 3, '716100', '109.35012', '36.27754', 0, 0),
(2967, 2958, '富县', 3, '727500', '109.37927', '35.98803', 0, 0),
(2968, 2958, '洛川县', 3, '727400', '109.43286', '35.76076', 0, 0),
(2969, 2958, '宜川县', 3, '716200', '110.17196', '36.04732', 0, 0),
(2970, 2958, '黄龙县', 3, '715700', '109.84259', '35.58349', 0, 0),
(2971, 2958, '黄陵县', 3, '727300', '109.26333', '35.58357', 0, 0),
(2972, 2898, '汉中市', 2, '723000', '107.028621', '33.077668', 0, 0),
(2973, 2972, '汉台区', 3, '723000', '107.03187', '33.06774', 0, 0),
(2974, 2972, '南郑县', 3, '723100', '106.94024', '33.00299', 0, 0),
(2975, 2972, '城固县', 3, '723200', '107.33367', '33.15661', 0, 0),
(2976, 2972, '洋县', 3, '723300', '107.54672', '33.22102', 0, 0),
(2977, 2972, '西乡县', 3, '723500', '107.76867', '32.98411', 0, 0),
(2978, 2972, '勉县', 3, '724200', '106.67584', '33.15273', 0, 0),
(2979, 2972, '宁强县', 3, '724400', '106.25958', '32.82881', 0, 0),
(2980, 2972, '略阳县', 3, '724300', '106.15399', '33.33009', 0, 0),
(2981, 2972, '镇巴县', 3, '723600', '107.89648', '32.53487', 0, 0),
(2982, 2972, '留坝县', 3, '724100', '106.92233', '33.61606', 0, 0),
(2983, 2972, '佛坪县', 3, '723400', '107.98974', '33.52496', 0, 0),
(2984, 2898, '榆林市', 2, '719000', '109.741193', '38.290162', 0, 0),
(2985, 2984, '榆阳区', 3, '719000', '109.73473', '38.27843', 0, 0),
(2986, 2984, '神木县', 3, '719300', '110.4989', '38.84234', 0, 0),
(2987, 2984, '府谷县', 3, '719400', '111.06723', '39.02805', 0, 0),
(2988, 2984, '横山县', 3, '719100', '109.29568', '37.958', 0, 0),
(2989, 2984, '靖边县', 3, '718500', '108.79412', '37.59938', 0, 0),
(2990, 2984, '定边县', 3, '718600', '107.59793', '37.59037', 0, 0),
(2991, 2984, '绥德县', 3, '718000', '110.26126', '37.49778', 0, 0),
(2992, 2984, '米脂县', 3, '718100', '110.18417', '37.75529', 0, 0),
(2993, 2984, '佳县', 3, '719200', '110.49362', '38.02248', 0, 0),
(2994, 2984, '吴堡县', 3, '718200', '110.74533', '37.45709', 0, 0),
(2995, 2984, '清涧县', 3, '718300', '110.12173', '37.08854', 0, 0),
(2996, 2984, '子洲县', 3, '718400', '110.03488', '37.61238', 0, 0),
(2997, 2898, '安康市', 2, '725000', '109.029273', '32.6903', 0, 0),
(2998, 2997, '汉滨区', 3, '725000', '109.02683', '32.69517', 0, 0),
(2999, 2997, '汉阴县', 3, '725100', '108.51098', '32.89129', 0, 0),
(3000, 2997, '石泉县', 3, '725200', '108.24755', '33.03971', 0, 0),
(3001, 2997, '宁陕县', 3, '711600', '108.31515', '33.31726', 0, 0),
(3002, 2997, '紫阳县', 3, '725300', '108.5368', '32.52115', 0, 0),
(3003, 2997, '岚皋县', 3, '725400', '108.90289', '32.30794', 0, 0),
(3004, 2997, '平利县', 3, '725500', '109.35775', '32.39111', 0, 0),
(3005, 2997, '镇坪县', 3, '725600', '109.52456', '31.8833', 0, 0),
(3006, 2997, '旬阳县', 3, '725700', '109.3619', '32.83207', 0, 0),
(3007, 2997, '白河县', 3, '725800', '110.11315', '32.80955', 0, 0),
(3008, 2898, '商洛市', 2, '726000', '109.939776', '33.868319', 0, 0),
(3009, 3008, '商州区', 3, '726000', '109.94126', '33.8627', 0, 0),
(3010, 3008, '洛南县', 3, '726100', '110.14645', '34.08994', 0, 0),
(3011, 3008, '丹凤县', 3, '726200', '110.33486', '33.69468', 0, 0),
(3012, 3008, '商南县', 3, '726300', '110.88375', '33.52581', 0, 0),
(3013, 3008, '山阳县', 3, '726400', '109.88784', '33.52931', 0, 0),
(3014, 3008, '镇安县', 3, '711500', '109.15374', '33.42366', 0, 0),
(3015, 3008, '柞水县', 3, '711400', '109.11105', '33.6831', 0, 0),
(3016, 2898, '西咸新区', 2, '712000', '108.810654', '34.307144', 0, 0),
(3017, 3016, '空港新城', 3, '461000', '108.760529', '34.440894', 0, 0),
(3018, 3016, '沣东新城', 3, '710000', '108.82988', '34.267431', 0, 0),
(3019, 3016, '秦汉新城', 3, '712000', '108.83812', '34.386513', 0, 0),
(3020, 3016, '沣西新城', 3, '710000', '108.71215', '34.190453', 0, 0),
(3021, 3016, '泾河新城', 3, '713700', '109.049603', '34.460587', 0, 0),
(3022, 0, '甘肃省', 1, '', '103.823557', '36.058039', 0, 0),
(3023, 3022, '兰州市', 2, '730030', '103.823557', '36.058039', 0, 0),
(3024, 3023, '城关区', 3, '730030', '103.8252', '36.05725', 0, 0),
(3025, 3023, '七里河区', 3, '730050', '103.78564', '36.06585', 0, 0),
(3026, 3023, '西固区', 3, '730060', '103.62811', '36.08858', 0, 0),
(3027, 3023, '安宁区', 3, '730070', '103.7189', '36.10384', 0, 0),
(3028, 3023, '红古区', 3, '730084', '102.85955', '36.34537', 0, 0),
(3029, 3023, '永登县', 3, '730300', '103.26055', '36.73522', 0, 0),
(3030, 3023, '皋兰县', 3, '730200', '103.94506', '36.33215', 0, 0),
(3031, 3023, '榆中县', 3, '730100', '104.1145', '35.84415', 0, 0),
(3032, 3022, '嘉峪关市', 2, '735100', '98.277304', '39.786529', 0, 0),
(3033, 3032, '雄关区', 3, '735100', '98.277398', '39.77925', 0, 0),
(3034, 3032, '长城区', 3, '735106', '98.273523', '39.787431', 0, 0),
(3035, 3032, '镜铁区', 3, '735100', '98.277304', '39.786529', 0, 0),
(3036, 3022, '金昌市', 2, '737100', '102.187888', '38.514238', 0, 0),
(3037, 3036, '金川区', 3, '737100', '102.19376', '38.52101', 0, 0),
(3038, 3036, '永昌县', 3, '737200', '101.97222', '38.24711', 0, 0),
(3039, 3022, '白银市', 2, '730900', '104.173606', '36.54568', 0, 0),
(3040, 3039, '白银区', 3, '730900', '104.17355', '36.54411', 0, 0),
(3041, 3039, '平川区', 3, '730913', '104.82498', '36.7277', 0, 0),
(3042, 3039, '靖远县', 3, '730600', '104.68325', '36.56602', 0, 0),
(3043, 3039, '会宁县', 3, '730700', '105.05297', '35.69626', 0, 0),
(3044, 3039, '景泰县', 3, '730400', '104.06295', '37.18359', 0, 0),
(3045, 3022, '天水市', 2, '741000', '105.724998', '34.578529', 0, 0),
(3046, 3045, '秦州区', 3, '741000', '105.72421', '34.58089', 0, 0),
(3047, 3045, '麦积区', 3, '741020', '105.89013', '34.57069', 0, 0),
(3048, 3045, '清水县', 3, '741400', '106.13671', '34.75032', 0, 0),
(3049, 3045, '秦安县', 3, '741600', '105.66955', '34.85894', 0, 0),
(3050, 3045, '甘谷县', 3, '741200', '105.33291', '34.73665', 0, 0),
(3051, 3045, '武山县', 3, '741300', '104.88382', '34.72123', 0, 0),
(3052, 3045, '张家川回族自治县', 3, '741500', '106.21582', '34.99582', 0, 0),
(3053, 3022, '武威市', 2, '733000', '102.634697', '37.929996', 0, 0),
(3054, 3053, '凉州区', 3, '733000', '102.64203', '37.92832', 0, 0),
(3055, 3053, '民勤县', 3, '733300', '103.09011', '38.62487', 0, 0),
(3056, 3053, '古浪县', 3, '733100', '102.89154', '37.46508', 0, 0),
(3057, 3053, '天祝藏族自治县', 3, '733200', '103.1361', '36.97715', 0, 0),
(3058, 3022, '张掖市', 2, '734000', '100.455472', '38.932897', 0, 0),
(3059, 3058, '甘州区', 3, '734000', '100.4527', '38.92947', 0, 0),
(3060, 3058, '肃南裕固族自治县', 3, '734400', '99.61407', '38.83776', 0, 0),
(3061, 3058, '民乐县', 3, '734500', '100.81091', '38.43479', 0, 0),
(3062, 3058, '临泽县', 3, '734200', '100.16445', '39.15252', 0, 0),
(3063, 3058, '高台县', 3, '734300', '99.81918', '39.37829', 0, 0),
(3064, 3058, '山丹县', 3, '734100', '101.09359', '38.78468', 0, 0),
(3065, 3022, '平凉市', 2, '744000', '106.684691', '35.54279', 0, 0),
(3066, 3065, '崆峒区', 3, '744000', '106.67483', '35.54262', 0, 0),
(3067, 3065, '泾川县', 3, '744300', '107.36581', '35.33223', 0, 0),
(3068, 3065, '灵台县', 3, '744400', '107.6174', '35.06768', 0, 0),
(3069, 3065, '崇信县', 3, '744200', '107.03738', '35.30344', 0, 0),
(3070, 3065, '华亭县', 3, '744100', '106.65463', '35.2183', 0, 0),
(3071, 3065, '庄浪县', 3, '744600', '106.03662', '35.20235', 0, 0),
(3072, 3065, '静宁县', 3, '743400', '105.72723', '35.51991', 0, 0),
(3073, 3022, '酒泉市', 2, '735000', '98.510795', '39.744023', 0, 0),
(3074, 3073, '肃州区', 3, '735000', '98.50775', '39.74506', 0, 0),
(3075, 3073, '金塔县', 3, '735300', '98.90002', '39.97733', 0, 0),
(3076, 3073, '瓜州县', 3, '736100', '95.78271', '40.51548', 0, 0),
(3077, 3073, '肃北蒙古族自治县', 3, '736300', '94.87649', '39.51214', 0, 0),
(3078, 3073, '阿克塞哈萨克族自治县', 3, '736400', '94.34097', '39.63435', 0, 0),
(3079, 3073, '玉门市', 3, '735200', '97.04538', '40.29172', 0, 0),
(3080, 3073, '敦煌市', 3, '736200', '94.66159', '40.14211', 0, 0),
(3081, 3022, '庆阳市', 2, '745000', '107.638372', '35.734218', 0, 0),
(3082, 3081, '西峰区', 3, '745000', '107.65107', '35.73065', 0, 0),
(3083, 3081, '庆城县', 3, '745100', '107.88272', '36.01507', 0, 0),
(3084, 3081, '环县', 3, '745700', '107.30835', '36.56846', 0, 0),
(3085, 3081, '华池县', 3, '745600', '107.9891', '36.46108', 0, 0),
(3086, 3081, '合水县', 3, '745400', '108.02032', '35.81911', 0, 0),
(3087, 3081, '正宁县', 3, '745300', '108.36007', '35.49174', 0, 0),
(3088, 3081, '宁县', 3, '745200', '107.92517', '35.50164', 0, 0),
(3089, 3081, '镇原县', 3, '744500', '107.199', '35.67712', 0, 0),
(3090, 3022, '定西市', 2, '743000', '104.626294', '35.579578', 0, 0),
(3091, 3090, '安定区', 3, '743000', '104.6106', '35.58066', 0, 0),
(3092, 3090, '通渭县', 3, '743300', '105.24224', '35.21101', 0, 0),
(3093, 3090, '陇西县', 3, '748100', '104.63446', '35.00238', 0, 0),
(3094, 3090, '渭源县', 3, '748200', '104.21435', '35.13649', 0, 0),
(3095, 3090, '临洮县', 3, '730500', '103.86196', '35.3751', 0, 0),
(3096, 3090, '漳县', 3, '748300', '104.46704', '34.84977', 0, 0),
(3097, 3090, '岷县', 3, '748400', '104.03772', '34.43444', 0, 0),
(3098, 3022, '陇南市', 2, '746000', '104.929379', '33.388598', 0, 0),
(3099, 3098, '武都区', 3, '746000', '104.92652', '33.39239', 0, 0),
(3100, 3098, '成县', 3, '742500', '105.72586', '33.73925', 0, 0),
(3101, 3098, '文县', 3, '746400', '104.68362', '32.94337', 0, 0),
(3102, 3098, '宕昌县', 3, '748500', '104.39349', '34.04732', 0, 0),
(3103, 3098, '康县', 3, '746500', '105.60711', '33.32912', 0, 0),
(3104, 3098, '西和县', 3, '742100', '105.30099', '34.01432', 0, 0),
(3105, 3098, '礼县', 3, '742200', '105.17785', '34.18935', 0, 0),
(3106, 3098, '徽县', 3, '742300', '106.08529', '33.76898', 0, 0),
(3107, 3098, '两当县', 3, '742400', '106.30484', '33.9096', 0, 0),
(3108, 3022, '临夏回族自治州', 2, '731100', '103.212006', '35.599446', 0, 0),
(3109, 3108, '临夏市', 3, '731100', '103.21', '35.59916', 0, 0),
(3110, 3108, '临夏县', 3, '731800', '102.9938', '35.49519', 0, 0),
(3111, 3108, '康乐县', 3, '731500', '103.71093', '35.37219', 0, 0),
(3112, 3108, '永靖县', 3, '731600', '103.32043', '35.93835', 0, 0),
(3113, 3108, '广河县', 3, '731300', '103.56933', '35.48097', 0, 0),
(3114, 3108, '和政县', 3, '731200', '103.34936', '35.42592', 0, 0),
(3115, 3108, '东乡族自治县', 3, '731400', '103.39477', '35.66471', 0, 0),
(3116, 3108, '积石山保安族东乡族撒拉族自治县', 3, '731700', '102.87374', '35.7182', 0, 0),
(3117, 3022, '甘南藏族自治州', 2, '747000', '102.911008', '34.986354', 0, 0),
(3118, 3117, '合作市', 3, '747000', '102.91082', '35.00016', 0, 0),
(3119, 3117, '临潭县', 3, '747500', '103.35287', '34.69515', 0, 0),
(3120, 3117, '卓尼县', 3, '747600', '103.50811', '34.58919', 0, 0),
(3121, 3117, '舟曲县', 3, '746300', '104.37155', '33.78468', 0, 0),
(3122, 3117, '迭部县', 3, '747400', '103.22274', '34.05623', 0, 0),
(3123, 3117, '玛曲县', 3, '747300', '102.0754', '33.997', 0, 0),
(3124, 3117, '碌曲县', 3, '747200', '102.49176', '34.58872', 0, 0),
(3125, 3117, '夏河县', 3, '747100', '102.52215', '35.20487', 0, 0),
(3126, 0, '青海省', 1, '', '101.778916', '36.623178', 0, 0),
(3127, 3126, '西宁市', 2, '810000', '101.778916', '36.623178', 0, 0),
(3128, 3127, '城东区', 3, '810007', '101.80373', '36.59969', 0, 0),
(3129, 3127, '城中区', 3, '810000', '101.78394', '36.62279', 0, 0),
(3130, 3127, '城西区', 3, '810001', '101.76588', '36.62828', 0, 0),
(3131, 3127, '城北区', 3, '810003', '101.7662', '36.65014', 0, 0),
(3132, 3127, '大通回族土族自治县', 3, '810100', '101.70236', '36.93489', 0, 0),
(3133, 3127, '湟中县', 3, '811600', '101.57159', '36.50083', 0, 0),
(3134, 3127, '湟源县', 3, '812100', '101.25643', '36.68243', 0, 0),
(3135, 3126, '海东市', 2, '810700', '102.10327', '36.502916', 0, 0),
(3136, 3135, '乐都区', 3, '810700', '102.402431', '36.480291', 0, 0),
(3137, 3135, '平安县', 3, '810600', '102.104295', '36.502714', 0, 0),
(3138, 3135, '民和回族土族自治县', 3, '810800', '102.804209', '36.329451', 0, 0),
(3139, 3135, '互助土族自治县', 3, '810500', '101.956734', '36.83994', 0, 0),
(3140, 3135, '化隆回族自治县', 3, '810900', '102.262329', '36.098322', 0, 0),
(3141, 3135, '循化撒拉族自治县', 3, '811100', '102.486534', '35.847247', 0, 0),
(3142, 3126, '海北藏族自治州', 2, '812200', '100.901059', '36.959435', 0, 0),
(3143, 3142, '门源回族自治县', 3, '810300', '101.62228', '37.37611', 0, 0),
(3144, 3142, '祁连县', 3, '810400', '100.24618', '38.17901', 0, 0),
(3145, 3142, '海晏县', 3, '812200', '100.9927', '36.89902', 0, 0),
(3146, 3142, '刚察县', 3, '812300', '100.14675', '37.32161', 0, 0),
(3147, 3126, '黄南藏族自治州', 2, '811300', '102.019988', '35.517744', 0, 0),
(3148, 3147, '同仁县', 3, '811300', '102.0184', '35.51603', 0, 0),
(3149, 3147, '尖扎县', 3, '811200', '102.03411', '35.93947', 0, 0),
(3150, 3147, '泽库县', 3, '811400', '101.46444', '35.03519', 0, 0),
(3151, 3147, '河南蒙古族自治县', 3, '811500', '101.60864', '34.73476', 0, 0),
(3152, 3126, '海南藏族自治州', 2, '813000', '100.619542', '36.280353', 0, 0),
(3153, 3152, '共和县', 3, '813000', '100.62003', '36.2841', 0, 0),
(3154, 3152, '同德县', 3, '813200', '100.57159', '35.25488', 0, 0),
(3155, 3152, '贵德县', 3, '811700', '101.432', '36.044', 0, 0),
(3156, 3152, '兴海县', 3, '813300', '99.98846', '35.59031', 0, 0),
(3157, 3152, '贵南县', 3, '813100', '100.74716', '35.58667', 0, 0),
(3158, 3126, '果洛藏族自治州', 2, '814000', '100.242143', '34.4736', 0, 0),
(3159, 3158, '玛沁县', 3, '814000', '100.23901', '34.47746', 0, 0),
(3160, 3158, '班玛县', 3, '814300', '100.73745', '32.93253', 0, 0),
(3161, 3158, '甘德县', 3, '814100', '99.90246', '33.96838', 0, 0),
(3162, 3158, '达日县', 3, '814200', '99.65179', '33.75193', 0, 0),
(3163, 3158, '久治县', 3, '624700', '101.48342', '33.42989', 0, 0),
(3164, 3158, '玛多县', 3, '813500', '98.20996', '34.91567', 0, 0),
(3165, 3126, '玉树藏族自治州', 2, '815000', '97.008522', '33.004049', 0, 0),
(3166, 3165, '玉树市', 3, '815000', '97.008762', '33.00393', 0, 0),
(3167, 3165, '杂多县', 3, '815300', '95.29864', '32.89318', 0, 0),
(3168, 3165, '称多县', 3, '815100', '97.10788', '33.36899', 0, 0),
(3169, 3165, '治多县', 3, '815400', '95.61572', '33.8528', 0, 0),
(3170, 3165, '囊谦县', 3, '815200', '96.47753', '32.20359', 0, 0),
(3171, 3165, '曲麻莱县', 3, '815500', '95.79757', '34.12609', 0, 0),
(3172, 3126, '海西蒙古族藏族自治州', 2, '817000', '97.370785', '37.374663', 0, 0),
(3173, 3172, '格尔木市', 3, '816000', '94.90329', '36.40236', 0, 0),
(3174, 3172, '德令哈市', 3, '817000', '97.36084', '37.36946', 0, 0),
(3175, 3172, '乌兰县', 3, '817100', '98.48196', '36.93471', 0, 0),
(3176, 3172, '都兰县', 3, '816100', '98.09228', '36.30135', 0, 0),
(3177, 3172, '天峻县', 3, '817200', '99.02453', '37.30326', 0, 0),
(3178, 0, '宁夏回族自治区', 1, '', '106.278179', '38.46637', 0, 0),
(3179, 3178, '银川市', 2, '750004', '106.278179', '38.46637', 0, 0),
(3180, 3179, '兴庆区', 3, '750001', '106.28872', '38.47392', 0, 0),
(3181, 3179, '西夏区', 3, '750021', '106.15023', '38.49137', 0, 0),
(3182, 3179, '金凤区', 3, '750011', '106.24261', '38.47294', 0, 0),
(3183, 3179, '永宁县', 3, '750100', '106.2517', '38.27559', 0, 0),
(3184, 3179, '贺兰县', 3, '750200', '106.34982', '38.5544', 0, 0),
(3185, 3179, '灵武市', 3, '750004', '106.33999', '38.10266', 0, 0),
(3186, 3178, '石嘴山市', 2, '753000', '106.376173', '39.01333', 0, 0),
(3187, 3186, '大武口区', 3, '753000', '106.37717', '39.01226', 0, 0);
INSERT INTO `mall_area` (`id`, `pid`, `name`, `level`, `zip`, `lng`, `lat`, `sort`, `is_lock`) VALUES
(3188, 3186, '惠农区', 3, '753600', '106.71145', '39.13193', 0, 0),
(3189, 3186, '平罗县', 3, '753400', '106.54538', '38.90429', 0, 0),
(3190, 3178, '吴忠市', 2, '751100', '106.199409', '37.986165', 0, 0),
(3191, 3190, '利通区', 3, '751100', '106.20311', '37.98512', 0, 0),
(3192, 3190, '红寺堡区', 3, '751900', '106.19822', '37.99747', 0, 0),
(3193, 3190, '盐池县', 3, '751500', '107.40707', '37.7833', 0, 0),
(3194, 3190, '同心县', 3, '751300', '105.91418', '36.98116', 0, 0),
(3195, 3190, '青铜峡市', 3, '751600', '106.07489', '38.02004', 0, 0),
(3196, 3178, '固原市', 2, '756000', '106.285241', '36.004561', 0, 0),
(3197, 3196, '原州区', 3, '756000', '106.28778', '36.00374', 0, 0),
(3198, 3196, '西吉县', 3, '756200', '105.73107', '35.96616', 0, 0),
(3199, 3196, '隆德县', 3, '756300', '106.12426', '35.61718', 0, 0),
(3200, 3196, '泾源县', 3, '756400', '106.33902', '35.49072', 0, 0),
(3201, 3196, '彭阳县', 3, '756500', '106.64462', '35.85076', 0, 0),
(3202, 3178, '中卫市', 2, '751700', '105.189568', '37.514951', 0, 0),
(3203, 3202, '沙坡头区', 3, '755000', '105.18962', '37.51044', 0, 0),
(3204, 3202, '中宁县', 3, '751200', '105.68515', '37.49149', 0, 0),
(3205, 3202, '海原县', 3, '751800', '105.64712', '36.56498', 0, 0),
(3206, 0, '新疆维吾尔自治区', 1, '', '87.617733', '43.792818', 0, 0),
(3207, 3206, '乌鲁木齐市', 2, '830002', '87.617733', '43.792818', 0, 0),
(3208, 3207, '天山区', 3, '830002', '87.63167', '43.79439', 0, 0),
(3209, 3207, '沙依巴克区', 3, '830000', '87.59788', '43.80118', 0, 0),
(3210, 3207, '新市区', 3, '830011', '87.57406', '43.84348', 0, 0),
(3211, 3207, '水磨沟区', 3, '830017', '87.64249', '43.83247', 0, 0),
(3212, 3207, '头屯河区', 3, '830022', '87.29138', '43.85487', 0, 0),
(3213, 3207, '达坂城区', 3, '830039', '88.30697', '43.35797', 0, 0),
(3214, 3207, '米东区', 3, '830019', '87.68583', '43.94739', 0, 0),
(3215, 3207, '乌鲁木齐县', 3, '830063', '87.40939', '43.47125', 0, 0),
(3216, 3206, '克拉玛依市', 2, '834000', '84.873946', '45.595886', 0, 0),
(3217, 3216, '独山子区', 3, '834021', '84.88671', '44.32867', 0, 0),
(3218, 3216, '克拉玛依区', 3, '834000', '84.86225', '45.59089', 0, 0),
(3219, 3216, '白碱滩区', 3, '834008', '85.13244', '45.68768', 0, 0),
(3220, 3216, '乌尔禾区', 3, '834012', '85.69143', '46.09006', 0, 0),
(3221, 3206, '吐鲁番地区', 2, '838000', '89.184078', '42.947613', 0, 0),
(3222, 3221, '吐鲁番市', 3, '838000', '89.18579', '42.93505', 0, 0),
(3223, 3221, '鄯善县', 3, '838200', '90.21402', '42.8635', 0, 0),
(3224, 3221, '托克逊县', 3, '838100', '88.65823', '42.79231', 0, 0),
(3225, 3206, '哈密地区', 2, '839000', '93.51316', '42.833248', 0, 0),
(3226, 3225, '哈密市', 3, '839000', '93.51452', '42.82699', 0, 0),
(3227, 3225, '巴里坤哈萨克自治县', 3, '839200', '93.01236', '43.59993', 0, 0),
(3228, 3225, '伊吾县', 3, '839300', '94.69403', '43.2537', 0, 0),
(3229, 3206, '昌吉回族自治州', 2, '831100', '87.304012', '44.014577', 0, 0),
(3230, 3229, '昌吉市', 3, '831100', '87.30249', '44.01267', 0, 0),
(3231, 3229, '阜康市', 3, '831500', '87.98529', '44.1584', 0, 0),
(3232, 3229, '呼图壁县', 3, '831200', '86.89892', '44.18977', 0, 0),
(3233, 3229, '玛纳斯县', 3, '832200', '86.2145', '44.30438', 0, 0),
(3234, 3229, '奇台县', 3, '831800', '89.5932', '44.02221', 0, 0),
(3235, 3229, '吉木萨尔县', 3, '831700', '89.18078', '44.00048', 0, 0),
(3236, 3229, '木垒哈萨克自治县', 3, '831900', '90.28897', '43.83508', 0, 0),
(3237, 3206, '博尔塔拉蒙古自治州', 2, '833400', '82.074778', '44.903258', 0, 0),
(3238, 3237, '博乐市', 3, '833400', '82.0713', '44.90052', 0, 0),
(3239, 3237, '阿拉山口市', 3, '833400', '82.567721', '45.170616', 0, 0),
(3240, 3237, '精河县', 3, '833300', '82.89419', '44.60774', 0, 0),
(3241, 3237, '温泉县', 3, '833500', '81.03134', '44.97373', 0, 0),
(3242, 3206, '巴音郭楞蒙古自治州', 2, '841000', '86.150969', '41.768552', 0, 0),
(3243, 3242, '库尔勒市', 3, '841000', '86.15528', '41.76602', 0, 0),
(3244, 3242, '轮台县', 3, '841600', '84.26101', '41.77642', 0, 0),
(3245, 3242, '尉犁县', 3, '841500', '86.25903', '41.33632', 0, 0),
(3246, 3242, '若羌县', 3, '841800', '88.16812', '39.0179', 0, 0),
(3247, 3242, '且末县', 3, '841900', '85.52975', '38.14534', 0, 0),
(3248, 3242, '焉耆回族自治县', 3, '841100', '86.5744', '42.059', 0, 0),
(3249, 3242, '和静县', 3, '841300', '86.39611', '42.31838', 0, 0),
(3250, 3242, '和硕县', 3, '841200', '86.86392', '42.26814', 0, 0),
(3251, 3242, '博湖县', 3, '841400', '86.63333', '41.98014', 0, 0),
(3252, 3206, '阿克苏地区', 2, '843000', '80.265068', '41.170712', 0, 0),
(3253, 3252, '阿克苏市', 3, '843000', '80.26338', '41.16754', 0, 0),
(3254, 3252, '温宿县', 3, '843100', '80.24173', '41.27679', 0, 0),
(3255, 3252, '库车县', 3, '842000', '82.96209', '41.71793', 0, 0),
(3256, 3252, '沙雅县', 3, '842200', '82.78131', '41.22497', 0, 0),
(3257, 3252, '新和县', 3, '842100', '82.61053', '41.54964', 0, 0),
(3258, 3252, '拜城县', 3, '842300', '81.87564', '41.79801', 0, 0),
(3259, 3252, '乌什县', 3, '843400', '79.22937', '41.21569', 0, 0),
(3260, 3252, '阿瓦提县', 3, '843200', '80.38336', '40.63926', 0, 0),
(3261, 3252, '柯坪县', 3, '843600', '79.04751', '40.50585', 0, 0),
(3262, 3206, '克孜勒苏柯尔克孜自治州', 2, '845350', '76.172825', '39.713431', 0, 0),
(3263, 3262, '阿图什市', 3, '845350', '76.16827', '39.71615', 0, 0),
(3264, 3262, '阿克陶县', 3, '845550', '75.94692', '39.14892', 0, 0),
(3265, 3262, '阿合奇县', 3, '843500', '78.44848', '40.93947', 0, 0),
(3266, 3262, '乌恰县', 3, '845450', '75.25839', '39.71984', 0, 0),
(3267, 3206, '喀什地区', 2, '844000', '75.989138', '39.467664', 0, 0),
(3268, 3267, '喀什市', 3, '844000', '75.99379', '39.46768', 0, 0),
(3269, 3267, '疏附县', 3, '844100', '75.86029', '39.37534', 0, 0),
(3270, 3267, '疏勒县', 3, '844200', '76.05398', '39.40625', 0, 0),
(3271, 3267, '英吉沙县', 3, '844500', '76.17565', '38.92968', 0, 0),
(3272, 3267, '泽普县', 3, '844800', '77.27145', '38.18935', 0, 0),
(3273, 3267, '莎车县', 3, '844700', '77.24316', '38.41601', 0, 0),
(3274, 3267, '叶城县', 3, '844900', '77.41659', '37.88324', 0, 0),
(3275, 3267, '麦盖提县', 3, '844600', '77.64224', '38.89662', 0, 0),
(3276, 3267, '岳普湖县', 3, '844400', '76.77233', '39.23561', 0, 0),
(3277, 3267, '伽师县', 3, '844300', '76.72372', '39.48801', 0, 0),
(3278, 3267, '巴楚县', 3, '843800', '78.54888', '39.7855', 0, 0),
(3279, 3267, '塔什库尔干塔吉克自治县', 3, '845250', '75.23196', '37.77893', 0, 0),
(3280, 3206, '和田地区', 2, '848000', '79.92533', '37.110687', 0, 0),
(3281, 3280, '和田市', 3, '848000', '79.91353', '37.11214', 0, 0),
(3282, 3280, '和田县', 3, '848000', '79.82874', '37.08922', 0, 0),
(3283, 3280, '墨玉县', 3, '848100', '79.74035', '37.27248', 0, 0),
(3284, 3280, '皮山县', 3, '845150', '78.28125', '37.62007', 0, 0),
(3285, 3280, '洛浦县', 3, '848200', '80.18536', '37.07364', 0, 0),
(3286, 3280, '策勒县', 3, '848300', '80.80999', '36.99843', 0, 0),
(3287, 3280, '于田县', 3, '848400', '81.66717', '36.854', 0, 0),
(3288, 3280, '民丰县', 3, '848500', '82.68444', '37.06577', 0, 0),
(3289, 3206, '伊犁哈萨克自治州', 2, '835100', '81.317946', '43.92186', 0, 0),
(3290, 3289, '伊宁市', 3, '835000', '81.32932', '43.91294', 0, 0),
(3291, 3289, '奎屯市', 3, '833200', '84.90228', '44.425', 0, 0),
(3292, 3289, '霍尔果斯市', 3, '835221', '80.418189', '44.205778', 0, 0),
(3293, 3289, '伊宁县', 3, '835100', '81.52764', '43.97863', 0, 0),
(3294, 3289, '察布查尔锡伯自治县', 3, '835300', '81.14956', '43.84023', 0, 0),
(3295, 3289, '霍城县', 3, '835200', '80.87826', '44.0533', 0, 0),
(3296, 3289, '巩留县', 3, '835400', '82.22851', '43.48429', 0, 0),
(3297, 3289, '新源县', 3, '835800', '83.26095', '43.4284', 0, 0),
(3298, 3289, '昭苏县', 3, '835600', '81.1307', '43.15828', 0, 0),
(3299, 3289, '特克斯县', 3, '835500', '81.84005', '43.21938', 0, 0),
(3300, 3289, '尼勒克县', 3, '835700', '82.51184', '43.79901', 0, 0),
(3301, 3206, '塔城地区', 2, '834700', '82.985732', '46.746301', 0, 0),
(3302, 3301, '塔城市', 3, '834700', '82.97892', '46.74852', 0, 0),
(3303, 3301, '乌苏市', 3, '833000', '84.68258', '44.43729', 0, 0),
(3304, 3301, '额敏县', 3, '834600', '83.62872', '46.5284', 0, 0),
(3305, 3301, '沙湾县', 3, '832100', '85.61932', '44.33144', 0, 0),
(3306, 3301, '托里县', 3, '834500', '83.60592', '45.93623', 0, 0),
(3307, 3301, '裕民县', 3, '834800', '82.99002', '46.20377', 0, 0),
(3308, 3301, '和布克赛尔蒙古自治县', 3, '834400', '85.72662', '46.79362', 0, 0),
(3309, 3206, '阿勒泰地区', 2, '836500', '88.13963', '47.848393', 0, 0),
(3310, 3309, '阿勒泰市', 3, '836500', '88.13913', '47.8317', 0, 0),
(3311, 3309, '布尔津县', 3, '836600', '86.85751', '47.70062', 0, 0),
(3312, 3309, '富蕴县', 3, '836100', '89.52679', '46.99444', 0, 0),
(3313, 3309, '福海县', 3, '836400', '87.49508', '47.11065', 0, 0),
(3314, 3309, '哈巴河县', 3, '836700', '86.42092', '48.06046', 0, 0),
(3315, 3309, '青河县', 3, '836200', '90.38305', '46.67382', 0, 0),
(3316, 3309, '吉木乃县', 3, '836800', '85.87814', '47.43359', 0, 0),
(3317, 3206, '直辖县级', 2, '', '91.132212', '29.660361', 0, 0),
(3318, 3317, '石河子市', 3, '832000', '86.041075', '44.305886', 0, 0),
(3319, 3317, '阿拉尔市', 3, '843300', '81.285884', '40.541914', 0, 0),
(3320, 3317, '图木舒克市', 3, '843806', '79.077978', '39.867316', 0, 0),
(3321, 3317, '五家渠市', 3, '831300', '87.526884', '44.167401', 0, 0),
(3322, 3317, '北屯市', 3, '836000', '87.808456', '47.362308', 0, 0),
(3323, 3317, '铁门关市', 3, '836000', '86.194687', '41.811007', 0, 0),
(3324, 3317, '双河市', 3, '833408', '91.132212', '29.660361', 0, 0),
(3325, 0, '台湾省', 1, '', '121.509062', '25.044332', 0, 0),
(3326, 3325, '台北市', 2, '1', '121.565170', '25.037798', 0, 0),
(3327, 3326, '松山区', 3, '105', '121.577206', '25.049698', 0, 0),
(3328, 3326, '信义区', 3, '110', '121.751381', '25.129407', 0, 0),
(3329, 3326, '大安区', 3, '106', '121.534648', '25.026406', 0, 0),
(3330, 3326, '中山区', 3, '104', '121.533468', '25.064361', 0, 0),
(3331, 3326, '中正区', 3, '100', '121.518267', '25.032361', 0, 0),
(3332, 3326, '大同区', 3, '103', '121.515514', '25.065986', 0, 0),
(3333, 3326, '万华区', 3, '108', '121.499332', '25.031933', 0, 0),
(3334, 3326, '文山区', 3, '116', '121.570458', '24.989786', 0, 0),
(3335, 3326, '南港区', 3, '115', '121.606858', '25.054656', 0, 0),
(3336, 3326, '内湖区', 3, '114', '121.588998', '25.069664', 0, 0),
(3337, 3326, '士林区', 3, '111', '121.519874', '25.092822', 0, 0),
(3338, 3326, '北投区', 3, '112', '121.501379', '25.132419', 0, 0),
(3339, 3325, '高雄市', 2, '8', '120.311922', '22.620856', 0, 0),
(3340, 3339, '盐埕区', 3, '803', '120.286795', '22.624666', 0, 0),
(3341, 3339, '鼓山区', 3, '804', '120.281154', '22.636797', 0, 0),
(3342, 3339, '左营区', 3, '813', '120.294958', '22.690124', 0, 0),
(3343, 3339, '楠梓区', 3, '811', '120.326314', '22.728401', 0, 0),
(3344, 3339, '三民区', 3, '807', '120.299622', '22.647695', 0, 0),
(3345, 3339, '新兴区', 3, '800', '120.309535', '22.631147', 0, 0),
(3346, 3339, '前金区', 3, '801', '120.294159', '22.627421', 0, 0),
(3347, 3339, '苓雅区', 3, '802', '120.312347', '22.621770', 0, 0),
(3348, 3339, '前镇区', 3, '806', '120.318583', '22.586425', 0, 0),
(3349, 3339, '旗津区', 3, '805', '120.284429', '22.590565', 0, 0),
(3350, 3339, '小港区', 3, '812', '120.337970', '22.565354', 0, 0),
(3351, 3339, '凤山区', 3, '830', '120.356892', '22.626945', 0, 0),
(3352, 3339, '林园区', 3, '832', '120.395977', '22.501490', 0, 0),
(3353, 3339, '大寮区', 3, '831', '120.395422', '22.605386', 0, 0),
(3354, 3339, '大树区', 3, '840', '120.433095', '22.693394', 0, 0),
(3355, 3339, '大社区', 3, '815', '120.346635', '22.729966', 0, 0),
(3356, 3339, '仁武区', 3, '814', '120.347779', '22.701901', 0, 0),
(3357, 3339, '鸟松区', 3, '833', '120.364402', '22.659340', 0, 0),
(3358, 3339, '冈山区', 3, '820', '120.295820', '22.796762', 0, 0),
(3359, 3339, '桥头区', 3, '825', '120.305741', '22.757501', 0, 0),
(3360, 3339, '燕巢区', 3, '824', '120.361956', '22.793370', 0, 0),
(3361, 3339, '田寮区', 3, '823', '120.359636', '22.869307', 0, 0),
(3362, 3339, '阿莲区', 3, '822', '120.327036', '22.883703', 0, 0),
(3363, 3339, '路竹区', 3, '821', '120.261828', '22.856851', 0, 0),
(3364, 3339, '湖内区', 3, '829', '120.211530', '22.908188', 0, 0),
(3365, 3339, '茄萣区', 3, '852', '120.182815', '22.906556', 0, 0),
(3366, 3339, '永安区', 3, '828', '120.225308', '22.818580', 0, 0),
(3367, 3339, '弥陀区', 3, '827', '120.247344', '22.782879', 0, 0),
(3368, 3339, '梓官区', 3, '826', '120.267322', '22.760475', 0, 0),
(3369, 3339, '旗山区', 3, '842', '120.483550', '22.888491', 0, 0),
(3370, 3339, '美浓区', 3, '843', '120.541530', '22.897880', 0, 0),
(3371, 3339, '六龟区', 3, '844', '120.633418', '22.997914', 0, 0),
(3372, 3339, '甲仙区', 3, '847', '120.591185', '23.084688', 0, 0),
(3373, 3339, '杉林区', 3, '846', '120.538980', '22.970712', 0, 0),
(3374, 3339, '内门区', 3, '845', '120.462351', '22.943437', 0, 0),
(3375, 3339, '茂林区', 3, '851', '120.663217', '22.886248', 0, 0),
(3376, 3339, '桃源区', 3, '848', '120.760049', '23.159137', 0, 0),
(3377, 3339, '那玛夏区', 3, '849', '120.692799', '23.216964', 0, 0),
(3378, 3325, '基隆市', 2, '2', '121.746248', '25.130741', 0, 0),
(3379, 3378, '中正区', 3, '202', '121.518267', '25.032361', 0, 0),
(3380, 3378, '七堵区', 3, '206', '121.713032', '25.095739', 0, 0),
(3381, 3378, '暖暖区', 3, '205', '121.736102', '25.099777', 0, 0),
(3382, 3378, '仁爱区', 3, '200', '121.740940', '25.127526', 0, 0),
(3383, 3378, '中山区', 3, '203', '121.739132', '25.133991', 0, 0),
(3384, 3378, '安乐区', 3, '204', '121.723203', '25.120910', 0, 0),
(3385, 3378, '信义区', 3, '201', '121.751381', '25.129407', 0, 0),
(3386, 3325, '台中市', 2, '4', '120.679040', '24.138620', 0, 0),
(3387, 3386, '中区', 3, '400', '120.679510', '24.143830', 0, 0),
(3388, 3386, '东区', 3, '401', '120.704', '24.13662', 0, 0),
(3389, 3386, '南区', 3, '402', '120.188648', '22.960944', 0, 0),
(3390, 3386, '西区', 3, '403', '120.67104', '24.14138', 0, 0),
(3391, 3386, '北区', 3, '404', '120.682410', '24.166040', 0, 0),
(3392, 3386, '西屯区', 3, '407', '120.639820', '24.181340', 0, 0),
(3393, 3386, '南屯区', 3, '408', '120.643080', '24.138270', 0, 0),
(3394, 3386, '北屯区', 3, '406', '120.686250', '24.182220', 0, 0),
(3395, 3386, '丰原区', 3, '420', '120.718460', '24.242190', 0, 0),
(3396, 3386, '东势区', 3, '423', '120.827770', '24.258610', 0, 0),
(3397, 3386, '大甲区', 3, '437', '120.622390', '24.348920', 0, 0),
(3398, 3386, '清水区', 3, '436', '120.559780', '24.268650', 0, 0),
(3399, 3386, '沙鹿区', 3, '433', '120.565700', '24.233480', 0, 0),
(3400, 3386, '梧栖区', 3, '435', '120.531520', '24.254960', 0, 0),
(3401, 3386, '后里区', 3, '421', '120.710710', '24.304910', 0, 0),
(3402, 3386, '神冈区', 3, '429', '120.661550', '24.257770', 0, 0),
(3403, 3386, '潭子区', 3, '427', '120.705160', '24.209530', 0, 0),
(3404, 3386, '大雅区', 3, '428', '120.647780', '24.229230', 0, 0),
(3405, 3386, '新社区', 3, '426', '120.809500', '24.234140', 0, 0),
(3406, 3386, '石冈区', 3, '422', '120.780410', '24.274980', 0, 0),
(3407, 3386, '外埔区', 3, '438', '120.654370', '24.332010', 0, 0),
(3408, 3386, '大安区', 3, '439', '120.58652', '24.34607', 0, 0),
(3409, 3386, '乌日区', 3, '414', '120.623810', '24.104500', 0, 0),
(3410, 3386, '大肚区', 3, '432', '120.540960', '24.153660', 0, 0),
(3411, 3386, '龙井区', 3, '434', '120.545940', '24.192710', 0, 0),
(3412, 3386, '雾峰区', 3, '413', '120.700200', '24.061520', 0, 0),
(3413, 3386, '太平区', 3, '411', '120.718523', '24.126472', 0, 0),
(3414, 3386, '大里区', 3, '412', '120.677860', '24.099390', 0, 0),
(3415, 3386, '和平区', 3, '424', '120.88349', '24.17477', 0, 0),
(3416, 3325, '台南市', 2, '7', '120.279363', '23.172478', 0, 0),
(3417, 3416, '东区', 3, '701', '120.224198', '22.980072', 0, 0),
(3418, 3416, '南区', 3, '702', '120.188648', '22.960944', 0, 0),
(3419, 3416, '北区', 3, '704', '120.682410', '24.166040', 0, 0),
(3420, 3416, '安南区', 3, '709', '120.184617', '23.047230', 0, 0),
(3421, 3416, '安平区', 3, '708', '120.166810', '23.000763', 0, 0),
(3422, 3416, '中西区', 3, '700', '120.205957', '22.992152', 0, 0),
(3423, 3416, '新营区', 3, '730', '120.316698', '23.310274', 0, 0),
(3424, 3416, '盐水区', 3, '737', '120.266398', '23.319828', 0, 0),
(3425, 3416, '白河区', 3, '732', '120.415810', '23.351221', 0, 0),
(3426, 3416, '柳营区', 3, '736', '120.311286', '23.278133', 0, 0),
(3427, 3416, '后壁区', 3, '731', '120.362726', '23.366721', 0, 0),
(3428, 3416, '东山区', 3, '733', '120.403984', '23.326092', 0, 0),
(3429, 3416, '麻豆区', 3, '721', '120.248179', '23.181680', 0, 0),
(3430, 3416, '下营区', 3, '735', '120.264484', '23.235413', 0, 0),
(3431, 3416, '六甲区', 3, '734', '120.347600', '23.231931', 0, 0),
(3432, 3416, '官田区', 3, '720', '120.314374', '23.194652', 0, 0),
(3433, 3416, '大内区', 3, '742', '120.348853', '23.119460', 0, 0),
(3434, 3416, '佳里区', 3, '722', '120.177211', '23.165121', 0, 0),
(3435, 3416, '学甲区', 3, '726', '120.180255', '23.232348', 0, 0),
(3436, 3416, '西港区', 3, '723', '120.203618', '23.123057', 0, 0),
(3437, 3416, '七股区', 3, '724', '120.140003', '23.140545', 0, 0),
(3438, 3416, '将军区', 3, '725', '120.156871', '23.199543', 0, 0),
(3439, 3416, '北门区', 3, '727', '120.125821', '23.267148', 0, 0),
(3440, 3416, '新化区', 3, '712', '120.310807', '23.038533', 0, 0),
(3441, 3416, '善化区', 3, '741', '120.296895', '23.132261', 0, 0),
(3442, 3416, '新市区', 3, '744', '120.295138', '23.07897', 0, 0),
(3443, 3416, '安定区', 3, '745', '120.237083', '23.121498', 0, 0),
(3444, 3416, '山上区', 3, '743', '120.352908', '23.103223', 0, 0),
(3445, 3416, '玉井区', 3, '714', '120.460110', '23.123859', 0, 0),
(3446, 3416, '楠西区', 3, '715', '120.485396', '23.173454', 0, 0),
(3447, 3416, '南化区', 3, '716', '120.477116', '23.042614', 0, 0),
(3448, 3416, '左镇区', 3, '713', '120.407309', '23.057955', 0, 0),
(3449, 3416, '仁德区', 3, '717', '120.251520', '22.972212', 0, 0),
(3450, 3416, '归仁区', 3, '711', '120.293791', '22.967081', 0, 0),
(3451, 3416, '关庙区', 3, '718', '120.327689', '22.962949', 0, 0),
(3452, 3416, '龙崎区', 3, '719', '120.360824', '22.965681', 0, 0),
(3453, 3416, '永康区', 3, '710', '120.257069', '23.026061', 0, 0),
(3454, 3325, '新竹市', 2, '3', '120.968798', '24.806738', 0, 0),
(3455, 3454, '东区', 3, '300', '120.970239', '24.801337', 0, 0),
(3456, 3454, '北区', 3, '', '120.682410', '24.166040', 0, 0),
(3457, 3454, '香山区', 3, '', '120.956679', '24.768933', 0, 0),
(3458, 3325, '嘉义市', 2, '6', '120.452538', '23.481568', 0, 0),
(3459, 3458, '东区', 3, '600', '120.458009', '23.486213', 0, 0),
(3460, 3458, '西区', 3, '600', '120.437493', '23.473029', 0, 0),
(3461, 3325, '新北市', 2, '2', '121.465746', '25.012366', 0, 0),
(3462, 3461, '板桥区', 3, '220', '121.459084', '25.009578', 0, 0),
(3463, 3461, '三重区', 3, '241', '121.488102', '25.061486', 0, 0),
(3464, 3461, '中和区', 3, '235', '121.498980', '24.999397', 0, 0),
(3465, 3461, '永和区', 3, '234', '121.513660', '25.007802', 0, 0),
(3466, 3461, '新庄区', 3, '242', '121.450413', '25.035947', 0, 0),
(3467, 3461, '新店区', 3, '231', '121.541750', '24.967558', 0, 0),
(3468, 3461, '树林区', 3, '238', '121.420533', '24.990706', 0, 0),
(3469, 3461, '莺歌区', 3, '239', '121.354573', '24.955413', 0, 0),
(3470, 3461, '三峡区', 3, '237', '121.368905', '24.934339', 0, 0),
(3471, 3461, '淡水区', 3, '251', '121.440915', '25.169452', 0, 0),
(3472, 3461, '汐止区', 3, '221', '121.629470', '25.062999', 0, 0),
(3473, 3461, '瑞芳区', 3, '224', '121.810061', '25.108895', 0, 0),
(3474, 3461, '土城区', 3, '236', '121.443348', '24.972201', 0, 0),
(3475, 3461, '芦洲区', 3, '247', '121.473700', '25.084923', 0, 0),
(3476, 3461, '五股区', 3, '248', '121.438156', '25.082743', 0, 0),
(3477, 3461, '泰山区', 3, '243', '121.430811', '25.058864', 0, 0),
(3478, 3461, '林口区', 3, '244', '121.391602', '25.077531', 0, 0),
(3479, 3461, '深坑区', 3, '222', '121.615670', '25.002329', 0, 0),
(3480, 3461, '石碇区', 3, '223', '121.658567', '24.991679', 0, 0),
(3481, 3461, '坪林区', 3, '232', '121.711185', '24.937388', 0, 0),
(3482, 3461, '三芝区', 3, '252', '121.500866', '25.258047', 0, 0),
(3483, 3461, '石门区', 3, '253', '121.568491', '25.290412', 0, 0),
(3484, 3461, '八里区', 3, '249', '121.398227', '25.146680', 0, 0),
(3485, 3461, '平溪区', 3, '226', '121.738255', '25.025725', 0, 0),
(3486, 3461, '双溪区', 3, '227', '121.865676', '25.033409', 0, 0),
(3487, 3461, '贡寮区', 3, '228', '121.908185', '25.022388', 0, 0),
(3488, 3461, '金山区', 3, '208', '121.636427', '25.221883', 0, 0),
(3489, 3461, '万里区', 3, '207', '121.688687', '25.181234', 0, 0),
(3490, 3461, '乌来区', 3, '233', '121.550531', '24.865296', 0, 0),
(3491, 3325, '宜兰县', 2, '2', '121.500000', '24.600000', 0, 0),
(3492, 3491, '宜兰市', 3, '260', '121.753476', '24.751682', 0, 0),
(3493, 3491, '罗东镇', 3, '265', '121.766919', '24.677033', 0, 0),
(3494, 3491, '苏澳镇', 3, '270', '121.842656', '24.594622', 0, 0),
(3495, 3491, '头城镇', 3, '261', '121.823307', '24.859217', 0, 0),
(3496, 3491, '礁溪乡', 3, '262', '121.766680', '24.822345', 0, 0),
(3497, 3491, '壮围乡', 3, '263', '121.781619', '24.744949', 0, 0),
(3498, 3491, '员山乡', 3, '264', '121.721733', '24.741771', 0, 0),
(3499, 3491, '冬山乡', 3, '269', '121.792280', '24.634514', 0, 0),
(3500, 3491, '五结乡', 3, '268', '121.798297', '24.684640', 0, 0),
(3501, 3491, '三星乡', 3, '266', '121.003418', '23.775291', 0, 0),
(3502, 3491, '大同乡', 3, '267', '121.605557', '24.675997', 0, 0),
(3503, 3491, '南澳乡', 3, '272', '121.799810', '24.465393', 0, 0),
(3504, 3325, '桃园县', 2, '3', '121.083000', '25.000000', 0, 0),
(3505, 3504, '桃园市', 3, '330', '121.301337', '24.993777', 0, 0),
(3506, 3504, '中坜市', 3, '320', '121.224926', '24.965353', 0, 0),
(3507, 3504, '平镇市', 3, '324', '121.218359', '24.945752', 0, 0),
(3508, 3504, '八德市', 3, '334', '121.284655', '24.928651', 0, 0),
(3509, 3504, '杨梅市', 3, '326', '121.145873', '24.907575', 0, 0),
(3510, 3504, '芦竹市', 3, '338', '121.292064', '25.045392', 0, 0),
(3511, 3504, '大溪镇', 3, '335', '121.286962', '24.880584', 0, 0),
(3512, 3504, '大园乡', 3, '337', '121.196292', '25.064471', 0, 0),
(3513, 3504, '龟山乡', 3, '333', '121.337767', '24.992517', 0, 0),
(3514, 3504, '龙潭乡', 3, '325', '121.216392', '24.863851', 0, 0),
(3515, 3504, '新屋乡', 3, '327', '121.105801', '24.972203', 0, 0),
(3516, 3504, '观音乡', 3, '328', '121.077519', '25.033303', 0, 0),
(3517, 3504, '复兴乡', 3, '336', '121.352613', '24.820908', 0, 0),
(3518, 3325, '新竹县', 2, '3', '121.160000', '24.600000', 0, 0),
(3519, 3518, '竹北市', 3, '302', '121.004317', '24.839652', 0, 0),
(3520, 3518, '竹东镇', 3, '310', '121.086418', '24.733601', 0, 0),
(3521, 3518, '新埔镇', 3, '305', '121.072804', '24.824820', 0, 0),
(3522, 3518, '关西镇', 3, '306', '121.177301', '24.788842', 0, 0),
(3523, 3518, '湖口乡', 3, '303', '121.043691', '24.903943', 0, 0),
(3524, 3518, '新丰乡', 3, '304', '120.983006', '24.899600', 0, 0),
(3525, 3518, '芎林乡', 3, '307', '121.076924', '24.774436', 0, 0),
(3526, 3518, '横山乡', 3, '312', '121.116244', '24.720807', 0, 0),
(3527, 3518, '北埔乡', 3, '314', '121.053156', '24.697126', 0, 0),
(3528, 3518, '宝山乡', 3, '308', '120.985752', '24.760975', 0, 0),
(3529, 3518, '峨眉乡', 3, '315', '121.015291', '24.686127', 0, 0),
(3530, 3518, '尖石乡', 3, '313', '121.197802', '24.704360', 0, 0),
(3531, 3518, '五峰乡', 3, '311', '121.003418', '23.775291', 0, 0),
(3532, 3325, '苗栗县', 2, '3', '120.750000', '24.500000', 0, 0),
(3533, 3532, '苗栗市', 3, '360', '120.818869', '24.561472', 0, 0),
(3534, 3532, '苑里镇', 3, '358', '120.648907', '24.441750', 0, 0),
(3535, 3532, '通霄镇', 3, '357', '120.676700', '24.489087', 0, 0),
(3536, 3532, '竹南镇', 3, '350', '120.872641', '24.685513', 0, 0),
(3537, 3532, '头份镇', 3, '351', '120.895188', '24.687993', 0, 0),
(3538, 3532, '后龙镇', 3, '356', '120.786480', '24.612617', 0, 0),
(3539, 3532, '卓兰镇', 3, '369', '120.823441', '24.309509', 0, 0),
(3540, 3532, '大湖乡', 3, '364', '120.863641', '24.422547', 0, 0),
(3541, 3532, '公馆乡', 3, '363', '120.822983', '24.499108', 0, 0),
(3542, 3532, '铜锣乡', 3, '366', '121.003418', '23.775291', 0, 0),
(3543, 3532, '南庄乡', 3, '353', '120.994957', '24.596835', 0, 0),
(3544, 3532, '头屋乡', 3, '362', '120.846616', '24.574249', 0, 0),
(3545, 3532, '三义乡', 3, '367', '120.742340', '24.350270', 0, 0),
(3546, 3532, '西湖乡', 3, '368', '121.003418', '23.775291', 0, 0),
(3547, 3532, '造桥乡', 3, '361', '120.862399', '24.637537', 0, 0),
(3548, 3532, '三湾乡', 3, '352', '120.951484', '24.651051', 0, 0),
(3549, 3532, '狮潭乡', 3, '354', '120.918024', '24.540004', 0, 0),
(3550, 3532, '泰安乡', 3, '365', '120.904441', '24.442600', 0, 0),
(3551, 3325, '彰化县', 2, '5', '120.416000', '24.000000', 0, 0),
(3552, 3551, '彰化市', 3, '500', '120.542294', '24.080911', 0, 0),
(3553, 3551, '鹿港镇', 3, '505', '120.435392', '24.056937', 0, 0),
(3554, 3551, '和美镇', 3, '508', '120.500265', '24.110904', 0, 0),
(3555, 3551, '线西乡', 3, '507', '120.465921', '24.128653', 0, 0),
(3556, 3551, '伸港乡', 3, '509', '120.484224', '24.146081', 0, 0),
(3557, 3551, '福兴乡', 3, '506', '120.443682', '24.047883', 0, 0),
(3558, 3551, '秀水乡', 3, '504', '120.502658', '24.035267', 0, 0),
(3559, 3551, '花坛乡', 3, '503', '120.538403', '24.029399', 0, 0),
(3560, 3551, '芬园乡', 3, '502', '120.629024', '24.013658', 0, 0),
(3561, 3551, '员林镇', 3, '510', '120.574625', '23.958999', 0, 0),
(3562, 3551, '溪湖镇', 3, '514', '120.479144', '23.962315', 0, 0),
(3563, 3551, '田中镇', 3, '520', '120.580629', '23.861718', 0, 0),
(3564, 3551, '大村乡', 3, '515', '120.540713', '23.993726', 0, 0),
(3565, 3551, '埔盐乡', 3, '516', '120.464044', '24.000346', 0, 0),
(3566, 3551, '埔心乡', 3, '513', '120.543568', '23.953019', 0, 0),
(3567, 3551, '永靖乡', 3, '512', '120.547775', '23.924703', 0, 0),
(3568, 3551, '社头乡', 3, '511', '120.582681', '23.896686', 0, 0),
(3569, 3551, '二水乡', 3, '530', '120.618788', '23.806995', 0, 0),
(3570, 3551, '北斗镇', 3, '521', '120.520449', '23.870911', 0, 0),
(3571, 3551, '二林镇', 3, '526', '120.374468', '23.899751', 0, 0),
(3572, 3551, '田尾乡', 3, '522', '120.524717', '23.890735', 0, 0),
(3573, 3551, '埤头乡', 3, '523', '120.462599', '23.891324', 0, 0),
(3574, 3551, '芳苑乡', 3, '528', '120.320329', '23.924222', 0, 0),
(3575, 3551, '大城乡', 3, '527', '120.320934', '23.852382', 0, 0),
(3576, 3551, '竹塘乡', 3, '525', '120.427499', '23.860112', 0, 0),
(3577, 3551, '溪州乡', 3, '524', '120.498706', '23.851229', 0, 0),
(3578, 3325, '南投县', 2, '5', '120.830000', '23.830000', 0, 0),
(3579, 3578, '南投市', 3, '540', '120.683706', '23.909956', 0, 0),
(3580, 3578, '埔里镇', 3, '545', '120.964648', '23.964789', 0, 0),
(3581, 3578, '草屯镇', 3, '542', '120.680343', '23.973947', 0, 0),
(3582, 3578, '竹山镇', 3, '557', '120.672007', '23.757655', 0, 0),
(3583, 3578, '集集镇', 3, '552', '120.783673', '23.829013', 0, 0),
(3584, 3578, '名间乡', 3, '551', '120.702797', '23.838427', 0, 0),
(3585, 3578, '鹿谷乡', 3, '558', '120.752796', '23.744471', 0, 0),
(3586, 3578, '中寮乡', 3, '541', '120.766654', '23.878935', 0, 0),
(3587, 3578, '鱼池乡', 3, '555', '120.936060', '23.896356', 0, 0),
(3588, 3578, '国姓乡', 3, '544', '120.858541', '24.042298', 0, 0),
(3589, 3578, '水里乡', 3, '553', '120.855912', '23.812086', 0, 0),
(3590, 3578, '信义乡', 3, '556', '120.855257', '23.699922', 0, 0),
(3591, 3578, '仁爱乡', 3, '546', '121.133543', '24.024429', 0, 0),
(3592, 3325, '云林县', 2, '6', '120.250000', '23.750000', 0, 0),
(3593, 3592, '斗六市', 3, '640', '120.527360', '23.697651', 0, 0),
(3594, 3592, '斗南镇', 3, '630', '120.479075', '23.679731', 0, 0),
(3595, 3592, '虎尾镇', 3, '632', '120.445339', '23.708182', 0, 0),
(3596, 3592, '西螺镇', 3, '648', '120.466010', '23.797984', 0, 0),
(3597, 3592, '土库镇', 3, '633', '120.392572', '23.677822', 0, 0),
(3598, 3592, '北港镇', 3, '651', '120.302393', '23.575525', 0, 0),
(3599, 3592, '古坑乡', 3, '646', '120.562043', '23.642568', 0, 0),
(3600, 3592, '大埤乡', 3, '631', '120.430516', '23.645908', 0, 0),
(3601, 3592, '莿桐乡', 3, '647', '120.502374', '23.760784', 0, 0),
(3602, 3592, '林内乡', 3, '643', '120.611365', '23.758712', 0, 0),
(3603, 3592, '二仑乡', 3, '649', '120.415077', '23.771273', 0, 0),
(3604, 3592, '仑背乡', 3, '637', '120.353895', '23.758840', 0, 0),
(3605, 3592, '麦寮乡', 3, '638', '120.252043', '23.753841', 0, 0),
(3606, 3592, '东势乡', 3, '635', '120.252672', '23.674679', 0, 0),
(3607, 3592, '褒忠乡', 3, '634', '120.310488', '23.694245', 0, 0),
(3608, 3592, '台西乡', 3, '636', '120.196141', '23.702819', 0, 0),
(3609, 3592, '元长乡', 3, '655', '120.315124', '23.649458', 0, 0),
(3610, 3592, '四湖乡', 3, '654', '120.225741', '23.637740', 0, 0),
(3611, 3592, '口湖乡', 3, '653', '120.185370', '23.582406', 0, 0),
(3612, 3592, '水林乡', 3, '652', '120.245948', '23.572634', 0, 0),
(3613, 3325, '嘉义县', 2, '6', '120.300000', '23.500000', 0, 0),
(3614, 3613, '太保市', 3, '612', '120.332876', '23.459647', 0, 0),
(3615, 3613, '朴子市', 3, '613', '120.247014', '23.464961', 0, 0),
(3616, 3613, '布袋镇', 3, '625', '120.166936', '23.377979', 0, 0),
(3617, 3613, '大林镇', 3, '622', '120.471336', '23.603815', 0, 0),
(3618, 3613, '民雄乡', 3, '621', '120.428577', '23.551456', 0, 0),
(3619, 3613, '溪口乡', 3, '623', '120.393822', '23.602223', 0, 0),
(3620, 3613, '新港乡', 3, '616', '120.347647', '23.551806', 0, 0),
(3621, 3613, '六脚乡', 3, '615', '120.291083', '23.493942', 0, 0),
(3622, 3613, '东石乡', 3, '614', '120.153822', '23.459235', 0, 0),
(3623, 3613, '义竹乡', 3, '624', '120.243423', '23.336277', 0, 0),
(3624, 3613, '鹿草乡', 3, '611', '120.308370', '23.410784', 0, 0),
(3625, 3613, '水上乡', 3, '608', '120.397936', '23.428104', 0, 0),
(3626, 3613, '中埔乡', 3, '606', '120.522948', '23.425148', 0, 0),
(3627, 3613, '竹崎乡', 3, '604', '120.551466', '23.523184', 0, 0),
(3628, 3613, '梅山乡', 3, '603', '120.557192', '23.584915', 0, 0),
(3629, 3613, '番路乡', 3, '602', '120.555043', '23.465222', 0, 0),
(3630, 3613, '大埔乡', 3, '607', '120.593795', '23.296715', 0, 0),
(3631, 3613, '阿里山乡', 3, '605', '120.732520', '23.467950', 0, 0),
(3632, 3325, '屏东县', 2, '9', '120.487928', '22.682802', 0, 0),
(3633, 3632, '屏东市', 3, '900', '120.488465', '22.669723', 0, 0),
(3634, 3632, '潮州镇', 3, '920', '120.542854', '22.550536', 0, 0),
(3635, 3632, '东港镇', 3, '928', '120.454489', '22.466626', 0, 0),
(3636, 3632, '恒春镇', 3, '946', '120.745451', '22.002373', 0, 0),
(3637, 3632, '万丹乡', 3, '913', '120.484533', '22.589839', 0, 0),
(3638, 3632, '长治乡', 3, '908', '120.527614', '22.677062', 0, 0),
(3639, 3632, '麟洛乡', 3, '909', '120.527283', '22.650604', 0, 0),
(3640, 3632, '九如乡', 3, '904', '120.490142', '22.739778', 0, 0),
(3641, 3632, '里港乡', 3, '905', '120.494490', '22.779220', 0, 0),
(3642, 3632, '盐埔乡', 3, '907', '120.572849', '22.754783', 0, 0),
(3643, 3632, '高树乡', 3, '906', '120.600214', '22.826789', 0, 0),
(3644, 3632, '万峦乡', 3, '923', '120.566477', '22.571965', 0, 0),
(3645, 3632, '内埔乡', 3, '912', '120.566865', '22.611967', 0, 0),
(3646, 3632, '竹田乡', 3, '911', '120.544038', '22.584678', 0, 0),
(3647, 3632, '新埤乡', 3, '925', '120.549546', '22.469976', 0, 0),
(3648, 3632, '枋寮乡', 3, '940', '120.593438', '22.365560', 0, 0),
(3649, 3632, '新园乡', 3, '932', '120.461739', '22.543952', 0, 0),
(3650, 3632, '崁顶乡', 3, '924', '120.514571', '22.514795', 0, 0),
(3651, 3632, '林边乡', 3, '927', '120.515091', '22.434015', 0, 0),
(3652, 3632, '南州乡', 3, '926', '120.509808', '22.490192', 0, 0),
(3653, 3632, '佳冬乡', 3, '931', '120.551544', '22.417653', 0, 0),
(3654, 3632, '琉球乡', 3, '929', '120.369020', '22.342366', 0, 0),
(3655, 3632, '车城乡', 3, '944', '120.710979', '22.072077', 0, 0),
(3656, 3632, '满州乡', 3, '947', '120.838843', '22.020853', 0, 0),
(3657, 3632, '枋山乡', 3, '941', '120.656356', '22.260338', 0, 0),
(3658, 3632, '三地门乡', 3, '901', '120.654486', '22.713877', 0, 0),
(3659, 3632, '雾台乡', 3, '902', '120.732318', '22.744877', 0, 0),
(3660, 3632, '玛家乡', 3, '903', '120.644130', '22.706718', 0, 0),
(3661, 3632, '泰武乡', 3, '921', '120.632856', '22.591819', 0, 0),
(3662, 3632, '来义乡', 3, '922', '120.633601', '22.525866', 0, 0),
(3663, 3632, '春日乡', 3, '942', '120.628793', '22.370672', 0, 0),
(3664, 3632, '狮子乡', 3, '943', '120.704617', '22.201917', 0, 0),
(3665, 3632, '牡丹乡', 3, '945', '120.770108', '22.125687', 0, 0),
(3666, 3325, '台东县', 2, '9', '120.916000', '23.000000', 0, 0),
(3667, 3666, '台东市', 3, '950', '121.145654', '22.756045', 0, 0),
(3668, 3666, '成功镇', 3, '961', '121.379571', '23.100223', 0, 0),
(3669, 3666, '关山镇', 3, '956', '121.163134', '23.047450', 0, 0),
(3670, 3666, '卑南乡', 3, '954', '121.083503', '22.786039', 0, 0),
(3671, 3666, '鹿野乡', 3, '955', '121.135982', '22.913951', 0, 0),
(3672, 3666, '池上乡', 3, '958', '121.215139', '23.122393', 0, 0),
(3673, 3666, '东河乡', 3, '959', '121.300334', '22.969934', 0, 0),
(3674, 3666, '长滨乡', 3, '962', '121.451522', '23.315041', 0, 0),
(3675, 3666, '太麻里乡', 3, '963', '121.007394', '22.615383', 0, 0),
(3676, 3666, '大武乡', 3, '965', '120.889938', '22.339919', 0, 0),
(3677, 3666, '绿岛乡', 3, '951', '121.492596', '22.661676', 0, 0),
(3678, 3666, '海端乡', 3, '957', '121.172008', '23.101074', 0, 0),
(3679, 3666, '延平乡', 3, '953', '121.084499', '22.902358', 0, 0),
(3680, 3666, '金峰乡', 3, '964', '120.971292', '22.595511', 0, 0),
(3681, 3666, '达仁乡', 3, '966', '120.884131', '22.294869', 0, 0),
(3682, 3666, '兰屿乡', 3, '952', '121.532473', '22.056736', 0, 0),
(3683, 3325, '花莲县', 2, '9', '121.300000', '23.830000', 0, 0),
(3684, 3683, '花莲市', 3, '970', '121.606810', '23.982074', 0, 0),
(3685, 3683, '凤林镇', 3, '975', '121.451687', '23.744648', 0, 0),
(3686, 3683, '玉里镇', 3, '981', '121.316445', '23.336509', 0, 0),
(3687, 3683, '新城乡', 3, '971', '121.640512', '24.128133', 0, 0),
(3688, 3683, '吉安乡', 3, '973', '121.568005', '23.961635', 0, 0),
(3689, 3683, '寿丰乡', 3, '974', '121.508955', '23.870680', 0, 0),
(3690, 3683, '光复乡', 3, '976', '121.423496', '23.669084', 0, 0),
(3691, 3683, '丰滨乡', 3, '977', '121.518639', '23.597080', 0, 0),
(3692, 3683, '瑞穗乡', 3, '978', '121.375992', '23.496817', 0, 0),
(3693, 3683, '富里乡', 3, '983', '121.250124', '23.179984', 0, 0),
(3694, 3683, '秀林乡', 3, '972', '121.620381', '24.116642', 0, 0),
(3695, 3683, '万荣乡', 3, '979', '121.407493', '23.715346', 0, 0),
(3696, 3683, '卓溪乡', 3, '982', '121.303422', '23.346369', 0, 0),
(3697, 3325, '澎湖县', 2, '8', '119.566417', '23.569733', 0, 0),
(3698, 3697, '马公市', 3, '880', '119.566499', '23.565845', 0, 0),
(3699, 3697, '湖西乡', 3, '885', '119.659666', '23.583358', 0, 0),
(3700, 3697, '白沙乡', 3, '884', '119.597919', '23.666060', 0, 0),
(3701, 3697, '西屿乡', 3, '881', '119.506974', '23.600836', 0, 0),
(3702, 3697, '望安乡', 3, '882', '119.500538', '23.357531', 0, 0),
(3703, 3697, '七美乡', 3, '883', '119.423929', '23.206018', 0, 0),
(3704, 3325, '金门县', 2, '8', '118.317089', '24.432706', 0, 0),
(3705, 3704, '金城镇', 3, '893', '118.316667', '24.416667', 0, 0),
(3706, 3704, '金湖镇', 3, '891', '118.419743', '24.438633', 0, 0),
(3707, 3704, '金沙镇', 3, '890', '118.427993', '24.481109', 0, 0),
(3708, 3704, '金宁乡', 3, '892', '118.334506', '24.45672', 0, 0),
(3709, 3704, '烈屿乡', 3, '894', '118.247255', '24.433102', 0, 0),
(3710, 3704, '乌丘乡', 3, '896', '118.319578', '24.435038', 0, 0),
(3711, 3325, '连江县', 2, '2', '119.539704', '26.197364', 0, 0),
(3712, 3711, '南竿乡', 3, '209', '119.944267', '26.144035', 0, 0),
(3713, 3711, '北竿乡', 3, '210', '120.000572', '26.221983', 0, 0),
(3714, 3711, '莒光乡', 3, '211', '119.940405', '25.976256', 0, 0),
(3715, 3711, '东引乡', 3, '212', '120.493955', '26.366164', 0, 0),
(3716, 0, '香港特别行政区', 1, '', '114.173355', '22.320048', 0, 0),
(3717, 3716, '香港岛', 2, '999077', '114.177314', '22.266416', 0, 0),
(3718, 3717, '中西区', 3, '999077', '114.154374', '22.281981', 0, 0),
(3719, 3717, '湾仔区', 3, '999077', '114.182915', '22.276389', 0, 0),
(3720, 3717, '东区', 3, '999077', '114.255993', '22.262755', 0, 0),
(3721, 3717, '南区', 3, '999077', '114.174134', '22.24676', 0, 0),
(3722, 3716, '九龙', 2, '999077', '114.17495', '22.327115', 0, 0),
(3723, 3722, '油尖旺区', 3, '999077', '114.173332', '22.311704', 0, 0),
(3724, 3722, '深水埗区', 3, '999077', '114.16721', '22.328171', 0, 0),
(3725, 3722, '九龙城区', 3, '999077', '114.195053', '22.32673', 0, 0),
(3726, 3722, '黄大仙区', 3, '999077', '114.19924', '22.336313', 0, 0),
(3727, 3722, '观塘区', 3, '999077', '114.231268', '22.30943', 0, 0),
(3728, 3716, '新界', 2, '999077', '114.202408', '22.341766', 0, 0),
(3729, 3728, '荃湾区', 3, '999077', '114.122952', '22.370973', 0, 0),
(3730, 3728, '屯门区', 3, '999077', '113.977416', '22.391047', 0, 0),
(3731, 3728, '元朗区', 3, '999077', '114.039796', '22.443342', 0, 0),
(3732, 3728, '北区', 3, '999077', '114.148959', '22.494086', 0, 0),
(3733, 3728, '大埔区', 3, '999077', '114.171743', '22.445653', 0, 0),
(3734, 3728, '西贡区', 3, '999077', '114.27854', '22.37944', 0, 0),
(3735, 3728, '沙田区', 3, '999077', '114.191941', '22.379294', 0, 0),
(3736, 3728, '葵青区', 3, '999077', '114.13932', '22.363877', 0, 0),
(3737, 3728, '离岛区', 3, '999077', '113.945842', '22.281508', 0, 0),
(3738, 0, '澳门特别行政区', 1, '', '113.54909', '22.198951', 0, 0),
(3739, 3738, '澳门半岛', 2, '999078', '113.549134', '22.198751', 0, 0),
(3740, 3739, '花地玛堂区', 3, '999078', '113.552284', '22.208067', 0, 0),
(3741, 3739, '圣安多尼堂区', 3, '999078', '113.564301', '22.12381', 0, 0),
(3742, 3739, '大堂区', 3, '999078', '113.552971', '22.188359', 0, 0),
(3743, 3739, '望德堂区', 3, '999078', '113.550568', '22.194081', 0, 0),
(3744, 3739, '风顺堂区', 3, '999078', '113.541928', '22.187368', 0, 0),
(3745, 3738, '氹仔岛', 2, '999078', '113.577669', '22.156838', 0, 0),
(3746, 3745, '嘉模堂区', 3, '999078', '113.565303', '22.149029', 0, 0),
(3747, 3738, '路环岛', 2, '999078', '113.564857', '22.116226', 0, 0),
(3748, 3747, '圣方济各堂区', 3, '999078', '113.559954', '22.123486', 0, 0);

-- --------------------------------------------------------

--
-- 表的结构 `mall_attachments`
--

CREATE TABLE `mall_attachments` (
  `id` bigint(20) NOT NULL,
  `pid` bigint(20) NOT NULL DEFAULT 0 ,
  `type` tinyint(1) NOT NULL DEFAULT 0 ,
  `module` varchar(64) NOT NULL DEFAULT '' ,
  `method` varchar(128) NOT NULL DEFAULT '' ,
  `name` varchar(255) NOT NULL ,
  `path` varchar(255) NOT NULL DEFAULT '' ,
  `oss_url` varchar(255) NOT NULL DEFAULT '' ,
  `suffix` varchar(12) NOT NULL DEFAULT '' ,
  `size` varchar(128) NOT NULL DEFAULT '' ,
  `sort` int(10) NOT NULL DEFAULT 0 ,
  `options` text DEFAULT NULL ,
  `time` int(10) NOT NULL DEFAULT 0 
) ENGINE=InnoDB DEFAULT CHARSET=utf8mb4;

--
-- 转存表中的数据 `mall_attachments`
--

INSERT INTO `mall_attachments` (`id`, `pid`, `type`, `module`, `method`, `name`, `path`, `oss_url`, `suffix`, `size`, `sort`, `options`, `time`) VALUES
(1, 2, 0, 'goods', 'category', 'bc6a18bbb4c2caeba6941a61b9e36d27.jpg', '/uploads/images/20210620/bc6a18bbb4c2caeba6941a61b9e36d27.jpg', '', 'jpg', '133630', 0, NULL, 1624156205),
(2, 3, 0, 'goods', 'category', 'bd6dd6ece8fce1f63b012c797ce65b5a.jpg', '/uploads/images/20210620/bd6dd6ece8fce1f63b012c797ce65b5a.jpg', '', 'jpg', '17039', 0, NULL, 1624156360),
(3, 2, 0, 'goods', 'category', 'ab473d73baf5a03cb71557c10c81d641.jpg', '/uploads/images/20210620/ab473d73baf5a03cb71557c10c81d641.jpg', '', 'jpg', '29698', 0, NULL, 1624156427),
(4, 4, 0, 'goods', 'category', '1c088ab8f7bd787610c6aa3480c4eeef.jpg', '/uploads/images/20210620/1c088ab8f7bd787610c6aa3480c4eeef.jpg', '', 'jpg', '33849', 0, NULL, 1624157009),
(5, 5, 0, 'goods', 'category', 'fbfbaa88c13c83debd6c0082bd4691b4.jpg', '/uploads/images/20210620/fbfbaa88c13c83debd6c0082bd4691b4.jpg', '', 'jpg', '39437', 0, NULL, 1624157180),
(6, 7, 0, 'goods', 'category', '55a35d91d53f9e749ce844a13ed64f45.jpg', '/uploads/images/20210620/55a35d91d53f9e749ce844a13ed64f45.jpg', '', 'jpg', '87235', 0, NULL, 1624157346),
(7, 8, 0, 'goods', 'category', '5dc770b9f7cb1e406a9a735792d7ceb8.jpg', '/uploads/images/20210620/5dc770b9f7cb1e406a9a735792d7ceb8.jpg', '', 'jpg', '34433', 0, NULL, 1624157511),
(8, 9, 0, 'goods', 'category', '4deb6d34b203afd26e30f23728cfaa0f.jpg', '/uploads/images/20210620/4deb6d34b203afd26e30f23728cfaa0f.jpg', '', 'jpg', '85661', 0, NULL, 1624157705),
(9, 10, 0, 'goods', 'category', '38a0065078b668836f485805ddcba4ce.jpg', '/uploads/images/20210620/38a0065078b668836f485805ddcba4ce.jpg', '', 'jpg', '33965', 0, NULL, 1624157836),
(10, 12, 0, 'goods', 'category', 'cfe01e3817aa27cd1a71f72b08d92d56.jpg', '/uploads/images/20210620/cfe01e3817aa27cd1a71f72b08d92d56.jpg', '', 'jpg', '58433', 0, NULL, 1624157943),
(11, 13, 0, 'goods', 'category', '7fa61b0a93487e53d73fc9d737816267.jpg', '/uploads/images/20210620/7fa61b0a93487e53d73fc9d737816267.jpg', '', 'jpg', '25011', 0, NULL, 1624171102),
(20, 1, 0, 'goods', 'photo', '38df08051f4045a3f5f4cea31dc77e0a.jpg', '/uploads/images/20210620/38df08051f4045a3f5f4cea31dc77e0a.jpg', '', 'jpg', '253694', 0, NULL, 1624172682),
(21, 1, 0, 'goods', 'photo', '9e31b4b103881f8cc8774fab368015f1.jpg', '/uploads/images/20210620/9e31b4b103881f8cc8774fab368015f1.jpg', '', 'jpg', '291561', 0, NULL, 1624172686),
(22, 1, 0, 'goods', 'photo', '6a2792be8a7f66a88b515523e62fcd06.jpg', '/uploads/images/20210620/6a2792be8a7f66a88b515523e62fcd06.jpg', '', 'jpg', '38508', 0, NULL, 1624172690),
(23, 1, 0, 'goods', 'image', '6569318e3a45982e03be54f18fae5e2d.jpg', '/uploads/images/20210620/6569318e3a45982e03be54f18fae5e2d.jpg', '', 'jpg', '282990', 0, NULL, 1624172700),
(24, 14, 0, 'goods', 'category', 'badcaad291399325618b457eeb5892f9.jpg', '/uploads/images/20210620/badcaad291399325618b457eeb5892f9.jpg', '', 'jpg', '39222', 0, NULL, 1624172923),
(25, 2, 0, 'goods', 'photo', '79ba441fa3d86860cb96e715e971f3bb.jpg', '/uploads/images/20210620/79ba441fa3d86860cb96e715e971f3bb.jpg', '', 'jpg', '163845', 0, NULL, 1624173111),
(26, 2, 0, 'goods', 'image', 'b072ada5f82db058f393a2abdb804d98.jpg', '/uploads/images/20210620/b072ada5f82db058f393a2abdb804d98.jpg', '', 'jpg', '435942', 0, NULL, 1624173135),
(27, 3, 0, 'goods', 'photo', 'd0e8d7628fb72b94022e1aad195ca6ec.jpg', '/uploads/images/20210620/d0e8d7628fb72b94022e1aad195ca6ec.jpg', '', 'jpg', '142431', 0, NULL, 1624173600),
(28, 3, 0, 'goods', 'image', '22c0bdbb97bbe113caec2d7c14fe4762.jpg', '/uploads/images/20210620/22c0bdbb97bbe113caec2d7c14fe4762.jpg', '', 'jpg', '550088', 0, NULL, 1624173617),
(29, 15, 0, 'goods', 'category', 'c0b6ef3a6e5edf59f27dab0bbfb3c97a.jpg', '/uploads/images/20210620/c0b6ef3a6e5edf59f27dab0bbfb3c97a.jpg', '', 'jpg', '57278', 0, NULL, 1624173838),
(30, 4, 0, 'goods', 'photo', 'dd98030081e82739063f4cf1d767ac5a.jpg', '/uploads/images/20210620/dd98030081e82739063f4cf1d767ac5a.jpg', '', 'jpg', '221633', 0, NULL, 1624174011),
(31, 4, 0, 'goods', 'photo', '57169675efcd0a3307320370a6d0a4a7.jpg', '/uploads/images/20210620/57169675efcd0a3307320370a6d0a4a7.jpg', '', 'jpg', '74321', 0, NULL, 1624174031),
(32, 4, 0, 'goods', 'photo', 'e0084ae32a71d329f9adca333ba81d9d.jpg', '/uploads/images/20210620/e0084ae32a71d329f9adca333ba81d9d.jpg', '', 'jpg', '54339', 0, NULL, 1624174035),
(33, 4, 0, 'goods', 'image', 'cbb143cd52d8a6aaee10a1fb643c5740.jpg', '/uploads/images/20210620/cbb143cd52d8a6aaee10a1fb643c5740.jpg', '', 'jpg', '260025', 0, NULL, 1624174067),
(34, 5, 0, 'goods', 'photo', 'e4a00e263b4860a9d8a3d4847eba60f5.jpg', '/uploads/images/20210620/e4a00e263b4860a9d8a3d4847eba60f5.jpg', '', 'jpg', '44053', 0, NULL, 1624174215),
(36, 5, 0, 'goods', 'image', 'e1bd7fb3825fda587732cd425acae49c.jpg', '/uploads/images/20210620/e1bd7fb3825fda587732cd425acae49c.jpg', '', 'jpg', '475667', 0, NULL, 1624174285),
(37, 16, 0, 'goods', 'category', 'cbe1dc41b912f1f886f1e5a7e4721e3d.jpg', '/uploads/images/20210620/cbe1dc41b912f1f886f1e5a7e4721e3d.jpg', '', 'jpg', '89197', 0, NULL, 1624174472),
(38, 6, 0, 'goods', 'photo', '62c22c9b45ee3fcc84b1b7dcda490b17.jpg', '/uploads/images/20210620/62c22c9b45ee3fcc84b1b7dcda490b17.jpg', '', 'jpg', '466425', 0, NULL, 1624174584),
(39, 6, 0, 'goods', 'image', 'f89a94acad037bc2c08143f897a8bae6.jpg', '/uploads/images/20210620/f89a94acad037bc2c08143f897a8bae6.jpg', '', 'jpg', '856162', 0, NULL, 1624174610),
(40, 4, 0, 'marketing', '', '233f62d5706a1cc7fda7ac00cb2cc4c6.jpg', '/uploads/images/20210620/233f62d5706a1cc7fda7ac00cb2cc4c6.jpg', '', 'jpg', '23687', 0, NULL, 1624174794),
(41, 1, 0, 'shop', 'decorate', 'c036a1725a4c3990d2736189809ecc7d.jpg', '/uploads/images/20210620/c036a1725a4c3990d2736189809ecc7d.jpg', '', 'jpg', '23687', 0, NULL, 1624174942),
(42, 1, 0, 'shop', 'decorate', '39595d0887b6e95d884ce354f6e4b43d.jpg', '/uploads/images/20210620/39595d0887b6e95d884ce354f6e4b43d.jpg', '', 'jpg', '13402', 0, NULL, 1624174995),
(43, 1, 0, 'shop', 'decorate', '3b3c5f5344fb931d12f3676860a7f612.jpg', '/uploads/images/20210620/3b3c5f5344fb931d12f3676860a7f612.jpg', '', 'jpg', '5974', 0, NULL, 1624175038),
(44, 1, 0, 'shop', 'decorate', '06a8dae3d765b0f51afe2171fd9e15cb.jpg', '/uploads/images/20210620/06a8dae3d765b0f51afe2171fd9e15cb.jpg', '', 'jpg', '9567', 0, NULL, 1624175068),
(45, 1, 0, 'shop', 'decorate', 'aa1a63838483224cd500b312280a37fc.jpg', '/uploads/images/20210620/aa1a63838483224cd500b312280a37fc.jpg', '', 'jpg', '23644', 0, NULL, 1624175326),
(46, 7, 0, 'goods', 'photo', '5a9f561d486000295bbd4a2c7d05aa66.png', '/uploads/images/20210620/5a9f561d486000295bbd4a2c7d05aa66.png', '', 'png', '188962', 0, NULL, 1624175824),
(47, 7, 0, 'goods', 'image', '93a52ddbac7966bf440062082651b1e6.jpg', '/uploads/images/20210620/93a52ddbac7966bf440062082651b1e6.jpg', '', 'jpg', '331958', 0, NULL, 1624175841),
(48, 8, 0, 'goods', 'photo', '5e54988c5ecd9b0633f6582ccc6c7ca1.jpg', '/uploads/images/20210620/5e54988c5ecd9b0633f6582ccc6c7ca1.jpg', '', 'jpg', '84569', 0, NULL, 1624176220),
(49, 8, 0, 'goods', 'image', '9b8940e8e44172a5a3f09ce61b33d2d6.jpg', '/uploads/images/20210620/9b8940e8e44172a5a3f09ce61b33d2d6.jpg', '', 'jpg', '437481', 0, NULL, 1624176235),
(50, 9, 0, 'goods', 'photo', 'aa2a37d5dc927634a9fe4f06465e91fe.jpg', '/uploads/images/20210620/aa2a37d5dc927634a9fe4f06465e91fe.jpg', '', 'jpg', '44382', 0, NULL, 1624176360),
(51, 9, 0, 'goods', 'photo', '6501bdd2bc07452311590f557a2957be.jpg', '/uploads/images/20210620/6501bdd2bc07452311590f557a2957be.jpg', '', 'jpg', '282303', 0, NULL, 1624176386),
(52, 9, 0, 'goods', 'image', '40ae56ce482921d2d6e9ebafd63b830e.jpg', '/uploads/images/20210620/40ae56ce482921d2d6e9ebafd63b830e.jpg', '', 'jpg', '128314', 0, NULL, 1624176401),
(53, 10, 0, 'goods', 'photo', '87499eb9cbea7b846f09dbd5a05fe88e.jpg', '/uploads/images/20210620/87499eb9cbea7b846f09dbd5a05fe88e.jpg', '', 'jpg', '103401', 0, NULL, 1624176516),
(54, 10, 0, 'goods', 'image', 'e0ec5133a34d429eb6c23cd853875ed0.jpg', '/uploads/images/20210620/e0ec5133a34d429eb6c23cd853875ed0.jpg', '', 'jpg', '927829', 0, NULL, 1624176537),
(55, 11, 0, 'goods', 'photo', '6fa4b7f9bc3c496e92739163c488e8a6.jpg', '/uploads/images/20210620/6fa4b7f9bc3c496e92739163c488e8a6.jpg', '', 'jpg', '76662', 0, NULL, 1624176850),
(56, 11, 0, 'goods', 'image', 'f3177bbbe19cc75280f0e02e4d8ca7e3.jpg', '/uploads/images/20210620/f3177bbbe19cc75280f0e02e4d8ca7e3.jpg', '', 'jpg', '245423', 0, NULL, 1624176869),
(57, 12, 0, 'goods', 'photo', '845ca8585e859ce67acd00fc0069dbb6.png', '/uploads/images/20210620/845ca8585e859ce67acd00fc0069dbb6.png', '', 'png', '227452', 0, NULL, 1624176962),
(58, 12, 0, 'goods', 'image', '42996edc9b1a9753c70d65dedb0ce37e.jpg', '/uploads/images/20210620/42996edc9b1a9753c70d65dedb0ce37e.jpg', '', 'jpg', '213803', 0, NULL, 1624176980),
(59, 13, 0, 'goods', 'photo', '29aeed5db3e4dd320f18bc4116c25943.jpg', '/uploads/images/20210620/29aeed5db3e4dd320f18bc4116c25943.jpg', '', 'jpg', '254330', 0, NULL, 1624177092),
(60, 13, 0, 'goods', 'image', '84589e6c22c3d272300094a43c58c1c4.jpg', '/uploads/images/20210620/84589e6c22c3d272300094a43c58c1c4.jpg', '', 'jpg', '343466', 0, NULL, 1624177106),
(61, 14, 0, 'goods', 'photo', 'e8a752868d9ba48b01614bc35036e6a0.jpg', '/uploads/images/20210620/e8a752868d9ba48b01614bc35036e6a0.jpg', '', 'jpg', '70807', 0, NULL, 1624177183),
(62, 14, 0, 'goods', 'image', '273de724a6ed5c113159497c4efbcead.jpg', '/uploads/images/20210620/273de724a6ed5c113159497c4efbcead.jpg', '', 'jpg', '485299', 0, NULL, 1624177203),
(63, 15, 0, 'goods', 'photo', '7ad3ec9371ee7c55d7f17638541a4d49.jpg', '/uploads/images/20210620/7ad3ec9371ee7c55d7f17638541a4d49.jpg', '', 'jpg', '38758', 0, NULL, 1624177383),
(64, 15, 0, 'goods', 'image', 'd1f49d7b78eab7f34f0fc4ce5f6ee7ad.jpg', '/uploads/images/20210620/d1f49d7b78eab7f34f0fc4ce5f6ee7ad.jpg', '', 'jpg', '356503', 0, NULL, 1624177399),
(65, 1, 0, 'shop', 'decorate', 'f45841b06cd4572fd92d7a97ea8e01eb.png', '/uploads/images/20210621/f45841b06cd4572fd92d7a97ea8e01eb.png', '', 'png', '4640', 0, NULL, 1624239733),
(66, 1, 0, 'shop', 'decorate', '7f0ef60468472dcf5b9362205ae152ea.png', '/uploads/images/20210621/7f0ef60468472dcf5b9362205ae152ea.png', '', 'png', '5401', 0, NULL, 1624239858),
(67, 1, 0, 'shop', 'decorate', '8392092cca58d49dab5ffe6b4385559d.png', '/uploads/images/20210621/8392092cca58d49dab5ffe6b4385559d.png', '', 'png', '4179', 0, NULL, 1624239863),
(68, 1, 0, 'shop', 'decorate', '2a054c5008896ac84507c585078f75df.png', '/uploads/images/20210621/2a054c5008896ac84507c585078f75df.png', '', 'png', '5623', 0, NULL, 1624239866),
(69, 1, 0, 'shop', 'decorate', '9c330f85494080e18eb7a3ee443ee9db.png', '/uploads/images/20210621/9c330f85494080e18eb7a3ee443ee9db.png', '', 'png', '5895', 0, NULL, 1624239870),
(70, 1, 0, 'shop', 'decorate', '9276c0cf66d1511313e756553017a8f6.png', '/uploads/images/20210621/9276c0cf66d1511313e756553017a8f6.png', '', 'png', '4584', 0, NULL, 1624239872),
(71, 1, 0, 'shop', 'decorate', '64d7b06ce969b84ab7e90afee09d7273.png', '/uploads/images/20210621/64d7b06ce969b84ab7e90afee09d7273.png', '', 'png', '4869', 0, NULL, 1624239875),
(72, 1, 0, 'shop', 'decorate', 'c4b620aa9df643fa09ed378c5e816b8a.png', '/uploads/images/20210621/c4b620aa9df643fa09ed378c5e816b8a.png', '', 'png', '4412', 0, NULL, 1624239880),
(73, 1, 0, 'shop', 'decorate', 'fa2f082dbeef079179a18cf6ea885b5a.png', '/uploads/images/20210621/fa2f082dbeef079179a18cf6ea885b5a.png', '', 'png', '226106', 0, NULL, 1624242026),
(74, 1, 0, 'shop', 'decorate', '7423b99985f3d37ed20b710aac7e87cd.png', '/uploads/images/20210621/7423b99985f3d37ed20b710aac7e87cd.png', '', 'png', '233468', 0, NULL, 1624242031),
(75, 1, 0, 'shop', 'decorate', 'a51d3f2ce13aa38a2024b963d3c620b3.png', '/uploads/images/20210621/a51d3f2ce13aa38a2024b963d3c620b3.png', '', 'png', '1112', 0, NULL, 1624242459),
(76, 1, 0, 'shop', 'decorate', 'b4b5575b58c610fc2af4537ffa62283a.png', '/uploads/images/20210621/b4b5575b58c610fc2af4537ffa62283a.png', '', 'png', '1107', 0, NULL, 1624277426),
(84, 1, 0, 'marketing', '', '367438ffd4b3204030dfc5e12411ed98.png', '/uploads/images/20210629/367438ffd4b3204030dfc5e12411ed98.png', '', 'png', '483686', 0, NULL, 1624927618),
(85, 999, 0, 'system', 'base', '53d96fb806405481384f473e54d08aa7.png', '/uploads/images/20210629/53d96fb806405481384f473e54d08aa7.png', '', 'png', '2990', 0, NULL, 1624927685),
(86, 999, 0, 'system', 'base', '17153cb3e3f841b672b9edbe0af37702.png', '/uploads/images/20210629/17153cb3e3f841b672b9edbe0af37702.png', '', 'png', '3495', 0, NULL, 1624927780),
(87, 39, 0, 'goods', 'category', 'fe1935f48863c4e8046c618acc50ec78.jpg', '/uploads/images/20210629/fe1935f48863c4e8046c618acc50ec78.jpg', '', 'jpg', '32912', 0, NULL, 1624932663),
(88, 16, 0, 'goods', 'photo', 'bd98e35dc761aaf9093cf1acee93db6a.jpg', '/uploads/images/20210629/bd98e35dc761aaf9093cf1acee93db6a.jpg', '', 'jpg', '151242', 0, NULL, 1624932839),
(89, 16, 0, 'goods', 'photo', '18ff080b99228a04362dfd5b6a68f824.jpg', '/uploads/images/20210629/18ff080b99228a04362dfd5b6a68f824.jpg', '', 'jpg', '216879', 0, NULL, 1624932843),
(90, 16, 0, 'goods', 'image', '12f3f93b0bc82d24d60e638c7170d237.jpg', '/uploads/images/20210629/12f3f93b0bc82d24d60e638c7170d237.jpg', '', 'jpg', '559457', 0, NULL, 1624932867),
(91, 17, 0, 'goods', 'photo', '2c0a5eea458466c8ecdf254d08f79d7c.jpg', '/uploads/images/20210629/2c0a5eea458466c8ecdf254d08f79d7c.jpg', '', 'jpg', '181496', 0, NULL, 1624933078),
(92, 17, 0, 'goods', 'image', '497701b19a6625fb62994757b9d85689.png', '/uploads/images/20210629/497701b19a6625fb62994757b9d85689.png', '', 'png', '927411', 0, NULL, 1624933084),
(93, 18, 0, 'goods', 'photo', 'fff8007f3ed4d9d356c2e4bc2eddb949.jpg', '/uploads/images/20210629/fff8007f3ed4d9d356c2e4bc2eddb949.jpg', '', 'jpg', '18075', 0, NULL, 1624933221),
(94, 18, 0, 'goods', 'image', '90cb1827b1c9d563f894a3ad84bde1b0.jpg', '/uploads/images/20210629/90cb1827b1c9d563f894a3ad84bde1b0.jpg', '', 'jpg', '73635', 0, NULL, 1624933226),
(95, 19, 0, 'goods', 'photo', 'da986e0513db8d7c38daf94cd76db3b7.jpg', '/uploads/images/20210629/da986e0513db8d7c38daf94cd76db3b7.jpg', '', 'jpg', '101187', 0, NULL, 1624933361),
(96, 19, 0, 'goods', 'image', '8dba3bacf1bce921181dba8250edfe93.jpg', '/uploads/images/20210629/8dba3bacf1bce921181dba8250edfe93.jpg', '', 'jpg', '307026', 0, NULL, 1624933367),
(97, 20, 0, 'goods', 'photo', '6a5d41a2e66555f020dd08618242242e.jpg', '/uploads/images/20210629/6a5d41a2e66555f020dd08618242242e.jpg', '', 'jpg', '47910', 0, NULL, 1624933623),
(98, 20, 0, 'goods', 'image', '903f091ec1ead74232851d8169a20b62.jpg', '/uploads/images/20210629/903f091ec1ead74232851d8169a20b62.jpg', '', 'jpg', '276031', 0, NULL, 1624933629),
(99, 21, 0, 'goods', 'photo', 'b6b30888e0bf75f95ed825abc2b382a2.jpg', '/uploads/images/20210629/b6b30888e0bf75f95ed825abc2b382a2.jpg', '', 'jpg', '11836', 0, NULL, 1624933847),
(100, 21, 0, 'goods', 'image', '715b212cb9ef014f75bb3a5727be9222.jpg', '/uploads/images/20210629/715b212cb9ef014f75bb3a5727be9222.jpg', '', 'jpg', '457988', 0, NULL, 1624933879),
(101, 22, 0, 'goods', 'photo', 'f4a10dfe755dddb7c9049c4fe296b105.jpg', '/uploads/images/20210629/f4a10dfe755dddb7c9049c4fe296b105.jpg', '', 'jpg', '31354', 0, NULL, 1624934395),
(102, 22, 0, 'goods', 'image', '92826c6438d685527da6853754a14343.jpg', '/uploads/images/20210629/92826c6438d685527da6853754a14343.jpg', '', 'jpg', '660977', 0, NULL, 1624934400),
(103, 23, 0, 'goods', 'photo', '6c5a2c54169f6623d6f15937f506d7fc.jpg', '/uploads/images/20210629/6c5a2c54169f6623d6f15937f506d7fc.jpg', '', 'jpg', '18521', 0, NULL, 1624934624),
(104, 23, 0, 'goods', 'image', '207640cacadcc8789d2d4a66ccf54f2d.jpg', '/uploads/images/20210629/207640cacadcc8789d2d4a66ccf54f2d.jpg', '', 'jpg', '260417', 0, NULL, 1624934630),
(105, 24, 0, 'goods', 'photo', '8f2f8f19cb29693bc6187a24df7a3fb2.jpg', '/uploads/images/20210629/8f2f8f19cb29693bc6187a24df7a3fb2.jpg', '', 'jpg', '106904', 0, NULL, 1624935196),
(106, 24, 0, 'goods', 'image', '82119ed84676ecd0d191beac877d3af9.jpg', '/uploads/images/20210629/82119ed84676ecd0d191beac877d3af9.jpg', '', 'jpg', '408659', 0, NULL, 1624935215),
(107, 25, 0, 'goods', 'photo', 'c4351e4d8d0ee22c6297f6bb69a022a7.jpg', '/uploads/images/20210629/c4351e4d8d0ee22c6297f6bb69a022a7.jpg', '', 'jpg', '35362', 0, NULL, 1624935351),
(108, 25, 0, 'goods', 'image', '46acb89040bbd6a9b5cf2856effea612.jpg', '/uploads/images/20210629/46acb89040bbd6a9b5cf2856effea612.jpg', '', 'jpg', '1333394', 0, NULL, 1624935359),
(109, 26, 0, 'goods', 'photo', 'fa5999001af8114d7103752e3256743f.jpg', '/uploads/images/20210629/fa5999001af8114d7103752e3256743f.jpg', '', 'jpg', '21654', 0, NULL, 1624935786),
(110, 26, 0, 'goods', 'image', '2b8d3df354f77cc3c556a29661864f8f.jpg', '/uploads/images/20210629/2b8d3df354f77cc3c556a29661864f8f.jpg', '', 'jpg', '117940', 0, NULL, 1624935792),
(111, 27, 0, 'goods', 'photo', '8282e88b1a1636783180391fcd5aa80b.jpg', '/uploads/images/20210629/8282e88b1a1636783180391fcd5aa80b.jpg', '', 'jpg', '103541', 0, NULL, 1624935897),
(112, 27, 0, 'goods', 'image', '1fd2ae927c19bb8ee656d4364eab5537.jpg', '/uploads/images/20210629/1fd2ae927c19bb8ee656d4364eab5537.jpg', '', 'jpg', '394201', 0, NULL, 1624935916),
(113, 28, 0, 'goods', 'photo', 'c358df55c899b282423216bc4d573766.jpg', '/uploads/images/20210629/c358df55c899b282423216bc4d573766.jpg', '', 'jpg', '131067', 0, NULL, 1624936050),
(114, 28, 0, 'goods', 'image', '76a9b769c241a4f4c0457b969d22d4bc.jpg', '/uploads/images/20210629/76a9b769c241a4f4c0457b969d22d4bc.jpg', '', 'jpg', '187742', 0, NULL, 1624936063),
(115, 29, 0, 'goods', 'photo', 'ecb81e80c456f0fbdbbf66eb16f5356c.jpg', '/uploads/images/20210629/ecb81e80c456f0fbdbbf66eb16f5356c.jpg', '', 'jpg', '107339', 0, NULL, 1624936194),
(116, 29, 0, 'goods', 'image', '3f73732f5486794add6f94fc170fc0fd.jpg', '/uploads/images/20210629/3f73732f5486794add6f94fc170fc0fd.jpg', '', 'jpg', '376456', 0, NULL, 1624936204),
(119, 31, 0, 'goods', 'photo', '455e551e15c75f6ff5cdd9278c6e2ab3.jpg', '/uploads/images/20210629/455e551e15c75f6ff5cdd9278c6e2ab3.jpg', '', 'jpg', '92087', 0, NULL, 1624936402),
(120, 31, 0, 'goods', 'image', '2951ace17e97f3e36829030b4907c7fa.jpg', '/uploads/images/20210629/2951ace17e97f3e36829030b4907c7fa.jpg', '', 'jpg', '806195', 0, NULL, 1624936415),
(121, 3, 0, 'shop', 'decorate', 'c20c3583824ae6cf65708e19fa9622df.jpg', '/uploads/images/20210629/c20c3583824ae6cf65708e19fa9622df.jpg', '', 'jpg', '34257', 0, NULL, 1624936936),
(122, 3, 0, 'shop', 'decorate', '9cc9d629da0ed19d525cb09419fb4317.jpg', '/uploads/images/20210629/9cc9d629da0ed19d525cb09419fb4317.jpg', '', 'jpg', '33726', 0, NULL, 1624936940),
(123, 3, 0, 'shop', 'decorate', '6ca3e3f72ffc53b4202ba1b6e16c947d.png', '/uploads/images/20210629/6ca3e3f72ffc53b4202ba1b6e16c947d.png', '', 'png', '4651', 0, NULL, 1624937200),
(124, 3, 0, 'shop', 'decorate', '9d28e5e8f58e6a0bde48da995b9ac3b3.png', '/uploads/images/20210629/9d28e5e8f58e6a0bde48da995b9ac3b3.png', '', 'png', '5405', 0, NULL, 1624937205),
(125, 3, 0, 'shop', 'decorate', 'b97565734538d52c8ed29221fcbaab85.png', '/uploads/images/20210629/b97565734538d52c8ed29221fcbaab85.png', '', 'png', '4161', 0, NULL, 1624937208),
(126, 3, 0, 'shop', 'decorate', '78738a8bc9376739b23e3399170214c3.png', '/uploads/images/20210629/78738a8bc9376739b23e3399170214c3.png', '', 'png', '5672', 0, NULL, 1624937211),
(127, 3, 0, 'shop', 'decorate', 'a3fed9f07fb7702bff5a6f38bf4df3db.png', '/uploads/images/20210629/a3fed9f07fb7702bff5a6f38bf4df3db.png', '', 'png', '5885', 0, NULL, 1624937216),
(128, 3, 0, 'shop', 'decorate', '16d1a8b2dc8868ed4cc81903d435d6e0.png', '/uploads/images/20210629/16d1a8b2dc8868ed4cc81903d435d6e0.png', '', 'png', '4595', 0, NULL, 1624937219),
(129, 3, 0, 'shop', 'decorate', '53f90a0ed66cade5ed5d199168d2f804.png', '/uploads/images/20210629/53f90a0ed66cade5ed5d199168d2f804.png', '', 'png', '4877', 0, NULL, 1624937222),
(130, 3, 0, 'shop', 'decorate', 'e10c3ff076e73a53c59eee357d922c04.png', '/uploads/images/20210629/e10c3ff076e73a53c59eee357d922c04.png', '', 'png', '4408', 0, NULL, 1624937225),
(131, 3, 0, 'shop', 'decorate', '3e7dee845e3e536694733c211b63c8d7.png', '/uploads/images/20210629/3e7dee845e3e536694733c211b63c8d7.png', '', 'png', '101843', 0, NULL, 1624937257),
(132, 3, 0, 'shop', 'decorate', 'dae403959e85f09778057198e8377e4b.png', '/uploads/images/20210629/dae403959e85f09778057198e8377e4b.png', '', 'png', '63487', 0, NULL, 1624937418),
(133, 3, 0, 'shop', 'decorate', '8660b7dc52e240c86dcf55f6ec6f0203.png', '/uploads/images/20210629/8660b7dc52e240c86dcf55f6ec6f0203.png', '', 'png', '39017', 0, NULL, 1624937423),
(134, 3, 0, 'shop', 'decorate', '93e365d97d6b7c48cc19a3d87cc545b3.png', '/uploads/images/20210629/93e365d97d6b7c48cc19a3d87cc545b3.png', '', 'png', '11627', 0, NULL, 1624937428),
(135, 3, 0, 'shop', 'decorate', '11183b9d92bd5b654de38dbba2c3345d.png', '/uploads/images/20210629/11183b9d92bd5b654de38dbba2c3345d.png', '', 'png', '25062', 0, NULL, 1624937431),
(136, 5, 0, 'shop', 'decorate', '04bdc66bdc402a371efa8186a8a36e52.jpg', '/uploads/images/20210629/04bdc66bdc402a371efa8186a8a36e52.jpg', '', 'jpg', '34257', 0, NULL, 1624937452),
(137, 5, 0, 'shop', 'decorate', '4d3d9e2819d652f80d47f4dd9f6c1c49.jpg', '/uploads/images/20210629/4d3d9e2819d652f80d47f4dd9f6c1c49.jpg', '', 'jpg', '33726', 0, NULL, 1624937455),
(138, 5, 0, 'shop', 'decorate', '872811236c7e0d7ad2e505cb616461b8.png', '/uploads/images/20210629/872811236c7e0d7ad2e505cb616461b8.png', '', 'png', '4651', 0, NULL, 1624937463),
(139, 5, 0, 'shop', 'decorate', 'aba1cd3a8a3efdb6695c29db5de57817.png', '/uploads/images/20210629/aba1cd3a8a3efdb6695c29db5de57817.png', '', 'png', '5405', 0, NULL, 1624937466),
(140, 5, 0, 'shop', 'decorate', '840bd03b7d2084b6db46304eb100532a.png', '/uploads/images/20210629/840bd03b7d2084b6db46304eb100532a.png', '', 'png', '4161', 0, NULL, 1624937469),
(141, 5, 0, 'shop', 'decorate', '2a897c804d0ee851ed440db30ed13ae0.png', '/uploads/images/20210629/2a897c804d0ee851ed440db30ed13ae0.png', '', 'png', '5672', 0, NULL, 1624937472),
(142, 5, 0, 'shop', 'decorate', '8812b4bddf2f04e1d51a49241484cb7d.png', '/uploads/images/20210629/8812b4bddf2f04e1d51a49241484cb7d.png', '', 'png', '5885', 0, NULL, 1624937476),
(143, 5, 0, 'shop', 'decorate', '0fbc29c933d513c8ac0eb849dfe364e2.png', '/uploads/images/20210629/0fbc29c933d513c8ac0eb849dfe364e2.png', '', 'png', '4595', 0, NULL, 1624937479),
(144, 5, 0, 'shop', 'decorate', '51a53efb14dfebb0bd1f3a993fa54b59.png', '/uploads/images/20210629/51a53efb14dfebb0bd1f3a993fa54b59.png', '', 'png', '4877', 0, NULL, 1624937482),
(145, 5, 0, 'shop', 'decorate', 'f9d73efba8a3ae6766d812eeeffce2dc.png', '/uploads/images/20210629/f9d73efba8a3ae6766d812eeeffce2dc.png', '', 'png', '4408', 0, NULL, 1624937485),
(146, 5, 0, 'shop', 'decorate', '4e5a035ea8eda87a02a4c43d072e45e8.png', '/uploads/images/20210629/4e5a035ea8eda87a02a4c43d072e45e8.png', '', 'png', '101843', 0, NULL, 1624937520),
(147, 5, 0, 'shop', 'decorate', 'e7fb6bf07c5c28e9696bb820dbf0a286.png', '/uploads/images/20210629/e7fb6bf07c5c28e9696bb820dbf0a286.png', '', 'png', '63487', 0, NULL, 1624937542),
(148, 5, 0, 'shop', 'decorate', 'f35745f921d002d69e84ac4f2a0fb752.png', '/uploads/images/20210629/f35745f921d002d69e84ac4f2a0fb752.png', '', 'png', '39017', 0, NULL, 1624937547),
(149, 5, 0, 'shop', 'decorate', 'cc63d4e2175f52c8405e604308b70281.png', '/uploads/images/20210629/cc63d4e2175f52c8405e604308b70281.png', '', 'png', '11627', 0, NULL, 1624937551),
(150, 5, 0, 'shop', 'decorate', 'a1dd20dbe04338f520b8de342d16abc1.png', '/uploads/images/20210629/a1dd20dbe04338f520b8de342d16abc1.png', '', 'png', '25062', 0, NULL, 1624937554),
(155, 30, 0, 'share', '', '17d8a9df063226d14541887ee2d6d0a8.jpg', '/uploads/images/20210702/17d8a9df063226d14541887ee2d6d0a8.jpg', '', 'jpg', '58643', 0, NULL, 1625180674),
(156, 30, 0, 'share', '', 'c639a97f228ba383dd01fa3e9983bd14.jpg', '/uploads/images/20210702/c639a97f228ba383dd01fa3e9983bd14.jpg', '', 'jpg', '54327', 0, NULL, 1625180677),
(157, 30, 0, 'share', '', '28726dfadec86bd20792675253f58f4c.png', '/uploads/images/20210702/28726dfadec86bd20792675253f58f4c.png', '', 'png', '134307', 0, NULL, 1625180680),
(185, 34, 0, 'luckdraw', '', '3fa4015765248e68101f90a6e80c94e6.png', '/uploads/images/20210705/3fa4015765248e68101f90a6e80c94e6.png', '', 'png', '2307', 0, NULL, 1625419130),
(187, 34, 0, 'luckdraw', '', 'c08c04e0b912d6d35fbdedb172f30b71.png', '/uploads/images/20210705/c08c04e0b912d6d35fbdedb172f30b71.png', '', 'png', '2307', 0, NULL, 1625419139),
(189, 34, 0, 'luckdraw', '', 'fbe14f1dfb5bfd0b4ca8e7c8fa150f18.png', '/uploads/images/20210705/fbe14f1dfb5bfd0b4ca8e7c8fa150f18.png', '', 'png', '2307', 0, NULL, 1625419144),
(191, 34, 0, 'luckdraw', '', 'ee9c1f7bb55f7cf6dcdf3bcded43c774.png', '/uploads/images/20210705/ee9c1f7bb55f7cf6dcdf3bcded43c774.png', '', 'png', '2307', 0, NULL, 1625419149),
(193, 34, 0, 'luckdraw', '', '458fab1af868de74fe6d9a1b69b8957d.png', '/uploads/images/20210705/458fab1af868de74fe6d9a1b69b8957d.png', '', 'png', '2353', 0, NULL, 1625452336),
(194, 34, 0, 'luckdraw', '', 'c36c6a55d48b2b1cfa3a527d4c47bba4.png', '/uploads/images/20210705/c36c6a55d48b2b1cfa3a527d4c47bba4.png', '', 'png', '2353', 0, NULL, 1625452343),
(195, 34, 0, 'luckdraw', '', 'bba4fc120a2f4613df7b82e5e7e10111.png', '/uploads/images/20210705/bba4fc120a2f4613df7b82e5e7e10111.png', '', 'png', '2353', 0, NULL, 1625452357),
(196, 34, 0, 'luckdraw', '', '6e0e6e0325ebeef5f1c0dbd75417e9f4.png', '/uploads/images/20210705/6e0e6e0325ebeef5f1c0dbd75417e9f4.png', '', 'png', '2353', 0, NULL, 1625452367),
(197, 1, 0, 'shop', 'decorate', '416e88984f1a300404352029f90e5c9a.png', '/uploads/images/20210705/416e88984f1a300404352029f90e5c9a.png', '', 'png', '6675', 0, NULL, 1625452460),
(198, 3, 0, 'shop', 'decorate', '166fa1c5ed6682a0a529a894665aa674.png', '/uploads/images/20210705/166fa1c5ed6682a0a529a894665aa674.png', '', 'png', '6675', 0, NULL, 1625452477),
(199, 5, 0, 'shop', 'decorate', '2a62d728ec9e089991366c0e3e1af4fc.png', '/uploads/images/20210705/2a62d728ec9e089991366c0e3e1af4fc.png', '', 'png', '6675', 0, NULL, 1625452498),
(200, 5, 0, 'shop', 'decorate', '3bd1aaa8969dea6c1c3e6e4771f9e1de.png', '/uploads/images/20210705/3bd1aaa8969dea6c1c3e6e4771f9e1de.png', '', 'png', '5771', 0, NULL, 1625454964),
(201, 3, 0, 'shop', 'decorate', '4eecb93f02447ea307dc5c129b2267ee.png', '/uploads/images/20210705/4eecb93f02447ea307dc5c129b2267ee.png', '', 'png', '5771', 0, NULL, 1625454992),
(202, 1, 0, 'shop', 'decorate', '89a285935317c100599da2c3cc611d61.png', '/uploads/images/20210705/89a285935317c100599da2c3cc611d61.png', '', 'png', '5771', 0, NULL, 1625455009),
(203, 30, 0, 'goods', 'photo', '824d423420ec2da587b9eb2a086bb89c.jpg', '/uploads/images/20210725/824d423420ec2da587b9eb2a086bb89c.jpg', '', 'jpg', '50086', 0, NULL, 1627222409),
(204, 30, 0, 'goods', 'image', 'd76f767736d756cd2997d809e510fe00.jpg', '/uploads/images/20210725/d76f767736d756cd2997d809e510fe00.jpg', '', 'jpg', '50086', 0, NULL, 1627222416),
(205, 5, 0, 'marketing', '', '2cb1559fc02240b9dfdd99fa3fbd116f.jpg', '/uploads/images/20210812/2cb1559fc02240b9dfdd99fa3fbd116f.jpg', '', 'jpg', '28369', 0, NULL, 1628736769),
(206, 6, 0, 'marketing', '', '68599b86cf73f7cd53dca39e842b319f.jpg', '/uploads/images/20210812/68599b86cf73f7cd53dca39e842b319f.jpg', '', 'jpg', '14090', 0, NULL, 1628736847),
(207, 6, 0, 'marketing', '', '83d23b353027fd70fb8e14f397c221fa.jpg', '/uploads/images/20210812/83d23b353027fd70fb8e14f397c221fa.jpg', '', 'jpg', '10006', 0, NULL, 1628736848),
(208, 6, 0, 'marketing', '', 'cefc2981c30021e89f5d4c965949e23d.jpg', '/uploads/images/20210812/cefc2981c30021e89f5d4c965949e23d.jpg', '', 'jpg', '6507', 0, NULL, 1628736851),
(209, 6, 0, 'marketing', '', '6cdcd8da3483ded7fa93acc3098dec22.jpg', '/uploads/images/20210812/6cdcd8da3483ded7fa93acc3098dec22.jpg', '', 'jpg', '7323', 0, NULL, 1628736853),
(210, 7, 0, 'marketing', '', '4b1d7cace441425af5d67de195226938.png', '/uploads/images/20210812/4b1d7cace441425af5d67de195226938.png', '', 'png', '5771', 0, NULL, 1628737832),
(211, 7, 0, 'marketing', '', '6e019c941e01b926d84d72aa604902b1.png', '/uploads/images/20210812/6e019c941e01b926d84d72aa604902b1.png', '', 'png', '5771', 0, NULL, 1628737834),
(212, 7, 0, 'marketing', '', '6346032366d9483e7f083e846145035e.png', '/uploads/images/20210812/6346032366d9483e7f083e846145035e.png', '', 'png', '5771', 0, NULL, 1628737836),
(213, 7, 0, 'marketing', '', '45a28d88a31e2083c4f0ea27a3bcc3de.png', '/uploads/images/20210812/45a28d88a31e2083c4f0ea27a3bcc3de.png', '', 'png', '5771', 0, NULL, 1628737838),
(214, 7, 0, 'marketing', '', '25d7c783b9c246939987f137970adf70.png', '/uploads/images/20210812/25d7c783b9c246939987f137970adf70.png', '', 'png', '5771', 0, NULL, 1628737842),
(215, 7, 0, 'marketing', '', '1b58846b860d3c4a5cc148f6cccf9a12.png', '/uploads/images/20210812/1b58846b860d3c4a5cc148f6cccf9a12.png', '', 'png', '5771', 0, NULL, 1628737845),
(216, 7, 0, 'marketing', '', 'd01e4c8b841be84801527e74db4cb3ff.png', '/uploads/images/20210812/d01e4c8b841be84801527e74db4cb3ff.png', '', 'png', '5771', 0, NULL, 1628737848),
(217, 7, 0, 'marketing', '', '34deace49b5681d732c73c386916b8cf.png', '/uploads/images/20210812/34deace49b5681d732c73c386916b8cf.png', '', 'png', '5771', 0, NULL, 1628737850),
(218, 8, 0, 'marketing', '', '0f465b33859548fa296a813955adda6e.jpg', '/uploads/images/20210812/0f465b33859548fa296a813955adda6e.jpg', '', 'jpg', '117126', 0, NULL, 1628737936),
(221, 5, 0, 'marketing', '', '5d216efb5c858ce5110ca5b48fa7ae68.jpg', '/uploads/images/20210812/5d216efb5c858ce5110ca5b48fa7ae68.jpg', '', 'jpg', '23644', 0, NULL, 1628738519),
(222, 8, 0, 'marketing', '', '3cf75199055e91006f08e5ff262e1e92.png', '/uploads/images/20210812/3cf75199055e91006f08e5ff262e1e92.png', '', 'png', '226106', 0, NULL, 1628738582);

-- --------------------------------------------------------

--
-- 表的结构 `mall_card`
--

CREATE TABLE `mall_card` (
  `id` bigint(20) NOT NULL,
  `goods_id` text CHARACTER SET utf8 DEFAULT NULL ,
  `name` varchar(50) CHARACTER SET utf8 NOT NULL ,
  `status` tinyint(1) NOT NULL DEFAULT 0 ,
  `start_time` int(10) NOT NULL DEFAULT 0 ,
  `end_time` int(10) DEFAULT 0 ,
  `create_time` int(10) NOT NULL DEFAULT 0 
) ENGINE=InnoDB DEFAULT CHARSET=utf8mb4 ;

-- --------------------------------------------------------

--
-- 表的结构 `mall_card_order`
--

CREATE TABLE `mall_card_order` (
  `id` bigint(20) UNSIGNED NOT NULL,
  `user_id` bigint(20) UNSIGNED NOT NULL DEFAULT 0 ,
  `order_no` varchar(255) NOT NULL DEFAULT '' ,
  `freight_id` int(11) NOT NULL DEFAULT 0,
  `distribution_code` varchar(255) DEFAULT '' ,
  `status` tinyint(1) DEFAULT 1 ,
  `distribution_status` tinyint(1) NOT NULL DEFAULT 0 ,
  `accept_name` varchar(32) NOT NULL DEFAULT '' ,
  `mobile` varchar(20) DEFAULT '' ,
  `country` varchar(32) DEFAULT '' ,
  `province` varchar(32) DEFAULT '' ,
  `city` varchar(32) DEFAULT '' ,
  `area` varchar(32) DEFAULT '' ,
  `address` varchar(255) DEFAULT '' ,
  `remarks` text DEFAULT NULL ,
  `payable_amount` decimal(15,2) DEFAULT 0.00 ,
  `order_amount` decimal(15,2) NOT NULL DEFAULT 0.00 ,
  `goods_info` longtext DEFAULT NULL,
  `source` int(11) NOT NULL DEFAULT 0 ,
  `send_time` int(10) DEFAULT 0 ,
  `create_time` int(10) DEFAULT 0 ,
  `completion_time` int(10) DEFAULT 0 
) ENGINE=InnoDB DEFAULT CHARSET=utf8mb4 ;

-- --------------------------------------------------------

--
-- 表的结构 `mall_card_template`
--

CREATE TABLE `mall_card_template` (
  `id` bigint(20) NOT NULL ,
  `tempate_id` bigint(20) NOT NULL DEFAULT 0 ,
  `user_id` bigint(20) NOT NULL DEFAULT 0 ,
  `order_id` bigint(20) NOT NULL DEFAULT 0 ,
  `code` varchar(255) CHARACTER SET utf8 NOT NULL DEFAULT '' ,
  `pwd` varchar(255) CHARACTER SET utf8 DEFAULT '' ,
  `status` tinyint(4) NOT NULL ,
  `start_time` int(10) NOT NULL DEFAULT 0 ,
  `end_time` int(10) NOT NULL DEFAULT 0 ,
  `create_time` int(10) NOT NULL DEFAULT 0
) ENGINE=InnoDB DEFAULT CHARSET=utf8mb4 ;

-- --------------------------------------------------------

--
-- 表的结构 `mall_cart`
--

CREATE TABLE `mall_cart` (
  `id` bigint(20) NOT NULL,
  `session_id` char(32) CHARACTER SET utf8 NOT NULL DEFAULT '',
  `user_id` bigint(20) NOT NULL DEFAULT 0 ,
  `goods_id` bigint(20) NOT NULL DEFAULT 0,
  `product_id` bigint(20) NOT NULL DEFAULT 0,
  `spec_key` text CHARACTER SET utf8 NOT NULL,
  `sell_price` decimal(15,2) NOT NULL DEFAULT 0.00,
  `cost_price` decimal(15,2) NOT NULL DEFAULT 0.00,
  `market_price` decimal(15,2) NOT NULL DEFAULT 0.00,
  `goods_weight` decimal(15,2) NOT NULL DEFAULT 0.00,
  `goods_nums` int(10) NOT NULL DEFAULT 0,
  `create_time` int(10) NOT NULL DEFAULT 0 ,
  `update_time` int(10) NOT NULL DEFAULT 0
) ENGINE=InnoDB DEFAULT CHARSET=utf8mb4 ;

-- --------------------------------------------------------

--
-- 表的结构 `mall_category`
--

CREATE TABLE `mall_category` (
  `id` int(11) NOT NULL,
  `pid` int(11) NOT NULL DEFAULT 0 ,
  `title` varchar(255) NOT NULL DEFAULT '' ,
  `photo` varchar(255) NOT NULL DEFAULT '' ,
  `content` longtext DEFAULT NULL ,
  `module` varchar(64) NOT NULL DEFAULT '' ,
  `status` tinyint(1) NOT NULL DEFAULT 0 ,
  `sort` smallint(6) NOT NULL DEFAULT 0 ,
  `hits` bigint(20) NOT NULL DEFAULT 0 ,
  `is_menu` tinyint(1) NOT NULL DEFAULT 0 ,
  `is_hot` tinyint(1) NOT NULL DEFAULT 0 ,
  `is_recommend` tinyint(1) NOT NULL DEFAULT 1 ,
  `is_lock` tinyint(1) NOT NULL DEFAULT 0 ,
  `create_time` int(10) NOT NULL DEFAULT 0 ,
  `update_time` int(10) NOT NULL DEFAULT 0 
) ENGINE=InnoDB DEFAULT CHARSET=utf8mb4;

--
-- 转存表中的数据 `mall_category`
--

INSERT INTO `mall_category` (`id`, `pid`, `title`, `photo`, `content`, `module`, `status`, `sort`, `hits`, `is_menu`, `is_hot`, `is_recommend`, `is_lock`, `create_time`, `update_time`) VALUES
(1, 0, '厨房小电器', '', NULL, 'goods', 0, 0, 0, 0, 0, 0, 0, 1624155953, 1624155953),
(2, 1, '电热水壶', '/uploads/images/20210620/ab473d73baf5a03cb71557c10c81d641.jpg', NULL, 'goods', 0, 0, 0, 0, 0, 0, 0, 1624156003, 1624156003),
(3, 1, '电饭煲', '/uploads/images/20210620/bd6dd6ece8fce1f63b012c797ce65b5a.jpg', NULL, 'goods', 0, 0, 0, 0, 0, 0, 0, 1624156362, 1624156362),
(4, 1, '净水器', '/uploads/images/20210620/1c088ab8f7bd787610c6aa3480c4eeef.jpg', NULL, 'goods', 0, 0, 0, 0, 0, 0, 0, 1624157011, 1624157011),
(5, 1, '料理机', '/uploads/images/20210620/fbfbaa88c13c83debd6c0082bd4691b4.jpg', NULL, 'goods', 0, 0, 0, 0, 0, 0, 0, 1624157181, 1624157181),
(6, 0, '大家电', '', NULL, 'goods', 0, 0, 0, 0, 0, 0, 0, 1624157204, 1624157204),
(7, 6, '空调', '/uploads/images/20210620/55a35d91d53f9e749ce844a13ed64f45.jpg', NULL, 'goods', 0, 0, 0, 0, 0, 0, 0, 1624157348, 1624157348),
(8, 6, '洗衣机', '/uploads/images/20210620/5dc770b9f7cb1e406a9a735792d7ceb8.jpg', NULL, 'goods', 0, 0, 0, 0, 0, 0, 0, 1624157513, 1624157513),
(9, 6, '电视机', '/uploads/images/20210620/4deb6d34b203afd26e30f23728cfaa0f.jpg', NULL, 'goods', 0, 0, 0, 0, 0, 0, 0, 1624157707, 1624157707),
(10, 6, '烘干机', '/uploads/images/20210620/38a0065078b668836f485805ddcba4ce.jpg', NULL, 'goods', 0, 0, 0, 0, 0, 0, 0, 1624157837, 1624157837),
(11, 0, '生活电器', '', NULL, 'goods', 0, 0, 0, 0, 0, 0, 0, 1624157859, 1624157859),
(12, 11, '电扇', '/uploads/images/20210620/cfe01e3817aa27cd1a71f72b08d92d56.jpg', NULL, 'goods', 0, 0, 0, 0, 0, 0, 0, 1624157944, 1624157944),
(13, 11, '空气净化器', '/uploads/images/20210620/7fa61b0a93487e53d73fc9d737816267.jpg', NULL, 'goods', 0, 0, 0, 0, 0, 0, 0, 1624171104, 1624171104),
(14, 11, '烫衣熨斗', '/uploads/images/20210620/badcaad291399325618b457eeb5892f9.jpg', NULL, 'goods', 0, 0, 0, 0, 0, 0, 0, 1624172924, 1624172924),
(15, 1, '揉面机', '/uploads/images/20210620/c0b6ef3a6e5edf59f27dab0bbfb3c97a.jpg', NULL, 'goods', 0, 0, 0, 0, 0, 1, 0, 1624173840, 1624173840),
(16, 11, '取暖器', '/uploads/images/20210620/cbe1dc41b912f1f886f1e5a7e4721e3d.jpg', NULL, 'goods', 0, 0, 0, 0, 0, 0, 0, 1624174474, 1624174474),
(17, 2, '304不锈钢', '', NULL, 'goods', 0, 0, 0, 1, 1, 0, 0, 1624929158, 1624929158),
(18, 2, '外塑内钢', '', NULL, 'goods', 0, 0, 0, 1, 1, 0, 0, 1624929237, 1624929237),
(19, 2, '400系列不锈钢', '', NULL, 'goods', 0, 0, 0, 1, 1, 0, 0, 1624929253, 1624929253),
(20, 2, '双层不锈钢', '', NULL, 'goods', 0, 0, 0, 1, 1, 0, 0, 1624929261, 1624929261),
(21, 2, '单层玻璃', '', NULL, 'goods', 0, 0, 0, 1, 1, 0, 0, 1624929269, 1624929269),
(22, 2, '铝合金', '', NULL, 'goods', 0, 0, 0, 1, 1, 0, 0, 1624929277, 1624929277),
(23, 2, '316不锈钢', '', NULL, 'goods', 0, 0, 0, 1, 1, 0, 0, 1624929285, 1624929285),
(24, 2, '双层玻璃', '', NULL, 'goods', 0, 0, 0, 1, 1, 0, 0, 1624929293, 1624929293),
(25, 2, '不锈钢', '', NULL, 'goods', 0, 0, 0, 1, 1, 0, 0, 1624929300, 1624929300),
(26, 2, '不沾涂层', '', NULL, 'goods', 0, 0, 0, 1, 1, 0, 0, 1624929346, 1624929346),
(27, 2, '铜', '', NULL, 'goods', 0, 0, 0, 1, 1, 0, 0, 1624929353, 1624929353),
(28, 2, '搪瓷', '', NULL, 'goods', 0, 0, 0, 1, 1, 0, 0, 1624929360, 1624929360),
(29, 2, '单层不锈钢', '', NULL, 'goods', 0, 0, 0, 1, 1, 0, 0, 1624929369, 1624929369),
(30, 2, '铝', '', NULL, 'goods', 0, 0, 0, 1, 1, 0, 0, 1624929376, 1624929376),
(31, 2, '铸铁', '', NULL, 'goods', 0, 0, 0, 1, 1, 0, 0, 1624929384, 1624929384),
(32, 2, '玻璃', '', NULL, 'goods', 0, 0, 0, 1, 1, 0, 0, 1624929392, 1624929392),
(33, 0, '个护电器', '', NULL, 'goods', 0, 0, 0, 1, 1, 0, 0, 1624929475, 1624929475),
(34, 0, '厨房大电', '', NULL, 'goods', 0, 0, 0, 1, 1, 0, 0, 1624929486, 1624929486),
(35, 0, '视听影音', '', NULL, 'goods', 0, 0, 0, 1, 1, 0, 0, 1624929514, 1624929514),
(36, 0, '手机', '', NULL, 'goods', 0, 0, 0, 1, 1, 0, 0, 1624929625, 1624929625),
(37, 0, '手机配件', '', NULL, 'goods', 0, 0, 0, 1, 1, 0, 0, 1624929637, 1624929637),
(38, 0, '商务办公', '', NULL, 'goods', 0, 0, 0, 1, 1, 0, 0, 1624929648, 1624929648),
(39, 1, '电炖锅', '/uploads/images/20210629/fe1935f48863c4e8046c618acc50ec78.jpg', NULL, 'goods', 0, 0, 0, 0, 0, 1, 0, 1624932665, 1624932665),
(40, 2, '耐热高温玻璃', '', NULL, 'goods', 0, 0, 0, 1, 0, 1, 0, 1624934726, 1624934726),
(41, 0, '购物指南', '', NULL, 'article', 0, 0, 0, 0, 0, 0, 0, 1624972862, 1624972862),
(42, 41, '用户协议', '', NULL, 'article', 0, 0, 0, 0, 0, 0, 0, 1624972869, 1624972869),
(43, 41, '交易条款', '', NULL, 'article', 0, 0, 0, 0, 0, 0, 0, 1624972875, 1624972875),
(44, 41, '购物流程', '', NULL, 'article', 0, 0, 0, 0, 0, 0, 0, 1624972883, 1624972883),
(45, 41, '促销咨询', '', NULL, 'article', 0, 0, 0, 0, 0, 0, 0, 1624972891, 1624972891),
(46, 41, '商品咨询', '', NULL, 'article', 0, 0, 0, 0, 0, 0, 0, 1624972897, 1624972897),
(47, 0, '配送方式', '', NULL, 'article', 0, 0, 0, 0, 0, 0, 0, 1624972905, 1624972905),
(48, 47, '发货与签收', '', NULL, 'article', 0, 0, 0, 0, 0, 0, 0, 1624972913, 1624972913),
(49, 47, '配送运费收取说明', '', NULL, 'article', 0, 0, 0, 0, 0, 0, 0, 1624972920, 1624972920),
(50, 47, '配送服务查询', '', NULL, 'article', 0, 0, 0, 0, 0, 0, 0, 1624972928, 1624972928),
(51, 47, '配送时效', '', NULL, 'article', 0, 0, 0, 0, 0, 0, 0, 1624972937, 1624972937),
(52, 47, '配送异常', '', NULL, 'article', 0, 0, 0, 0, 0, 0, 0, 1624972943, 1624972943),
(53, 0, '账户及会员', '', NULL, 'article', 0, 0, 0, 0, 0, 0, 0, 1624972950, 1624972950),
(54, 53, '账户安全', '', NULL, 'article', 0, 0, 0, 0, 0, 0, 0, 1624972958, 1624972958),
(55, 53, '账户信息', '', NULL, 'article', 0, 0, 0, 0, 0, 0, 0, 1624972965, 1624972965),
(56, 53, '账户资产', '', NULL, 'article', 0, 0, 0, 0, 0, 0, 0, 1624972974, 1624972974),
(57, 53, '会员介绍', '', NULL, 'article', 0, 0, 0, 0, 0, 0, 0, 1624972982, 1624972982),
(58, 0, '生活资讯', '', NULL, 'article', 0, 0, 0, 0, 0, 1, 0, 1624972990, 1624972990),
(59, 0, '平台公告', '', NULL, 'article', 0, 0, 0, 0, 0, 1, 0, 1624972997, 1624972997),
(60, 0, '帮助中心', '', NULL, 'article', 0, 0, 0, 0, 0, 1, 0, 1624973004, 1624973004),
(61, 0, '联系我们', '', '<p>联系我们</p>', 'page', 0, 0, 0, 0, 0, 1, 0, 1624973021, 1624973021),
(62, 0, '新手入门', '', '<p>新手入门</p>', 'page', 0, 0, 0, 0, 0, 0, 0, 1624973029, 1624973029),
(63, 62, '购物流程', '', '<p>购物流程</p>', 'page', 0, 0, 0, 0, 0, 0, 0, 1624973038, 1624973038),
(64, 62, '会员制度', '', '<p>会员制度</p>', 'page', 0, 0, 0, 0, 0, 0, 0, 1624973046, 1624973046),
(65, 62, '订单查询', '', '<p>订单查询</p>', 'page', 0, 0, 0, 0, 0, 0, 0, 1624973055, 1624973055),
(66, 62, '服务协议及隐私说明', '', '<p>服务协议及隐私说明</p>', 'page', 0, 0, 0, 0, 0, 0, 0, 1624973064, 1624973064),
(67, 62, '网站地图', '', '<p>网站地图</p>', 'page', 0, 0, 0, 0, 0, 0, 0, 1624973074, 1624973074),
(68, 0, '支付方式', '', '<p>支付方式</p>', 'page', 0, 0, 0, 0, 0, 0, 0, 1624973083, 1624973083),
(69, 68, '网上支付', '', '<p>网上支付</p>', 'page', 0, 0, 0, 0, 0, 0, 0, 1624973093, 1624973093),
(70, 68, '优惠券使用方式', '', '<p>优惠券使用方式</p>', 'page', 0, 0, 0, 0, 0, 0, 0, 1624974055, 1624974055),
(71, 68, '如何支付', '', '<p>如何支付</p>', 'page', 0, 0, 0, 0, 0, 0, 0, 1624974064, 1624974064),
(72, 0, '配送服务', '', '<p>配送服务</p>', 'page', 0, 0, 0, 0, 0, 0, 0, 1624974193, 1624974193),
(73, 72, '配送进度查询', '', '<p>配送进度查询</p>', 'page', 0, 0, 0, 0, 0, 0, 0, 1624974205, 1624974205),
(74, 72, '商品验货与签收', '', '<p>商品验货与签收</p>', 'page', 0, 0, 0, 0, 0, 0, 0, 1624974215, 1624974215),
(75, 0, '售后保障', '', '<p>售后保障</p>', 'page', 0, 0, 0, 0, 0, 0, 0, 1624974223, 1624974223),
(76, 75, '退换货政策', '', '<p>退换货政策</p>', 'page', 0, 0, 0, 0, 0, 0, 0, 1624974233, 1624974233),
(77, 75, '发票制度', '', '<p>发票制度</p>', 'page', 0, 0, 0, 0, 0, 0, 0, 1624974243, 1624974243),
(78, 75, '帮助中心', '', '<p>帮助中心</p>', 'page', 0, 0, 0, 0, 0, 0, 0, 1624974252, 1624974252);

-- --------------------------------------------------------

--
-- 表的结构 `mall_chat_friends`
--

CREATE TABLE `mall_chat_friends` (
  `id` bigint(20) NOT NULL ,
  `group_id` bigint(20) NOT NULL DEFAULT 0 ,
  `service_id` bigint(20) NOT NULL DEFAULT 0 ,
  `user_id` bigint(20) NOT NULL DEFAULT 0 ,
  `online` tinyint(1) NOT NULL DEFAULT 1 ,
  `is_del` tinyint(1) NOT NULL DEFAULT 0 ,
  `create_time` int(10) NOT NULL DEFAULT 0 ,
  `delete_time` int(10) NOT NULL DEFAULT 0 ,
  `last_online_time` int(10) NOT NULL DEFAULT 0 
) ENGINE=InnoDB DEFAULT CHARSET=utf8mb4 ;

--
-- 转存表中的数据 `mall_chat_friends`
--

INSERT INTO `mall_chat_friends` (`id`, `group_id`, `service_id`, `user_id`, `online`, `is_del`, `create_time`, `delete_time`, `last_online_time`) VALUES
(1, 0, 2, 2, 1, 0, 1625170355, 0, 1625170355),
(2, 0, 1, 2, 1, 0, 1625170485, 0, 1625170485),
(3, 0, 2, 1, 1, 0, 1625170575, 0, 1625170575),
(4, 0, 1, 1, 1, 0, 1625171622, 0, 1625171622);

-- --------------------------------------------------------

--
-- 表的结构 `mall_chat_group`
--

CREATE TABLE `mall_chat_group` (
  `id` smallint(5) NOT NULL,
  `name` varchar(64) CHARACTER SET utf8 NOT NULL DEFAULT '' ,
  `description` varchar(128) CHARACTER SET utf8 NOT NULL DEFAULT ''
) ENGINE=InnoDB DEFAULT CHARSET=utf8mb4 ;

-- --------------------------------------------------------

--
-- 表的结构 `mall_chat_message`
--

CREATE TABLE `mall_chat_message` (
  `id` bigint(20) NOT NULL ,
  `type` varchar(32) NOT NULL DEFAULT '' ,
  `send_type` tinyint(1) NOT NULL DEFAULT 0 ,
  `service_id` bigint(20) NOT NULL DEFAULT 0 ,
  `user_id` bigint(20) NOT NULL ,
  `is_read` tinyint(1) NOT NULL DEFAULT 0 ,
  `goods_id` bigint(20) NOT NULL DEFAULT 0 ,
  `sku_id` bigint(20) NOT NULL DEFAULT 0 ,
  `order_id` bigint(20) NOT NULL DEFAULT 0 ,
  `content` longtext DEFAULT NULL ,
  `create_time` int(10) NOT NULL DEFAULT 0 
) ENGINE=InnoDB DEFAULT CHARSET=utf8mb4 ;

--
-- 转存表中的数据 `mall_chat_message`
--

INSERT INTO `mall_chat_message` (`id`, `type`, `send_type`, `service_id`, `user_id`, `is_read`, `goods_id`, `sku_id`, `order_id`, `content`, `create_time`) VALUES
(1, 'text', 1, 2, 2, 1, 0, 0, 0, '1', 1625170357),
(2, 'text', 1, 2, 2, 1, 0, 0, 0, '2', 1625170365),
(3, 'text', 1, 1, 2, 1, 0, 0, 0, '1', 1625170570),
(4, 'text', 1, 1, 2, 1, 0, 0, 0, '3', 1625170582),
(5, 'text', 1, 1, 2, 1, 0, 0, 0, 'a', 1625171567),
(6, 'text', 1, 2, 2, 1, 0, 0, 0, '2', 1625171571),
(7, 'text', 1, 2, 2, 1, 0, 0, 0, '3', 1625171575),
(8, 'text', 1, 1, 2, 1, 0, 0, 0, '1', 1625171593),
(9, 'text', 1, 1, 1, 0, 0, 0, 0, '1', 1625171624),
(10, 'text', 1, 2, 1, 1, 0, 0, 0, '2', 1625171627),
(11, 'text', 1, 1, 2, 1, 0, 0, 0, '1', 1625171655),
(12, 'text', 1, 2, 2, 1, 0, 0, 0, 'sadf', 1625171661),
(13, 'text', 1, 1, 2, 1, 0, 0, 0, 'dfa', 1625171664),
(14, 'text', 0, 1, 2, 1, 0, 0, 0, 'a', 1625171668),
(15, 'text', 1, 2, 1, 1, 0, 0, 0, 'sadf', 1625171671),
(16, 'text', 0, 1, 2, 1, 0, 0, 0, '😨', 1625171758);

-- --------------------------------------------------------

--
-- 表的结构 `mall_chat_phrase`
--

CREATE TABLE `mall_chat_phrase` (
  `id` bigint(20) NOT NULL,
  `service_id` bigint(20) NOT NULL DEFAULT 0 ,
  `content` longtext CHARACTER SET utf8 DEFAULT NULL ,
  `create_time` int(10) NOT NULL DEFAULT 0 
) ENGINE=InnoDB DEFAULT CHARSET=utf8mb4 ;

-- --------------------------------------------------------

--
-- 表的结构 `mall_chat_rating`
--

CREATE TABLE `mall_chat_rating` (
  `id` int(11) NOT NULL,
  `service_id` bigint(20) NOT NULL DEFAULT 0,
  `user_id` bigint(20) NOT NULL DEFAULT 0,
  `score` tinyint(1) NOT NULL DEFAULT 0,
  `msg` text CHARACTER SET utf8 DEFAULT NULL,
  `creat_time` int(11) NOT NULL DEFAULT 0
) ENGINE=InnoDB DEFAULT CHARSET=utf8mb4 ;

-- --------------------------------------------------------

--
-- 表的结构 `mall_chat_service`
--

CREATE TABLE `mall_chat_service` (
  `id` bigint(20) NOT NULL ,
  `username` varchar(128) DEFAULT '' ,
  `password` varchar(255) NOT NULL DEFAULT '' ,
  `nickname` varchar(32) NOT NULL DEFAULT '' ,
  `avatar` varchar(255) NOT NULL DEFAULT '' ,
  `online` tinyint(1) NOT NULL DEFAULT 1 ,
  `is_del` int(10) NOT NULL DEFAULT 0 ,
  `status` tinyint(1) NOT NULL DEFAULT 0 ,
  `create_time` int(10) NOT NULL DEFAULT 0 ,
  `delete_time` int(10) NOT NULL DEFAULT 0 ,
  `last_online_time` int(10) NOT NULL DEFAULT 0 ,
  `config` longtext DEFAULT NULL 
) ENGINE=InnoDB DEFAULT CHARSET=utf8mb4 ;

--
-- 转存表中的数据 `mall_chat_service`
--

INSERT INTO `mall_chat_service` (`id`, `username`, `password`, `nickname`, `avatar`, `online`, `is_del`, `status`, `create_time`, `delete_time`, `last_online_time`, `config`) VALUES
(1, 'demo', '7fef6171469e80d32c0559f88b377245', 'demo', '/uploads/images/20210620/173c8e2a1dd82c5b090294768e1962b7.png', 1, 0, 0, 1624065262, 0, 1625171611, NULL),
(2, 'pink', '7fef6171469e80d32c0559f88b377245', '飞机水里游', '', 1, 0, 0, 1625170097, 0, 1625171612, NULL);

-- --------------------------------------------------------

--
-- 表的结构 `mall_chat_service_log`
--

CREATE TABLE `mall_chat_service_log` (
  `id` bigint(20) NOT NULL,
  `service_id` bigint(20) NOT NULL DEFAULT 0 ,
  `intro` text NOT NULL ,
  `ip` varchar(30) NOT NULL DEFAULT '' ,
  `time` int(10) NOT NULL DEFAULT 0 
) ENGINE=InnoDB DEFAULT CHARSET=utf8mb4;

-- --------------------------------------------------------

--
-- 表的结构 `mall_chat_session`
--

CREATE TABLE `mall_chat_session` (
  `id` bigint(20) NOT NULL,
  `type` tinyint(1) NOT NULL DEFAULT 0 ,
  `user_id` bigint(20) NOT NULL DEFAULT 0 ,
  `session_id` varchar(255) NOT NULL DEFAULT '' ,
  `client_id` varchar(255) NOT NULL DEFAULT '',
  `create_time` int(10) NOT NULL DEFAULT 0 
) ENGINE=InnoDB DEFAULT CHARSET=utf8mb4 ;

--
-- 转存表中的数据 `mall_chat_session`
--

INSERT INTO `mall_chat_session` (`id`, `type`, `user_id`, `session_id`, `client_id`, `create_time`) VALUES
(1, 0, 1, '8c4876019c19b1c2089c8a867acd01547b02cf98', '', 1624847435),
(2, 0, 1, 'fff13b041026f43bc18da514683d3765433dd831', '', 1625168441),
(3, 0, 2, '9d592b4360b42c9d3aac58c8746b73047776fc96', '', 1625170119);

-- --------------------------------------------------------

--
-- 表的结构 `mall_data`
--

CREATE TABLE `mall_data` (
  `id` int(11) NOT NULL,
  `pid` int(11) NOT NULL DEFAULT 0 ,
  `name` varchar(32) DEFAULT '' ,
  `sign` varchar(64) DEFAULT '' ,
  `description` text DEFAULT NULL ,
  `status` tinyint(1) NOT NULL DEFAULT 0 ,
  `create_time` int(10) NOT NULL DEFAULT 0 
) ENGINE=InnoDB DEFAULT CHARSET=utf8mb4;

--
-- 转存表中的数据 `mall_data`
--

INSERT INTO `mall_data` (`id`, `pid`, `name`, `sign`, `description`, `status`, `create_time`) VALUES
(5, 0, '首页广告-位置一', 'home_ad_one', NULL, 0, 1628736771),
(6, 0, '首页广告-位置二', 'home_ad_two', NULL, 0, 1628736874),
(7, 0, '首页分类', 'category', NULL, 0, 1628737866),
(8, 0, '首页轮播图', 'banner', NULL, 0, 1628737942);

-- --------------------------------------------------------

--
-- 表的结构 `mall_data_item`
--

CREATE TABLE `mall_data_item` (
  `id` int(11) NOT NULL,
  `pid` int(11) NOT NULL DEFAULT 0 ,
  `name` varchar(128) NOT NULL ,
  `url` varchar(255) NOT NULL DEFAULT '' ,
  `photo` varchar(255) NOT NULL DEFAULT '' ,
  `sort` smallint(6) NOT NULL DEFAULT 0 ,
  `target` tinyint(1) NOT NULL DEFAULT 1 ,
  `status` tinyint(1) NOT NULL DEFAULT 0 
) ENGINE=InnoDB DEFAULT CHARSET=utf8mb4;

--
-- 转存表中的数据 `mall_data_item`
--

INSERT INTO `mall_data_item` (`id`, `pid`, `name`, `url`, `photo`, `sort`, `target`, `status`) VALUES
(46, 5, '', '', '/uploads/images/20210812/5d216efb5c858ce5110ca5b48fa7ae68.jpg', 0, 0, 0),
(47, 6, '位置一', '', '/uploads/images/20210812/68599b86cf73f7cd53dca39e842b319f.jpg', 0, 0, 0),
(48, 6, '位置二', '', '/uploads/images/20210812/83d23b353027fd70fb8e14f397c221fa.jpg', 1, 0, 0),
(49, 6, '位置三', '', '/uploads/images/20210812/cefc2981c30021e89f5d4c965949e23d.jpg', 2, 0, 0),
(50, 6, '位置四', '', '/uploads/images/20210812/6cdcd8da3483ded7fa93acc3098dec22.jpg', 3, 0, 0),
(51, 7, '分类', 'category/index', '/uploads/images/20210812/4b1d7cace441425af5d67de195226938.png', 0, 0, 0),
(52, 7, '领劵', 'coupon/index', '/uploads/images/20210812/6e019c941e01b926d84d72aa604902b1.png', 1, 0, 0),
(53, 7, '水壶', 'goods/list?id=2', '/uploads/images/20210812/6346032366d9483e7f083e846145035e.png', 2, 0, 0),
(54, 7, '电饭煲', 'goods/list?id=3', '/uploads/images/20210812/45a28d88a31e2083c4f0ea27a3bcc3de.png', 3, 0, 0),
(55, 7, '净水器', 'goods/list?id=4', '/uploads/images/20210812/25d7c783b9c246939987f137970adf70.png', 4, 0, 0),
(56, 7, '料理机', 'goods/list?id=5', '/uploads/images/20210812/1b58846b860d3c4a5cc148f6cccf9a12.png', 5, 0, 0),
(57, 7, '我的收藏', 'ucenter/collect', '/uploads/images/20210812/d01e4c8b841be84801527e74db4cb3ff.png', 6, 0, 0),
(58, 7, '站点资讯', 'news/index', '/uploads/images/20210812/34deace49b5681d732c73c386916b8cf.png', 7, 0, 0),
(59, 8, '', '', '/uploads/images/20210812/3cf75199055e91006f08e5ff262e1e92.png', 0, 0, 0);

-- --------------------------------------------------------

--
-- 表的结构 `mall_data_type`
--

CREATE TABLE `mall_data_type` (
  `id` int(11) NOT NULL,
  `type` smallint(6) NOT NULL DEFAULT 0 ,
  `name` varchar(32) DEFAULT '' ,
  `sign` varchar(64) DEFAULT '' ,
  `description` text DEFAULT NULL ,
  `create_time` int(10) NOT NULL DEFAULT 0 
) ENGINE=InnoDB DEFAULT CHARSET=utf8mb4;

-- --------------------------------------------------------

--
-- 表的结构 `mall_deliver`
--

CREATE TABLE `mall_deliver` (
  `id` bigint(20) UNSIGNED NOT NULL,
  `title` varchar(255) NOT NULL ,
  `username` varchar(255) NOT NULL ,
  `company` varchar(255) NOT NULL DEFAULT '' ,
  `country` bigint(20) DEFAULT NULL ,
  `province` bigint(20) NOT NULL ,
  `city` bigint(20) NOT NULL ,
  `area` bigint(20) NOT NULL ,
  `zip` varchar(6) DEFAULT '' ,
  `address` varchar(255) NOT NULL ,
  `mobile` varchar(20) NOT NULL ,
  `phone` varchar(20) DEFAULT NULL ,
  `is_default` tinyint(1) NOT NULL DEFAULT 0 ,
  `note` text DEFAULT NULL 
) ENGINE=InnoDB DEFAULT CHARSET=utf8mb4 ;

--
-- 转存表中的数据 `mall_deliver`
--

INSERT INTO `mall_deliver` (`id`, `title`, `username`, `company`, `country`, `province`, `city`, `area`, `zip`, `address`, `mobile`, `phone`, `is_default`, `note`) VALUES
(1, '深圳发货点', '森森', 'A3Mall', NULL, 1964, 1988, 1989, '518000', '源城区6号', '18026740326', '', 1, NULL);

-- --------------------------------------------------------

--
-- 表的结构 `mall_distribution`
--

CREATE TABLE `mall_distribution` (
  `id` bigint(20) UNSIGNED NOT NULL,
  `type` tinyint(1) NOT NULL DEFAULT 0 ,
  `title` varchar(128) DEFAULT '' ,
  `area_group` text DEFAULT NULL ,
  `first_price_group` text DEFAULT NULL ,
  `second_price_group` text DEFAULT NULL ,
  `first_weight` bigint(20) UNSIGNED NOT NULL ,
  `second_weight` bigint(20) UNSIGNED NOT NULL ,
  `first_price` decimal(15,2) NOT NULL DEFAULT 0.00 ,
  `second_price` decimal(15,2) NOT NULL DEFAULT 0.00 ,
  `status` tinyint(1) NOT NULL DEFAULT 0 ,
  `is_lock` tinyint(1) NOT NULL DEFAULT 1 ,
  `sort` smallint(6) NOT NULL DEFAULT 99 
) ENGINE=InnoDB DEFAULT CHARSET=utf8mb4 ;

--
-- 转存表中的数据 `mall_distribution`
--

INSERT INTO `mall_distribution` (`id`, `type`, `title`, `area_group`, `first_price_group`, `second_price_group`, `first_weight`, `second_weight`, `first_price`, `second_price`, `status`, `is_lock`, `sort`) VALUES
(1, 1, '快递', '[\"1,2,19,20,3325,3326,3339,3378,3386,3416,3454,3458,3461,3491,3504,3518,3532,3551,3578,3592,3613,3632,3666,3683,3697,3704,3711,3716,3717,3722,3728,3738,3739,3745,3747\",\"220,221,232,244,250,264,271,278,290,304,319,337\"]', '[\"1\",\"3\"]', '[\"2\",\"4\"]', 1000, 500, '5.00', '6.00', 0, 1, 0),
(2, 0, '物流', '[\"\"]', '[\"\"]', '[\"\"]', 10000, 20000, '15.00', '30.00', 0, 1, 1),
(3, 0, '免运费', '[\"\"]', '[\"\"]', '[\"\"]', 500, 500, '0.00', '0.00', 0, 1, 99);

-- --------------------------------------------------------

--
-- 表的结构 `mall_freight`
--

CREATE TABLE `mall_freight` (
  `id` bigint(20) UNSIGNED NOT NULL,
  `type` varchar(255) NOT NULL ,
  `express_kdniao_no` varchar(128) NOT NULL DEFAULT '' ,
  `code` varchar(255) NOT NULL DEFAULT '' ,
  `title` varchar(255) NOT NULL ,
  `url` varchar(255) NOT NULL ,
  `sort` smallint(5) NOT NULL DEFAULT 99 ,
  `status` tinyint(1) NOT NULL DEFAULT 1 ,
  `create_time` int(10) NOT NULL DEFAULT 0
) ENGINE=InnoDB DEFAULT CHARSET=utf8mb4 ;

--
-- 转存表中的数据 `mall_freight`
--

INSERT INTO `mall_freight` (`id`, `type`, `express_kdniao_no`, `code`, `title`, `url`, `sort`, `status`, `create_time`) VALUES
(2, 'STO', '', 'shentong', '申通快递', 'http://www.sto.cn', 0, 0, 1485851695),
(3, 'TTKDEX', '', 'tiantian', '天天快递', 'http://www.ttkd.cn', 0, 0, 1485851695),
(4, 'YTO', '', 'yuantong', '圆通快递', 'http://www.yto.net.cn', 0, 0, 1485851695),
(5, 'SFEXPRESS', '', 'shunfeng', '顺丰速运', 'http://www.sf-express.com', 0, 0, 1485851695),
(6, 'YUNDA', '', 'yunda', '韵达快递', 'http://www.yundaex.com', 0, 0, 1485851695),
(7, 'ZTO', '', 'zhongtong', '中通快递', 'http://www.zto.cn', 0, 0, 1485851695),
(8, 'LBEX', '', 'longbanwuliu', '龙邦物流', 'http://www.lbex.com.cn', 0, 0, 1485851695),
(9, 'ZJS', '', 'zhaijisong', '宅急送', 'http://www.zjs.com.cn', 0, 0, 1485851695),
(11, 'HTKY', '', 'huitongkuaidi', '汇通快递', 'http://www.htky365.com', 0, 0, 1485851695),
(12, 'CAE', '', 'minghangkuaidi', '民航快递', 'http://www.cae.com.cn', 0, 0, 1485851695),
(13, 'CRE', '', 'zhongtiewuliu', '中铁快运', 'http://www.cre.cn', 0, 0, 1485851695),
(16, 'DEPPON', '', 'debangwuliu', '德邦物流', 'http://www.deppon.com', 0, 0, 1485851695);

-- --------------------------------------------------------

--
-- 表的结构 `mall_goods`
--

CREATE TABLE `mall_goods` (
  `id` bigint(20) UNSIGNED NOT NULL ,
  `cat_id` bigint(20) NOT NULL DEFAULT 0 ,
  `attr_id` int(11) NOT NULL DEFAULT 0 ,
  `brand_id` bigint(20) NOT NULL DEFAULT 0 ,
  `model_id` bigint(20) UNSIGNED NOT NULL ,
  `delivery_id` int(10) NOT NULL DEFAULT 0 ,
  `title` varchar(255) NOT NULL ,
  `goods_number` varchar(255) NOT NULL DEFAULT '' ,
  `goods_weight` decimal(15,2) NOT NULL DEFAULT 0.00 ,
  `sell_price` decimal(15,2) NOT NULL DEFAULT 0.00 ,
  `market_price` decimal(15,2) DEFAULT 0.00 ,
  `cost_price` decimal(15,2) DEFAULT 0.00 ,
  `store_nums` bigint(20) NOT NULL DEFAULT 0 ,
  `photo` varchar(255) DEFAULT '' ,
  `briefly` text DEFAULT NULL ,
  `content` longtext DEFAULT NULL ,
  `point` bigint(20) NOT NULL DEFAULT 0 ,
  `status` tinyint(1) NOT NULL DEFAULT 0 ,
  `visit` bigint(20) NOT NULL DEFAULT 0 ,
  `favorite` bigint(20) NOT NULL DEFAULT 0 ,
  `sort` smallint(5) NOT NULL DEFAULT 99 ,
  `exp` bigint(20) NOT NULL DEFAULT 0 ,
  `sale` bigint(20) NOT NULL DEFAULT 0 ,
  `grade` bigint(20) NOT NULL DEFAULT 0 ,
  `upper_time` int(10) DEFAULT 0 ,
  `down_time` int(10) DEFAULT 0 ,
  `create_time` int(10) NOT NULL DEFAULT 0 ,
  `update_time` int(10) NOT NULL DEFAULT 0 
) ENGINE=InnoDB DEFAULT CHARSET=utf8mb4 ;

--
-- 转存表中的数据 `mall_goods`
--

INSERT INTO `mall_goods` (`id`, `cat_id`, `attr_id`, `brand_id`, `model_id`, `delivery_id`, `title`, `goods_number`, `goods_weight`, `sell_price`, `market_price`, `cost_price`, `store_nums`, `photo`, `briefly`, `content`, `point`, `status`, `visit`, `favorite`, `sort`, `exp`, `sale`, `grade`, `upper_time`, `down_time`, `create_time`, `update_time`) VALUES
(1, 13, 0, 0, 0, 1, '小米有品负离子空气净化器家用除甲醛去二手烟味卧室内小型清新机', '202106201443246392', '3000.00', '515.00', '626.00', '128.00', 951, '/uploads/images/20210620/6a2792be8a7f66a88b515523e62fcd06.jpg', '', '<p><br/></p><p><img src=\"/uploads/images/20210620/6569318e3a45982e03be54f18fae5e2d.jpg\"/></p>', 0, 0, 0, 0, 0, 0, 0, 0, 0, 0, 1624171404, 1624171404),
(2, 1, 1, 1, 0, 1, '卓力电熨斗家用蒸汽手持小型挂烫机平挂烫衣服机熨烫机TS3000', 'dfa', '1500.00', '3299.00', '4999.00', '1900.00', 235, '/uploads/images/20210620/79ba441fa3d86860cb96e715e971f3bb.jpg', '精致熨烫 细致呵护面料', '<p><br/></p><p><img src=\"/uploads/images/20210620/b072ada5f82db058f393a2abdb804d98.jpg\"/></p>', 85, 0, 0, 0, 1, 50, 0, 0, 0, 0, 1624171556, 1624171556),
(3, 9, 0, 0, 0, 1, 'Hisense/海信 75E3F-PRO 75英寸4K智慧全面屏电视机智能网络高清', '202106201520250113', '5000.00', '6199.00', '6499.00', '2599.00', 128, '/uploads/images/20210620/d0e8d7628fb72b94022e1aad195ca6ec.jpg', 'AI声控 2+32GB MEMC运动补偿', '<p><br/></p><p><img src=\"/uploads/images/20210620/22c0bdbb97bbe113caec2d7c14fe4762.jpg\" alt=\"22c0bdbb97bbe113caec2d7c14fe4762.jpg\"/></p>', 0, 0, 0, 0, 0, 0, 0, 0, 0, 0, 1624173625, 1624173625),
(4, 15, 0, 0, 0, 1, '阿诗顿厨师机A6家用7升商用小型和面机静音自动多功能鲜奶揉面机', '202106201527535537', '6500.00', '3280.00', '3880.00', '1580.00', 297, '/uploads/images/20210620/dd98030081e82739063f4cf1d767ac5a.jpg', '直流静音马达，12分钟出膜，家商两用', '<p><br/></p><p><img src=\"/uploads/images/20210620/cbb143cd52d8a6aaee10a1fb643c5740.jpg\" alt=\"cbb143cd52d8a6aaee10a1fb643c5740.jpg\"/></p>', 0, 0, 0, 0, 0, 0, 0, 0, 0, 0, 1624174073, 1624174073),
(5, 10, 0, 0, 0, 1, '扬子烘干机干衣机家用小型圆形衣服衣物速干衣柜折叠烘衣风干机器', '202106201531313965', '1500.00', '179.00', '369.00', '150.00', 98, '/uploads/images/20210620/e4a00e263b4860a9d8a3d4847eba60f5.jpg', '高温杀菌，拆装简便', '<p><br/></p><p><img src=\"/uploads/images/20210620/e1bd7fb3825fda587732cd425acae49c.jpg\" alt=\"e1bd7fb3825fda587732cd425acae49c.jpg\"/></p>', 0, 0, 0, 0, 0, 0, 0, 0, 0, 0, 1624174291, 1624174291),
(6, 16, 0, 0, 0, 1, '鸟笼烤火炉桌下烤脚烤火器小太阳取暖器家用小型节能电暖器电烤炉', 'a30-1', '45000.00', '109.90', '109.90', '50.00', 954, '/uploads/images/20210620/62c22c9b45ee3fcc84b1b7dcda490b17.jpg', '360度防倾倒，安全防漏电速热', '<p><br/></p><p><img src=\"/uploads/images/20210620/f89a94acad037bc2c08143f897a8bae6.jpg\" alt=\"f89a94acad037bc2c08143f897a8bae6.jpg\"/></p>', 50, 0, 0, 0, 0, 110, 0, 0, 0, 0, 1624174614, 1624174614),
(7, 2, 0, 0, 0, 1, '浅杉绿电水壶304不锈钢自动断电电热水壶', '202106201557259595', '1900.00', '798.00', '798.00', '420.00', 523, '/uploads/images/20210620/5a9f561d486000295bbd4a2c7d05aa66.png', '', '<p><br/></p><p><img src=\"/uploads/images/20210620/93a52ddbac7966bf440062082651b1e6.jpg\" alt=\"93a52ddbac7966bf440062082651b1e6.jpg\"/></p>', 42, 0, 0, 0, 0, 78, 0, 0, 0, 0, 1624175846, 1624175846),
(8, 5, 0, 0, 0, 1, '可加热榨汁机小型便携式豆浆机破壁机多功能家用料理电动炸果汁杯', '202106201604013717', '1000.00', '149.00', '499.00', '120.00', 932, '/uploads/images/20210620/5e54988c5ecd9b0633f6582ccc6c7ca1.jpg', '可加热榨汁机豆浆机破壁机便携式多功能小型', '<p><br/></p><p><img src=\"/uploads/images/20210620/9b8940e8e44172a5a3f09ce61b33d2d6.jpg\" alt=\"9b8940e8e44172a5a3f09ce61b33d2d6.jpg\"/></p>', 0, 0, 0, 0, 0, 0, 0, 0, 0, 0, 1624176241, 1624176241),
(9, 4, 0, 0, 0, 1, '小米净水器厨下式600G家用自来水RO反渗透直饮纯水机1年滤芯套装', '202106201605475810', '600.00', '1799.00', '3299.00', '550.00', 426, '/uploads/images/20210620/aa2a37d5dc927634a9fe4f06465e91fe.jpg', '600G净水器+PP棉2只+前置炭1只+后置炭1只', '<p><br/></p><p><img src=\"/uploads/images/20210620/40ae56ce482921d2d6e9ebafd63b830e.jpg\"/></p>', 0, 0, 0, 0, 0, 0, 0, 0, 0, 0, 1624176347, 1624176347),
(10, 10, 0, 0, 0, 1, '格力烘干机家用干衣机省电杀菌速干衣小型烤衣服烘被烘干器烘衣机', '202106201609089312', '2500.00', '288.00', '799.00', '59.00', 9631, '/uploads/images/20210620/87499eb9cbea7b846f09dbd5a05fe88e.jpg', '格力干衣机 速干衣 一机多用', '<p><br/></p><p><img src=\"/uploads/images/20210620/e0ec5133a34d429eb6c23cd853875ed0.jpg\" alt=\"e0ec5133a34d429eb6c23cd853875ed0.jpg\"/></p>', 0, 0, 0, 0, 0, 0, 0, 0, 0, 0, 1624176548, 1624176548),
(11, 10, 0, 0, 0, 1, 'CTT烘干机家用速干衣全自动烘衣机小型烘干器6kg滚筒式衣服干衣机', '202106201614339811', '2600.00', '1999.00', '3782.00', '999.00', 851, '/uploads/images/20210620/6fa4b7f9bc3c496e92739163c488e8a6.jpg', '双向翻转 全自动干衣 插电即用', '<p><br /></p><p><img src=\"/uploads/images/20210620/f3177bbbe19cc75280f0e02e4d8ca7e3.jpg\" alt=\"f3177bbbe19cc75280f0e02e4d8ca7e3.jpg\" /></p>', 100, 0, 0, 0, 0, 78, 0, 0, 0, 0, 1624176874, 1624176874),
(12, 10, 0, 0, 0, 1, '小型家用速干迷你干衣机烘干机滚筒', '202106201616245288', '4700.00', '1358.00', '1598.00', '410.00', 563, '/uploads/images/20210620/845ca8585e859ce67acd00fc0069dbb6.png', '限时下单满减160元', '<p><br/></p><p><img src=\"/uploads/images/20210620/42996edc9b1a9753c70d65dedb0ce37e.jpg\" alt=\"42996edc9b1a9753c70d65dedb0ce37e.jpg\"/></p>', 500, 0, 0, 0, 0, 230, 0, 0, 0, 0, 1624176984, 1624176984),
(13, 12, 0, 0, 0, 1, '三叶落地扇家用台式立式摇头学生宿舍电扇轻便音轻节能', '202106201618313277', '1750.00', '169.00', '169.00', '45.00', 781, '/uploads/images/20210620/29aeed5db3e4dd320f18bc4116c25943.jpg', '台式立式两用 3档风量 85度广角送风', '<p><br/></p><p><img src=\"/uploads/images/20210620/84589e6c22c3d272300094a43c58c1c4.jpg\" alt=\"84589e6c22c3d272300094a43c58c1c4.jpg\"/></p>', 85, 0, 0, 0, 0, 65, 0, 0, 0, 0, 1624177111, 1624177111),
(14, 12, 0, 0, 0, 1, '壁扇壁挂空气循环扇家用静音厨房免打孔电风扇挂壁式摇头电扇', '202106201620122748', '2000.00', '299.00', '699.00', '89.00', 32, '/uploads/images/20210620/e8a752868d9ba48b01614bc35036e6a0.jpg', '免打孔 轻音空气循环 摇头 定时', '<p><br/></p><p><img src=\"/uploads/images/20210620/273de724a6ed5c113159497c4efbcead.jpg\" alt=\"273de724a6ed5c113159497c4efbcead.jpg\"/></p>', 0, 0, 0, 0, 0, 0, 0, 0, 0, 0, 1624177212, 1624177212),
(15, 7, 0, 0, 0, 1, '志高可移动空调2匹单冷立式1.5p冷暖免安装便携式 家用办公一体机', '202106201623222657', '1700.00', '1279.00', '1599.00', '610.00', 851, '/uploads/images/20210620/7ad3ec9371ee7c55d7f17638541a4d49.jpg', '免专用安装 免排水', '<p><br/></p><p><img src=\"/uploads/images/20210620/d1f49d7b78eab7f34f0fc4ce5f6ee7ad.jpg\" alt=\"d1f49d7b78eab7f34f0fc4ce5f6ee7ad.jpg\"/></p>', 0, 0, 0, 0, 0, 0, 0, 0, 0, 0, 1624177402, 1624177402),
(16, 39, 0, 0, 0, 1, '隔水炖锅迷你宝宝煲粥煮粥神器2人3家用煲汤电炖盅bb煲专用', '202106291014335482', '250.00', '109.90', '199.00', '50.00', 611, '/uploads/images/20210629/bd98e35dc761aaf9093cf1acee93db6a.jpg', '①1.5升容量 ②1-3人使用 ③24小时预约', '<p><br /></p><p><img src=\"/uploads/images/20210629/12f3f93b0bc82d24d60e638c7170d237.jpg\" alt=\"12f3f93b0bc82d24d60e638c7170d237.jpg\" /></p>', 0, 0, 0, 0, 0, 0, 0, 0, 0, 0, 1624932873, 1624932873),
(17, 5, 0, 0, 0, 1, '榨汁机榨汁杯果汁杯多功能家用无线迷你料理机', '202106291018094120', '125.00', '49.90', '99.00', '24.00', 931, '/uploads/images/20210629/2c0a5eea458466c8ecdf254d08f79d7c.jpg', '无线｜便携｜健康材质', '<p><br /></p><p><img src=\"/uploads/images/20210629/497701b19a6625fb62994757b9d85689.png\" alt=\"497701b19a6625fb62994757b9d85689.png\" /></p>', 0, 0, 0, 0, 0, 0, 0, 0, 0, 0, 1624933089, 1624933089),
(18, 3, 0, 0, 0, 1, '智能定时预约 3L 4L大容量饭煲', '202106291020310277', '235.00', '238.00', '279.00', '100.00', 1236, '/uploads/images/20210629/fff8007f3ed4d9d356c2e4bc2eddb949.jpg', '', '<p><br /></p><p><img src=\"/uploads/images/20210629/90cb1827b1c9d563f894a3ad84bde1b0.jpg\" alt=\"90cb1827b1c9d563f894a3ad84bde1b0.jpg\" /></p>', 0, 0, 0, 0, 0, 0, 0, 0, 0, 0, 1624933231, 1624933231),
(19, 3, 0, 0, 0, 1, '电饭煲家用智能定时预约新款多功能蒸饭蛋糕锅2-3-4-5升6人', '202106291022513360', '190.00', '99.00', '99.00', '35.00', 54, '/uploads/images/20210629/da986e0513db8d7c38daf94cd76db3b7.jpg', '', '<p><br /></p><p><img src=\"/uploads/images/20210629/8dba3bacf1bce921181dba8250edfe93.jpg\" alt=\"8dba3bacf1bce921181dba8250edfe93.jpg\" /></p>', 0, 0, 0, 0, 0, 0, 0, 0, 0, 0, 1624933371, 1624933371),
(20, 15, 0, 0, 0, 1, '凯膳怡家用厨师机和面机全自动进口ka搅拌揉面机4.8L', '202106291027125543', '2965.00', '4598.00', '4599.00', '2300.00', 5621, '/uploads/images/20210629/6a5d41a2e66555f020dd08618242242e.jpg', '', '<p><br /></p><p><img src=\"/uploads/images/20210629/903f091ec1ead74232851d8169a20b62.jpg\" alt=\"903f091ec1ead74232851d8169a20b62.jpg\" /></p>', 0, 0, 0, 0, 0, 0, 0, 0, 0, 0, 1624933632, 1624933632),
(21, 7, 0, 0, 0, 1, '客厅圆柱空调立式柜机', '202106291031233239', '2691.00', '8599.00', '8599.00', '4100.00', 120, '/uploads/images/20210629/b6b30888e0bf75f95ed825abc2b382a2.jpg', '', '<p><br /></p><p><img src=\"/uploads/images/20210629/715b212cb9ef014f75bb3a5727be9222.jpg\" alt=\"715b212cb9ef014f75bb3a5727be9222.jpg\" /></p>', 0, 0, 0, 0, 0, 0, 0, 0, 0, 0, 1624933883, 1624933883),
(22, 8, 0, 0, 0, 1, '小型婴儿迷你洗衣机6T 全自动滚筒家用杀菌宝宝儿童内衣专用', '202106291040090585', '2150.00', '2399.00', '3299.00', '1400.00', 951, '/uploads/images/20210629/f4a10dfe755dddb7c9049c4fe296b105.jpg', '11种智能程序 99.99%杀菌', '<p><br/></p><p><img src=\"/uploads/images/20210629/92826c6438d685527da6853754a14343.jpg\" alt=\"92826c6438d685527da6853754a14343.jpg\"/></p>', 0, 0, 0, 0, 0, 0, 0, 0, 0, 0, 1624934409, 1624934409),
(23, 8, 0, 0, 0, 1, '内衣裤洗衣机高温煮洗袜子小型迷你清洗内裤机全自动杀菌家用', '202106291043541421', '1250.00', '1699.00', '2299.00', '899.00', 563, '/uploads/images/20210629/6c5a2c54169f6623d6f15937f506d7fc.jpg', '自动杀菌家用', '<p><br /></p><p><img src=\"/uploads/images/20210629/207640cacadcc8789d2d4a66ccf54f2d.jpg\" alt=\"207640cacadcc8789d2d4a66ccf54f2d.jpg\" /></p>', 0, 0, 0, 0, 0, 0, 0, 0, 0, 0, 1624934634, 1624934634),
(24, 9, 0, 0, 0, 1, '43英寸高清智能网络WIFI家用液晶电视机40 42', '202106291053392022', '1590.00', '1899.00', '2399.00', '899.00', 569, '/uploads/images/20210629/8f2f8f19cb29693bc6187a24df7a3fb2.jpg', '1+16GB大存储 智能语音全面屏', '<p><br /></p><p><img src=\"/uploads/images/20210629/82119ed84676ecd0d191beac877d3af9.jpg\" alt=\"82119ed84676ecd0d191beac877d3af9.jpg\" /></p>', 0, 0, 0, 0, 0, 0, 0, 0, 0, 0, 1624935219, 1624935219),
(25, 9, 0, 0, 0, 1, '43英寸4K超高清QLED电视机Serif画境', '202106291056040790', '1290.00', '6999.00', '7999.00', '4500.00', 563, '/uploads/images/20210629/c4351e4d8d0ee22c6297f6bb69a022a7.jpg', '新品上市 The Serif画境融入屏', '<p><br/></p><p><img src=\"/uploads/images/20210629/46acb89040bbd6a9b5cf2856effea612.jpg\" alt=\"46acb89040bbd6a9b5cf2856effea612.jpg\"/></p>', 0, 0, 0, 0, 0, 0, 0, 0, 0, 0, 1624935364, 1624935364),
(26, 13, 0, 0, 0, 1, '小米有品负离子空气净化器家用除甲醛房间卧室内去烟味小型清新机', '202106291103151848', '200.00', '469.00', '569.00', '200.00', 5632, '/uploads/images/20210629/fa5999001af8114d7103752e3256743f.jpg', '', '<p><br /></p><p><img src=\"/uploads/images/20210629/2b8d3df354f77cc3c556a29661864f8f.jpg\" alt=\"2b8d3df354f77cc3c556a29661864f8f.jpg\" /></p>', 0, 0, 0, 0, 0, 0, 0, 0, 0, 0, 1624935795, 1624935795),
(27, 13, 0, 0, 0, 1, '空气净化器滤网除甲醛雾霾PM2.5办公室氧吧', '202106291105199793', '2500.00', '6399.00', '12798.00', '2590.00', 63, '/uploads/images/20210629/8282e88b1a1636783180391fcd5aa80b.jpg', '', '<p><br /></p><p><img src=\"/uploads/images/20210629/1fd2ae927c19bb8ee656d4364eab5537.jpg\" alt=\"1fd2ae927c19bb8ee656d4364eab5537.jpg\" /></p>', 0, 0, 0, 0, 0, 0, 0, 0, 0, 0, 1624935920, 1624935920),
(28, 16, 0, 0, 0, 1, '扬子暖风机取暖器家用速热静音卧室小型浴室电暖气器小太阳办公室', '202106291108166349', '250.00', '78.00', '198.00', '42.00', 632, '/uploads/images/20210629/c358df55c899b282423216bc4d573766.jpg', '', '<p><br/></p><p><img src=\"/uploads/images/20210629/76a9b769c241a4f4c0457b969d22d4bc.jpg\" width=\"695\" height=\"898\" alt=\"76a9b769c241a4f4c0457b969d22d4bc.jpg\"/></p>', 0, 0, 0, 0, 0, 0, 0, 0, 0, 0, 1624936096, 1624936096),
(29, 16, 0, 0, 0, 1, '户外电暖器 户外取暖器 商用电暖器 商用取暖器', '202106291110101932', '200.00', '3199.00', '3899.00', '1500.00', 541, '/uploads/images/20210629/ecb81e80c456f0fbdbbf66eb16f5356c.jpg', '', '<p><br /></p><p><img src=\"/uploads/images/20210629/3f73732f5486794add6f94fc170fc0fd.jpg\" alt=\"3f73732f5486794add6f94fc170fc0fd.jpg\" /></p>', 0, 0, 0, 0, 0, 0, 0, 0, 0, 0, 1624936210, 1624936210),
(30, 16, 0, 0, 0, 1, '日本丰臣(TOYOTOMI)取暖器灯芯炉RL-F2500(H）室内户外取暖器', '202106291112060840', '290.00', '6288.00', '6288.00', '2500.00', 563, '/uploads/images/20210725/824d423420ec2da587b9eb2a086bb89c.jpg', '', '<p><br/></p><p><img src=\"/uploads/images/20210725/d76f767736d756cd2997d809e510fe00.jpg\"/></p>', 0, 0, 0, 0, 0, 0, 0, 0, 0, 0, 1624936326, 1624936326),
(31, 16, 0, 0, 0, 1, '桌面取暖器暖风机迷你小型取暖器家用风扇电暖气节能', '202106291113391136', '190.00', '399.00', '1299.00', '125.00', 562, '/uploads/images/20210629/455e551e15c75f6ff5cdd9278c6e2ab3.jpg', '', '<p><br/></p><p><img src=\"/uploads/images/20210629/2951ace17e97f3e36829030b4907c7fa.jpg\" alt=\"2951ace17e97f3e36829030b4907c7fa.jpg\"/></p>', 0, 0, 0, 0, 0, 0, 1, 0, 0, 0, 1624936419, 1624936419);

-- --------------------------------------------------------

--
-- 表的结构 `mall_goods_attribute`
--

CREATE TABLE `mall_goods_attribute` (
  `id` bigint(20) NOT NULL,
  `goods_id` bigint(20) NOT NULL DEFAULT 0 ,
  `attr_id` bigint(20) NOT NULL DEFAULT 0 ,
  `attr_data_id` bigint(20) NOT NULL DEFAULT 0 ,
  `name` varchar(64) NOT NULL ,
  `value` varchar(64) NOT NULL ,
  `thumb_image` varchar(128) NOT NULL DEFAULT '' 
) ENGINE=InnoDB DEFAULT CHARSET=utf8mb4;

--
-- 转存表中的数据 `mall_goods_attribute`
--

INSERT INTO `mall_goods_attribute` (`id`, `goods_id`, `attr_id`, `attr_data_id`, `name`, `value`, `thumb_image`) VALUES
(5, 2, 2, 1, '颜色分类', '香槟色', ''),
(6, 2, 2, 2, '颜色分类', '经典蓝', '');

-- --------------------------------------------------------

--
-- 表的结构 `mall_goods_extends`
--

CREATE TABLE `mall_goods_extends` (
  `id` bigint(20) NOT NULL,
  `goods_id` bigint(20) NOT NULL DEFAULT 0 ,
  `attribute` varchar(32) NOT NULL DEFAULT '' 
) ENGINE=InnoDB DEFAULT CHARSET=utf8mb4;

--
-- 转存表中的数据 `mall_goods_extends`
--

INSERT INTO `mall_goods_extends` (`id`, `goods_id`, `attribute`) VALUES
(3, 15, 'news'),
(4, 14, 'news'),
(5, 13, 'news'),
(6, 12, 'news'),
(7, 10, 'news'),
(8, 9, 'news'),
(9, 8, 'news'),
(10, 7, 'news'),
(11, 6, 'news'),
(12, 5, 'news'),
(13, 4, 'news'),
(14, 4, 'recommend'),
(15, 3, 'news'),
(16, 2, 'news'),
(17, 1, 'news'),
(18, 16, 'news'),
(19, 17, 'news'),
(20, 18, 'news'),
(21, 19, 'news'),
(22, 20, 'news'),
(23, 21, 'news'),
(25, 23, 'news'),
(26, 24, 'news'),
(28, 26, 'news'),
(29, 27, 'news'),
(31, 29, 'news'),
(37, 30, 'news'),
(38, 30, 'hot'),
(39, 28, 'news'),
(40, 28, 'hot'),
(41, 25, 'news'),
(42, 25, 'recommend'),
(43, 22, 'news'),
(44, 22, 'recommend'),
(45, 31, 'news'),
(46, 31, 'hot');

-- --------------------------------------------------------

--
-- 表的结构 `mall_goods_item`
--

CREATE TABLE `mall_goods_item` (
  `id` bigint(20) UNSIGNED NOT NULL,
  `goods_id` bigint(20) UNSIGNED NOT NULL ,
  `goods_number` varchar(255) NOT NULL DEFAULT '' ,
  `spec_key` text NOT NULL,
  `store_nums` bigint(20) NOT NULL DEFAULT 0 ,
  `market_price` decimal(15,2) NOT NULL DEFAULT 0.00 ,
  `sell_price` decimal(15,2) NOT NULL DEFAULT 0.00 ,
  `cost_price` decimal(15,2) NOT NULL DEFAULT 0.00 ,
  `goods_weight` decimal(15,2) NOT NULL DEFAULT 0.00 
) ENGINE=InnoDB DEFAULT CHARSET=utf8mb4 ;

--
-- 转存表中的数据 `mall_goods_item`
--

INSERT INTO `mall_goods_item` (`id`, `goods_id`, `goods_number`, `spec_key`, `store_nums`, `market_price`, `sell_price`, `cost_price`, `goods_weight`) VALUES
(5, 2, 'dfa-1', '2:1', 521, '4999.00', '3299.00', '1500.00', '1500.00'),
(6, 2, 'dfa-2', '2:2', 456, '4999.00', '3299.00', '1500.00', '1500.00');

-- --------------------------------------------------------

--
-- 表的结构 `mall_goods_model`
--

CREATE TABLE `mall_goods_model` (
  `id` bigint(20) UNSIGNED NOT NULL,
  `goods_id` bigint(20) UNSIGNED NOT NULL ,
  `attribute_id` bigint(20) UNSIGNED DEFAULT NULL ,
  `attribute_value` varchar(255) DEFAULT NULL ,
  `model_id` bigint(20) UNSIGNED DEFAULT NULL ,
  `sort` smallint(8) NOT NULL DEFAULT 99 
) ENGINE=InnoDB DEFAULT CHARSET=utf8mb4 ;

-- --------------------------------------------------------

--
-- 表的结构 `mall_luckdraw`
--

CREATE TABLE `mall_luckdraw` (
  `id` bigint(20) NOT NULL,
  `attachment_id` int(11) NOT NULL DEFAULT 0,
  `name` varchar(255) NOT NULL DEFAULT '' ,
  `type` tinyint(1) NOT NULL DEFAULT 0 ,
  `value` int(10) NOT NULL DEFAULT 0 ,
  `store_nums` int(10) NOT NULL DEFAULT 0 ,
  `chance` int(10) NOT NULL DEFAULT 0 ,
  `photo` varchar(255) NOT NULL DEFAULT '' 
) ENGINE=InnoDB DEFAULT CHARSET=utf8mb4 ;

--
-- 转存表中的数据 `mall_luckdraw`
--

INSERT INTO `mall_luckdraw` (`id`, `attachment_id`, `name`, `type`, `value`, `store_nums`, `chance`, `photo`) VALUES
(61, 185, '5积分', 1, 5, 997, 50, '/uploads/images/20210705/3fa4015765248e68101f90a6e80c94e6.png'),
(62, 193, '谢谢参与', 0, 0, 1000, 50, '/uploads/images/20210705/458fab1af868de74fe6d9a1b69b8957d.png'),
(63, 187, '10积分', 1, 10, 999, 50, '/uploads/images/20210705/c08c04e0b912d6d35fbdedb172f30b71.png'),
(64, 194, '谢谢参与', 0, 0, 1000, 50, '/uploads/images/20210705/c36c6a55d48b2b1cfa3a527d4c47bba4.png'),
(65, 189, '15积分', 1, 15, 1000, 5, '/uploads/images/20210705/fbe14f1dfb5bfd0b4ca8e7c8fa150f18.png'),
(66, 195, '谢谢参与', 0, 0, 1000, 1, '/uploads/images/20210705/bba4fc120a2f4613df7b82e5e7e10111.png'),
(67, 191, '20积分', 1, 20, 999, 50, '/uploads/images/20210705/ee9c1f7bb55f7cf6dcdf3bcded43c774.png'),
(68, 196, '谢谢参与', 0, 20, 1000, 35, '/uploads/images/20210705/6e0e6e0325ebeef5f1c0dbd75417e9f4.png');

-- --------------------------------------------------------

--
-- 表的结构 `mall_navigation`
--

CREATE TABLE `mall_navigation` (
  `id` int(11) NOT NULL,
  `pid` int(11) NOT NULL DEFAULT 0 ,
  `name` varchar(128) NOT NULL DEFAULT '' ,
  `url` varchar(255) NOT NULL DEFAULT '' ,
  `sort` smallint(6) NOT NULL DEFAULT 0 ,
  `target` tinyint(1) NOT NULL DEFAULT 1 ,
  `status` tinyint(1) NOT NULL DEFAULT 0 
) ENGINE=InnoDB DEFAULT CHARSET=utf8mb4;

--
-- 转存表中的数据 `mall_navigation`
--

INSERT INTO `mall_navigation` (`id`, `pid`, `name`, `url`, `sort`, `target`, `status`) VALUES
(11, 0, '团购', 'regiment/index.html', 3, 0, 0),
(12, 0, '秒杀', 'seckill/index.html', 2, 0, 0),
(13, 0, '积分商城', 'point/index.html', 4, 0, 0),
(14, 0, '拼团', 'group/index.html', 1, 0, 0),
(15, 0, '电器', 'category/index.html?id=1', 0, 0, 0);

-- --------------------------------------------------------

--
-- 表的结构 `mall_oauth`
--

CREATE TABLE `mall_oauth` (
  `id` int(11) NOT NULL,
  `code` varchar(32) NOT NULL DEFAULT '' ,
  `icon` varchar(128) DEFAULT '' ,
  `name` varchar(32) NOT NULL DEFAULT '' ,
  `status` tinyint(1) NOT NULL DEFAULT 0 ,
  `type` varchar(128) NOT NULL DEFAULT '0' ,
  `config` longtext DEFAULT NULL 
) ENGINE=InnoDB DEFAULT CHARSET=utf8mb4;

--
-- 转存表中的数据 `mall_oauth`
--

INSERT INTO `mall_oauth` (`id`, `code`, `icon`, `name`, `status`, `type`, `config`) VALUES
(1, 'wechat', 'fa fa-weixin', '微信登录', 0, '0', '{\"appid\":\"123566324\",\"secret\":\"dfafaqweDFDFRETEW12312\"}'),
(2, 'qq', '', 'QQ', 0, '0', '{\"appid\":\"16039009\",\"appkey\":\"saqwrqr124earqwr\"}');

-- --------------------------------------------------------

--
-- 表的结构 `mall_order`
--

CREATE TABLE `mall_order` (
  `id` bigint(20) UNSIGNED NOT NULL,
  `activity_id` bigint(20) NOT NULL DEFAULT 0 ,
  `shipping_type` tinyint(1) NOT NULL DEFAULT 1 ,
  `store_id` int(11) NOT NULL DEFAULT 0 ,
  `user_id` bigint(20) UNSIGNED NOT NULL DEFAULT 0 ,
  `type` tinyint(1) UNSIGNED NOT NULL DEFAULT 0 ,
  `order_no` varchar(255) NOT NULL DEFAULT '' ,
  `pay_type` bigint(20) NOT NULL DEFAULT 0 ,
  `distribution_id` bigint(20) DEFAULT 0 ,
  `status` tinyint(1) DEFAULT 1 ,
  `pay_status` tinyint(1) DEFAULT 0 ,
  `distribution_status` tinyint(1) DEFAULT 0 ,
  `delivery_status` tinyint(1) NOT NULL DEFAULT 0 ,
  `evaluate_status` tinyint(1) NOT NULL DEFAULT 0 ,
  `accept_name` varchar(32) NOT NULL DEFAULT '' ,
  `zip` varchar(6) DEFAULT '' ,
  `mobile` varchar(20) DEFAULT '' ,
  `phone` varchar(20) DEFAULT '' ,
  `country` varchar(32) DEFAULT '' ,
  `province` varchar(32) DEFAULT '' ,
  `city` varchar(32) DEFAULT '' ,
  `area` varchar(32) DEFAULT '' ,
  `address` varchar(255) DEFAULT '' ,
  `message` varchar(255) DEFAULT '' ,
  `note` text DEFAULT NULL ,
  `remarks` text DEFAULT NULL ,
  `is_delete` tinyint(1) DEFAULT 0 ,
  `insured` decimal(15,2) NOT NULL DEFAULT 0.00 ,
  `pay_fee` decimal(15,2) NOT NULL DEFAULT 0.00 ,
  `taxes` decimal(15,2) NOT NULL DEFAULT 0.00 ,
  `promotions` decimal(15,2) NOT NULL DEFAULT 0.00 ,
  `discount` decimal(15,2) NOT NULL DEFAULT 0.00 ,
  `increase_amount` decimal(15,2) NOT NULL DEFAULT 0.00 ,
  `reduce_amount` decimal(15,2) NOT NULL DEFAULT 0.00 ,
  `real_freight` decimal(15,2) NOT NULL DEFAULT 0.00 ,
  `payable_freight` decimal(15,2) NOT NULL DEFAULT 0.00 ,
  `real_point` bigint(20) NOT NULL DEFAULT 0 ,
  `real_amount` decimal(15,2) NOT NULL DEFAULT 0.00 ,
  `payable_amount` decimal(15,2) DEFAULT 0.00 ,
  `order_amount` decimal(15,2) NOT NULL DEFAULT 0.00 ,
  `shipping_code` varchar(255) DEFAULT '' ,
  `exp` int(10) UNSIGNED NOT NULL DEFAULT 0 ,
  `point` int(10) UNSIGNED NOT NULL DEFAULT 0 ,
  `trade_no` varchar(255) DEFAULT NULL ,
  `source` int(11) NOT NULL DEFAULT 0 ,
  `admin_id` int(10) NOT NULL DEFAULT 0 ,
  `send_time` int(10) DEFAULT 0 ,
  `accept_time` int(10) DEFAULT 0 ,
  `evaluate_time` int(10) NOT NULL DEFAULT 0 ,
  `pay_time` int(10) DEFAULT 0 ,
  `create_time` int(10) DEFAULT 0 ,
  `completion_time` int(10) DEFAULT 0 
) ENGINE=InnoDB DEFAULT CHARSET=utf8mb4 ;

--
-- 转存表中的数据 `mall_order`
--

INSERT INTO `mall_order` (`id`, `activity_id`, `shipping_type`, `store_id`, `user_id`, `type`, `order_no`, `pay_type`, `distribution_id`, `status`, `pay_status`, `distribution_status`, `delivery_status`, `evaluate_status`, `accept_name`, `zip`, `mobile`, `phone`, `country`, `province`, `city`, `area`, `address`, `message`, `note`, `remarks`, `is_delete`, `insured`, `pay_fee`, `taxes`, `promotions`, `discount`, `increase_amount`, `reduce_amount`, `real_freight`, `payable_freight`, `real_point`, `real_amount`, `payable_amount`, `order_amount`, `shipping_code`, `exp`, `point`, `trade_no`, `source`, `admin_id`, `send_time`, `accept_time`, `evaluate_time`, `pay_time`, `create_time`, `completion_time`) VALUES
(1, 1, 1, 0, 1, 3, '2021070315322170704', 9, 0, 1, 0, 0, 0, 0, '余越', '', '18963214578', '', '', '1', '2', '3', '东栋大楼', '', NULL, NULL, 0, '0.00', '0.00', '0.00', '0.00', '0.00', '0.00', '0.00', '23.00', '23.00', 0, '3280.00', '3303.00', '3303.00', '', 0, 0, NULL, 4, 0, 0, 0, 0, 0, 1625297541, 0),
(2, 0, 1, 0, 1, 0, '2021072610530525141', 10, 0, 1, 0, 0, 0, 0, '余越', '', '18963214578', '', '', '1', '2', '3', '东栋大楼', '', NULL, NULL, 0, '0.00', '0.00', '0.00', '0.00', '0.00', '0.00', '0.00', '1.00', '1.00', 0, '399.00', '400.00', '400.00', '', 0, 0, NULL, 4, 0, 0, 0, 0, 0, 1627267985, 0),
(3, 0, 1, 0, 1, 0, '2021072610534140210', 10, 0, 1, 0, 0, 0, 0, '余越', '', '18963214578', '', '', '1', '2', '3', '东栋大楼', '', NULL, NULL, 0, '0.00', '0.00', '0.00', '0.00', '0.00', '0.00', '0.00', '1.00', '1.00', 0, '399.00', '400.00', '400.00', '', 0, 0, NULL, 4, 0, 0, 0, 0, 0, 1627268021, 0),
(4, 0, 1, 0, 1, 0, '2021072610535856684', 10, 0, 1, 0, 0, 0, 0, '余越', '', '18963214578', '', '', '1', '2', '3', '东栋大楼', '', NULL, NULL, 0, '0.00', '0.00', '0.00', '0.00', '0.00', '0.00', '0.00', '1.00', '1.00', 0, '399.00', '400.00', '400.00', '', 0, 0, NULL, 4, 0, 0, 0, 0, 0, 1627268038, 0),
(5, 0, 1, 0, 1, 0, '2021072611094537489', 14, 0, 1, 0, 0, 0, 0, '余越', '', '18963214578', '', '', '1', '2', '3', '东栋大楼', '', NULL, NULL, 0, '0.00', '0.00', '0.00', '0.00', '0.00', '0.00', '0.00', '1.00', '1.00', 0, '399.00', '400.00', '400.00', '', 0, 0, NULL, 1, 0, 0, 0, 0, 0, 1627268985, 0),
(6, 0, 1, 0, 1, 0, '2021072616065366362', 8, 0, 1, 0, 0, 0, 0, '余越', '', '18963214578', '', '', '1', '2', '3', '东栋大楼', '', NULL, NULL, 0, '0.00', '0.00', '0.00', '0.00', '0.00', '0.00', '0.00', '1.00', '1.00', 0, '399.00', '400.00', '400.00', '', 0, 0, NULL, 1, 0, 0, 0, 0, 0, 1627286813, 0),
(7, 0, 1, 0, 1, 0, '2021072616085073826', 8, 0, 3, 0, 0, 0, 0, '余越', '', '18963214578', '', '', '1', '2', '3', '东栋大楼', '', NULL, NULL, 0, '0.00', '0.00', '0.00', '0.00', '0.00', '0.00', '0.00', '1.00', '1.00', 0, '399.00', '400.00', '400.00', '', 0, 0, NULL, 1, 0, 0, 0, 0, 0, 1627286930, 0),
(8, 0, 1, 0, 1, 0, '2021081220375106827', 1, 0, 2, 1, 0, 0, 0, '余越', '', '18963214578', '', '', '1', '2', '3', '东栋大楼', '', '', NULL, 0, '0.00', '0.00', '0.00', '0.00', '0.00', '0.00', '0.00', '1.00', '1.00', 0, '399.00', '400.00', '400.00', '', 0, 0, '', 1, 0, 0, 0, 0, 1628771871, 1628771871, 0);

-- --------------------------------------------------------

--
-- 表的结构 `mall_order_collection`
--

CREATE TABLE `mall_order_collection` (
  `id` bigint(20) NOT NULL,
  `order_id` bigint(20) NOT NULL DEFAULT 0 ,
  `user_id` bigint(20) NOT NULL DEFAULT 0 ,
  `amount` decimal(15,2) NOT NULL DEFAULT 0.00 ,
  `payment_id` int(11) NOT NULL DEFAULT 0 ,
  `admin_id` int(11) NOT NULL DEFAULT 0 ,
  `pay_status` tinyint(1) NOT NULL DEFAULT 0 ,
  `note` text DEFAULT NULL ,
  `is_delete` tinyint(1) NOT NULL DEFAULT 0 ,
  `create_time` int(10) NOT NULL DEFAULT 0 
) ENGINE=InnoDB DEFAULT CHARSET=utf8mb4 ;

--
-- 转存表中的数据 `mall_order_collection`
--

INSERT INTO `mall_order_collection` (`id`, `order_id`, `user_id`, `amount`, `payment_id`, `admin_id`, `pay_status`, `note`, `is_delete`, `create_time`) VALUES
(1, 8, 1, '400.00', 1, 0, 1, '', 0, 1628771871);

-- --------------------------------------------------------

--
-- 表的结构 `mall_order_delivery`
--

CREATE TABLE `mall_order_delivery` (
  `id` bigint(20) NOT NULL ,
  `order_id` bigint(20) NOT NULL DEFAULT 0 ,
  `user_id` bigint(20) NOT NULL DEFAULT 0 ,
  `admin_id` bigint(20) DEFAULT 0 ,
  `name` varchar(255) NOT NULL DEFAULT '' ,
  `zip` varchar(6) DEFAULT '' ,
  `phone` varchar(32) DEFAULT '' ,
  `country` bigint(20) DEFAULT 0 ,
  `province` bigint(20) NOT NULL DEFAULT 0 ,
  `city` bigint(20) NOT NULL DEFAULT 0 ,
  `area` bigint(20) NOT NULL DEFAULT 0 ,
  `address` varchar(250) NOT NULL DEFAULT '' ,
  `mobile` varchar(20) DEFAULT '' ,
  `freight` decimal(15,2) NOT NULL DEFAULT 0.00 ,
  `distribution_code` varchar(255) NOT NULL DEFAULT '' ,
  `distribution_id` bigint(20) NOT NULL DEFAULT 0 ,
  `note` text DEFAULT NULL ,
  `is_delete` tinyint(1) NOT NULL DEFAULT 0 ,
  `freight_id` bigint(20) DEFAULT 0 ,
  `create_time` int(10) NOT NULL DEFAULT 0 
) ENGINE=InnoDB DEFAULT CHARSET=utf8mb4 ;

-- --------------------------------------------------------

--
-- 表的结构 `mall_order_goods`
--

CREATE TABLE `mall_order_goods` (
  `id` bigint(20) NOT NULL,
  `order_id` bigint(20) NOT NULL ,
  `goods_id` bigint(20) NOT NULL ,
  `product_id` bigint(20) DEFAULT 0 ,
  `spec_key` text DEFAULT NULL,
  `goods_no` varchar(128) NOT NULL DEFAULT '' ,
  `thumb_image` varchar(255) NOT NULL ,
  `real_price` decimal(15,2) NOT NULL DEFAULT 0.00 ,
  `goods_nums` int(11) NOT NULL DEFAULT 1 ,
  `goods_weight` decimal(15,2) NOT NULL DEFAULT 0.00 ,
  `goods_array` text DEFAULT NULL ,
  `market_price` decimal(15,2) NOT NULL DEFAULT 0.00 ,
  `sell_price` decimal(15,2) NOT NULL DEFAULT 0.00 ,
  `cost_price` decimal(15,2) NOT NULL DEFAULT 0.00 ,
  `is_send` tinyint(1) NOT NULL DEFAULT 0 ,
  `distribution_id` int(11) NOT NULL DEFAULT 0 
) ENGINE=InnoDB DEFAULT CHARSET=utf8mb4 ;

--
-- 转存表中的数据 `mall_order_goods`
--

INSERT INTO `mall_order_goods` (`id`, `order_id`, `goods_id`, `product_id`, `spec_key`, `goods_no`, `thumb_image`, `real_price`, `goods_nums`, `goods_weight`, `goods_array`, `market_price`, `sell_price`, `cost_price`, `is_send`, `distribution_id`) VALUES
(1, 1, 4, 0, NULL, '202106201527535537', '/uploads/images/20210620/dd98030081e82739063f4cf1d767ac5a.jpg', '3280.00', 1, '6500.00', '{\"title\":\"阿诗顿厨师机A6家用7升商用小型和面机静音自动多功能鲜奶揉面机\",\"spec\":\"\"}', '3880.00', '3280.00', '0.00', 0, 1),
(2, 2, 31, 0, NULL, '202106291113391136', '/uploads/images/20210629/455e551e15c75f6ff5cdd9278c6e2ab3.jpg', '399.00', 1, '190.00', '{\"title\":\"桌面取暖器暖风机迷你小型取暖器家用风扇电暖气节能\",\"spec\":\"\"}', '1299.00', '399.00', '0.00', 0, 1),
(3, 3, 31, 0, NULL, '202106291113391136', '/uploads/images/20210629/455e551e15c75f6ff5cdd9278c6e2ab3.jpg', '399.00', 1, '190.00', '{\"title\":\"桌面取暖器暖风机迷你小型取暖器家用风扇电暖气节能\",\"spec\":\"\"}', '1299.00', '399.00', '0.00', 0, 1),
(4, 4, 31, 0, NULL, '202106291113391136', '/uploads/images/20210629/455e551e15c75f6ff5cdd9278c6e2ab3.jpg', '399.00', 1, '190.00', '{\"title\":\"桌面取暖器暖风机迷你小型取暖器家用风扇电暖气节能\",\"spec\":\"\"}', '1299.00', '399.00', '0.00', 0, 1),
(5, 5, 31, 0, NULL, '202106291113391136', '/uploads/images/20210629/455e551e15c75f6ff5cdd9278c6e2ab3.jpg', '399.00', 1, '190.00', '{\"title\":\"桌面取暖器暖风机迷你小型取暖器家用风扇电暖气节能\",\"spec\":\"\"}', '1299.00', '399.00', '0.00', 0, 1),
(6, 6, 31, 0, NULL, '202106291113391136', '/uploads/images/20210629/455e551e15c75f6ff5cdd9278c6e2ab3.jpg', '399.00', 1, '190.00', '{\"title\":\"桌面取暖器暖风机迷你小型取暖器家用风扇电暖气节能\",\"spec\":\"\"}', '1299.00', '399.00', '0.00', 0, 1),
(7, 7, 31, 0, NULL, '202106291113391136', '/uploads/images/20210629/455e551e15c75f6ff5cdd9278c6e2ab3.jpg', '399.00', 1, '190.00', '{\"title\":\"桌面取暖器暖风机迷你小型取暖器家用风扇电暖气节能\",\"spec\":\"\"}', '1299.00', '399.00', '0.00', 0, 1),
(8, 8, 31, 0, NULL, '202106291113391136', '/uploads/images/20210629/455e551e15c75f6ff5cdd9278c6e2ab3.jpg', '399.00', 1, '190.00', '{\"title\":\"桌面取暖器暖风机迷你小型取暖器家用风扇电暖气节能\",\"spec\":\"\"}', '1299.00', '399.00', '0.00', 0, 1);

-- --------------------------------------------------------

--
-- 表的结构 `mall_order_group`
--

CREATE TABLE `mall_order_group` (
  `id` int(10) NOT NULL,
  `pid` int(10) NOT NULL DEFAULT 0 ,
  `user_id` int(20) NOT NULL DEFAULT 0 ,
  `order_id` bigint(20) NOT NULL DEFAULT 0 ,
  `goods_nums` int(10) NOT NULL DEFAULT 0 ,
  `order_amount` decimal(15,2) NOT NULL DEFAULT 0.00 ,
  `group_id` bigint(20) NOT NULL DEFAULT 0 ,
  `goods_id` int(10) NOT NULL DEFAULT 0 ,
  `goods_title` varchar(255) CHARACTER SET utf8 NOT NULL DEFAULT '',
  `people` int(10) NOT NULL DEFAULT 0 ,
  `sell_price` decimal(15,2) NOT NULL DEFAULT 0.00 ,
  `start_time` int(11) NOT NULL DEFAULT 0 ,
  `end_time` int(11) NOT NULL DEFAULT 0,
  `is_refund` tinyint(1) NOT NULL DEFAULT 0 ,
  `status` tinyint(1) NOT NULL DEFAULT 1 ,
  `create_time` int(10) NOT NULL DEFAULT 0,
  `complete_time` int(10) NOT NULL DEFAULT 0 
) ENGINE=InnoDB DEFAULT CHARSET=utf8mb4 ;

-- --------------------------------------------------------

--
-- 表的结构 `mall_order_log`
--

CREATE TABLE `mall_order_log` (
  `id` bigint(20) UNSIGNED NOT NULL,
  `order_id` bigint(20) NOT NULL DEFAULT 0 ,
  `username` varchar(128) NOT NULL DEFAULT '' ,
  `action` varchar(255) DEFAULT '' ,
  `result` varchar(255) NOT NULL DEFAULT '' ,
  `note` text NOT NULL ,
  `create_time` int(10) DEFAULT 0 
) ENGINE=InnoDB DEFAULT CHARSET=utf8mb4 ;

--
-- 转存表中的数据 `mall_order_log`
--

INSERT INTO `mall_order_log` (`id`, `order_id`, `username`, `action`, `result`, `note`, `create_time`) VALUES
(1, 7, 'demo', '取消订单', '成功', '订单【2021072616085073826】客户取消订单', 1627288255),
(2, 8, 'system', '付款', '成功', '订单【2021081220375106827】付款400.00元', 1628771871);

-- --------------------------------------------------------

--
-- 表的结构 `mall_order_refundment`
--

CREATE TABLE `mall_order_refundment` (
  `id` bigint(20) NOT NULL,
  `order_no` varchar(255) NOT NULL DEFAULT '' ,
  `out_refund_no` varchar(255) NOT NULL DEFAULT '' ,
  `order_id` bigint(20) NOT NULL ,
  `user_id` bigint(20) NOT NULL DEFAULT 0 ,
  `type` tinyint(1) NOT NULL DEFAULT 0 ,
  `amount` decimal(15,2) NOT NULL DEFAULT 0.00 ,
  `admin_id` bigint(20) DEFAULT 0 ,
  `pay_status` tinyint(1) NOT NULL DEFAULT 0 ,
  `content` text DEFAULT NULL ,
  `dispose_idea` text DEFAULT NULL ,
  `is_delete` tinyint(1) NOT NULL DEFAULT 0 ,
  `order_goods_id` text DEFAULT NULL ,
  `dispose_time` int(10) DEFAULT 0 ,
  `create_time` int(10) DEFAULT 0 
) ENGINE=InnoDB DEFAULT CHARSET=utf8mb4 ;

-- --------------------------------------------------------

--
-- 表的结构 `mall_pages`
--

CREATE TABLE `mall_pages` (
  `id` int(10) NOT NULL,
  `type` varchar(16) DEFAULT '',
  `code` varchar(128) CHARACTER SET utf8 DEFAULT '' ,
  `name` varchar(128) CHARACTER SET utf8 DEFAULT '' ,
  `intro` varchar(255) CHARACTER SET utf8 DEFAULT '' ,
  `is_lock` tinyint(1) NOT NULL DEFAULT 0 
) ENGINE=InnoDB DEFAULT CHARSET=utf8mb4;

--
-- 转存表中的数据 `mall_pages`
--

INSERT INTO `mall_pages` (`id`, `type`, `code`, `name`, `intro`, `is_lock`) VALUES
(1, 'h5', 'home', '首页装修', '', 1),
(2, 'h5', 'category', '分类页面', '', 1),
(3, 'mini', 'home', '首页装修', '', 1),
(4, 'mini', 'category', '分类页面', '', 1),
(5, 'app', 'home', '首页装修', '', 1),
(6, 'app', 'category', '分类页面', '', 1),
(10, 'mini', 'mobile', '手机专题', '', 0);

-- --------------------------------------------------------

--
-- 表的结构 `mall_pages_items`
--

CREATE TABLE `mall_pages_items` (
  `id` int(10) NOT NULL,
  `pid` int(10) NOT NULL DEFAULT 0,
  `widget_name` varchar(128) CHARACTER SET utf8 NOT NULL DEFAULT '' ,
  `position_id` tinyint(2) UNSIGNED NOT NULL DEFAULT 1 ,
  `params` longtext CHARACTER SET utf8 DEFAULT NULL 
) ENGINE=InnoDB DEFAULT CHARSET=utf8mb4;

--
-- 转存表中的数据 `mall_pages_items`
--

INSERT INTO `mall_pages_items` (`id`, `pid`, `widget_name`, `position_id`, `params`) VALUES
(2574, 10, 'textarea', 0, '\"<p>这是手机专题页，可以在后台自己排版的哦！！！！！<\\/p>\"'),
(2575, 10, 'more', 1, '{\"title\":\"自定义上拉加载内容\",\"status\":\"0\",\"category_id\":\"\",\"brand_id\":\"\",\"limit\":\"10\",\"column\":\"2\"}'),
(3859, 3, 'slider', 0, '{\"duration\":\"5000\",\"height\":\"150\",\"border\":\"0\",\"marginTop\":\"0\",\"marginBottom\":\"0\",\"marginLeft\":\"0\",\"marginRight\":\"0\",\"list\":[{\"thumb_image\":\"\\/uploads\\/images\\/20210629\\/c20c3583824ae6cf65708e19fa9622df.jpg\",\"type\":\"1\",\"url\":\"\"},{\"thumb_image\":\"\\/uploads\\/images\\/20210629\\/9cc9d629da0ed19d525cb09419fb4317.jpg\",\"type\":\"1\",\"url\":\"\"}]}'),
(3860, 3, 'notice', 1, '{\"color\":\"#9499AA\",\"type\":\"auto\",\"list\":[{\"id\":\"1\",\"pid\":\"59\",\"title\":\"A3Mall企业版v1.0发布啦！\",\"hits\":\"0\",\"status\":\"0\",\"sort\":\"0\",\"photo\":\"http:\\/\\/a3mall-pro.top\\/static\\/images\\/default.jpg\",\"intro\":\"\",\"content\":\"<p>A3Mall企业版v1.0发布啦！<\\/p>\",\"create_time\":\"2021-06-29 21:46:22\",\"update_time\":\"1624974382\",\"cat_name\":\"平台公告\",\"profile\":{\"id\":\"59\",\"pid\":\"0\",\"title\":\"平台公告\",\"photo\":\"\",\"content\":\"\",\"module\":\"article\",\"status\":\"0\",\"sort\":\"0\",\"hits\":\"0\",\"is_menu\":\"0\",\"is_hot\":\"0\",\"is_recommend\":\"1\",\"is_lock\":\"0\",\"create_time\":\"2021-06-29 21:23:17\",\"update_time\":\"1624972997\"}}]}'),
(3861, 3, 'navbar', 2, '{\"limit\":\"4\",\"list\":[{\"thumb_image\":\"\\/uploads\\/images\\/20210629\\/6ca3e3f72ffc53b4202ba1b6e16c947d.png\",\"text\":\"拼团\",\"type\":\"5\",\"url\":\"group\"},{\"thumb_image\":\"\\/uploads\\/images\\/20210629\\/9d28e5e8f58e6a0bde48da995b9ac3b3.png\",\"text\":\"领劵\",\"type\":\"5\",\"url\":\"coupon\"},{\"thumb_image\":\"\\/uploads\\/images\\/20210629\\/b97565734538d52c8ed29221fcbaab85.png\",\"text\":\"团购\",\"type\":\"5\",\"url\":\"regiment\"},{\"thumb_image\":\"\\/uploads\\/images\\/20210629\\/78738a8bc9376739b23e3399170214c3.png\",\"text\":\"秒杀\",\"type\":\"5\",\"url\":\"second\"},{\"thumb_image\":\"\\/uploads\\/images\\/20210629\\/a3fed9f07fb7702bff5a6f38bf4df3db.png\",\"type\":\"5\",\"url\":\"special\",\"text\":\"会员特价\"},{\"thumb_image\":\"\\/uploads\\/images\\/20210629\\/16d1a8b2dc8868ed4cc81903d435d6e0.png\",\"type\":\"5\",\"url\":\"point\",\"text\":\"积分商城\"},{\"thumb_image\":\"\\/uploads\\/images\\/20210705\\/4eecb93f02447ea307dc5c129b2267ee.png\",\"type\":\"5\",\"url\":\"luckdraw\",\"text\":\"抽奖活动\"},{\"thumb_image\":\"\\/uploads\\/images\\/20210629\\/e10c3ff076e73a53c59eee357d922c04.png\",\"type\":\"5\",\"url\":\"sign\",\"text\":\"我要签到\"}]}'),
(3862, 3, 'blank', 3, '{\"height\":\"10\",\"backgroundColor\":\"\"}'),
(3863, 3, 'images', 4, '{\"height\":\"100\",\"border\":\"0\",\"marginTop\":\"0\",\"marginBottom\":\"0\",\"marginLeft\":\"0\",\"marginRight\":\"0\",\"list\":[{\"thumb_image\":\"\\/uploads\\/images\\/20210629\\/3e7dee845e3e536694733c211b63c8d7.png\",\"type\":\"6\",\"url\":\"10\"}]}'),
(3864, 3, 'blank', 5, '{\"height\":\"10\",\"backgroundColor\":\"\"}'),
(3865, 3, 'blank', 6, '{\"height\":\"10\",\"backgroundColor\":\"\"}'),
(3866, 3, 'second', 7, '{\"title\":\"秒杀\",\"limit\":\"10\",\"list\":[{\"id\":\"1\",\"title\":\"阿诗顿厨师机A6家用7升商用小型和面机静音自动多功能鲜奶揉面机\",\"goods_id\":\"4\",\"sell_price\":\"3280\",\"start_time\":\"1624327200\",\"end_time\":\"1753927580\",\"photo\":\"\\/uploads\\/images\\/20210620\\/dd98030081e82739063f4cf1d767ac5a.jpg\",\"now_time\":\"1625454985\"},{\"id\":\"2\",\"title\":\"扬子烘干机干衣机家用小型圆形衣服衣物速干衣柜折叠烘衣风干机器\",\"goods_id\":\"5\",\"sell_price\":\"179\",\"start_time\":\"1624932137\",\"end_time\":\"1660010537\",\"photo\":\"\\/uploads\\/images\\/20210620\\/e4a00e263b4860a9d8a3d4847eba60f5.jpg\",\"now_time\":\"1625454985\"}]}'),
(3867, 3, 'image-group', 8, '{\"style\":\"0\",\"margin\":\"0\",\"list\":[{\"thumb_image\":\"\\/uploads\\/images\\/20210629\\/dae403959e85f09778057198e8377e4b.png\",\"type\":\"1\",\"url\":\"\"},{\"thumb_image\":\"\\/uploads\\/images\\/20210629\\/8660b7dc52e240c86dcf55f6ec6f0203.png\",\"type\":\"1\",\"url\":\"\"},{\"thumb_image\":\"\\/uploads\\/images\\/20210629\\/93e365d97d6b7c48cc19a3d87cc545b3.png\",\"type\":\"1\",\"url\":\"\"},{\"thumb_image\":\"\\/uploads\\/images\\/20210629\\/11183b9d92bd5b654de38dbba2c3345d.png\",\"type\":\"1\",\"url\":\"\"}]}'),
(3868, 3, 'blank', 9, '{\"height\":\"10\",\"backgroundColor\":\"\"}'),
(3869, 3, 'goods', 10, '{\"title\":\"精品推荐\",\"lookMore\":\"0\",\"layout\":\"1\",\"type\":\"auto\",\"category_id\":\"\",\"brand_id\":\"\",\"limit\":\"10\",\"display\":\"slide\",\"column\":\"3\",\"list\":[{\"id\":\"1\",\"cat_id\":\"13\",\"title\":\"小米有品负离子空气净化器家用除甲醛去二手烟味卧室内小型清新机\",\"goods_number\":\"202106201443246400\",\"goods_weight\":\"3000\",\"sell_price\":\"515\",\"market_price\":\"626\",\"store_nums\":\"951\",\"photo\":\"\\/uploads\\/images\\/20210620\\/6a2792be8a7f66a88b515523e62fcd06.jpg\",\"briefly\":\"\",\"status\":\"0\",\"visit\":\"0\",\"favorite\":\"0\",\"sale\":\"0\"},{\"id\":\"2\",\"cat_id\":\"1\",\"title\":\"卓力电熨斗家用蒸汽手持小型挂烫机平挂烫衣服机熨烫机TS3000\",\"goods_number\":\"dfa\",\"goods_weight\":\"1500\",\"sell_price\":\"3299\",\"market_price\":\"4999\",\"store_nums\":\"235\",\"photo\":\"\\/uploads\\/images\\/20210620\\/79ba441fa3d86860cb96e715e971f3bb.jpg\",\"briefly\":\"精致熨烫 细致呵护面料\",\"status\":\"0\",\"visit\":\"0\",\"favorite\":\"0\",\"sale\":\"0\"},{\"id\":\"3\",\"cat_id\":\"9\",\"title\":\"Hisense\\/海信 75E3F-PRO 75英寸4K智慧全面屏电视机智能网络高清\",\"goods_number\":\"202106201520250100\",\"goods_weight\":\"5000\",\"sell_price\":\"6199\",\"market_price\":\"6499\",\"store_nums\":\"128\",\"photo\":\"\\/uploads\\/images\\/20210620\\/d0e8d7628fb72b94022e1aad195ca6ec.jpg\",\"briefly\":\"AI声控 2+32GB MEMC运动补偿\",\"status\":\"0\",\"visit\":\"0\",\"favorite\":\"0\",\"sale\":\"0\"},{\"id\":\"4\",\"cat_id\":\"15\",\"title\":\"阿诗顿厨师机A6家用7升商用小型和面机静音自动多功能鲜奶揉面机\",\"goods_number\":\"202106201527535550\",\"goods_weight\":\"6500\",\"sell_price\":\"3280\",\"market_price\":\"3880\",\"store_nums\":\"297\",\"photo\":\"\\/uploads\\/images\\/20210620\\/dd98030081e82739063f4cf1d767ac5a.jpg\",\"briefly\":\"直流静音马达，12分钟出膜，家商两用\",\"status\":\"0\",\"visit\":\"0\",\"favorite\":\"0\",\"sale\":\"0\"},{\"id\":\"5\",\"cat_id\":\"10\",\"title\":\"扬子烘干机干衣机家用小型圆形衣服衣物速干衣柜折叠烘衣风干机器\",\"goods_number\":\"202106201531313950\",\"goods_weight\":\"1500\",\"sell_price\":\"179\",\"market_price\":\"369\",\"store_nums\":\"98\",\"photo\":\"\\/uploads\\/images\\/20210620\\/e4a00e263b4860a9d8a3d4847eba60f5.jpg\",\"briefly\":\"高温杀菌，拆装简便\",\"status\":\"0\",\"visit\":\"0\",\"favorite\":\"0\",\"sale\":\"0\"},{\"id\":\"6\",\"cat_id\":\"16\",\"title\":\"鸟笼烤火炉桌下烤脚烤火器小太阳取暖器家用小型节能电暖器电烤炉\",\"goods_number\":\"a30-1\",\"goods_weight\":\"45000\",\"sell_price\":\"109.9\",\"market_price\":\"109.9\",\"store_nums\":\"954\",\"photo\":\"\\/uploads\\/images\\/20210620\\/62c22c9b45ee3fcc84b1b7dcda490b17.jpg\",\"briefly\":\"360度防倾倒，安全防漏电速热\",\"status\":\"0\",\"visit\":\"0\",\"favorite\":\"0\",\"sale\":\"0\"},{\"id\":\"7\",\"cat_id\":\"2\",\"title\":\"浅杉绿电水壶304不锈钢自动断电电热水壶\",\"goods_number\":\"202106201557259600\",\"goods_weight\":\"1900\",\"sell_price\":\"798\",\"market_price\":\"798\",\"store_nums\":\"523\",\"photo\":\"\\/uploads\\/images\\/20210620\\/5a9f561d486000295bbd4a2c7d05aa66.png\",\"briefly\":\"\",\"status\":\"0\",\"visit\":\"0\",\"favorite\":\"0\",\"sale\":\"0\"},{\"id\":\"8\",\"cat_id\":\"5\",\"title\":\"可加热榨汁机小型便携式豆浆机破壁机多功能家用料理电动炸果汁杯\",\"goods_number\":\"202106201604013730\",\"goods_weight\":\"1000\",\"sell_price\":\"149\",\"market_price\":\"499\",\"store_nums\":\"932\",\"photo\":\"\\/uploads\\/images\\/20210620\\/5e54988c5ecd9b0633f6582ccc6c7ca1.jpg\",\"briefly\":\"可加热榨汁机豆浆机破壁机便携式多功能小型\",\"status\":\"0\",\"visit\":\"0\",\"favorite\":\"0\",\"sale\":\"0\"},{\"id\":\"9\",\"cat_id\":\"4\",\"title\":\"小米净水器厨下式600G家用自来水RO反渗透直饮纯水机1年滤芯套装\",\"goods_number\":\"202106201605475800\",\"goods_weight\":\"600\",\"sell_price\":\"1799\",\"market_price\":\"3299\",\"store_nums\":\"426\",\"photo\":\"\\/uploads\\/images\\/20210620\\/aa2a37d5dc927634a9fe4f06465e91fe.jpg\",\"briefly\":\"600G净水器+PP棉2只+前置炭1只+后置炭1只\",\"status\":\"0\",\"visit\":\"0\",\"favorite\":\"0\",\"sale\":\"0\"},{\"id\":\"10\",\"cat_id\":\"10\",\"title\":\"格力烘干机家用干衣机省电杀菌速干衣小型烤衣服烘被烘干器烘衣机\",\"goods_number\":\"202106201609089300\",\"goods_weight\":\"2500\",\"sell_price\":\"288\",\"market_price\":\"799\",\"store_nums\":\"9631\",\"photo\":\"\\/uploads\\/images\\/20210620\\/87499eb9cbea7b846f09dbd5a05fe88e.jpg\",\"briefly\":\"格力干衣机 速干衣 一机多用\",\"status\":\"0\",\"visit\":\"0\",\"favorite\":\"0\",\"sale\":\"0\"}]}'),
(3870, 3, 'more', 11, '{\"title\":\"猜你喜欢\",\"status\":\"0\",\"category_id\":\"\",\"brand_id\":\"\",\"limit\":\"10\",\"column\":\"2\"}'),
(3871, 1, 'header', 0, '{\"title\":\"A3Mall\",\"titleColor\":\"#FFFFFF\",\"ctitle\":\"泰誉凡\",\"ctitleColor\":\"#FFF000\",\"background\":\"#b91922\"}'),
(3872, 1, 'search', 1, '{\"keywords\":\"请输入关键字搜索\",\"border\":\"15\",\"marginTop\":\"15\",\"marginBottom\":\"15\",\"marginLeft\":\"12\",\"marginRight\":\"12\"}'),
(3873, 1, 'slider', 2, '{\"duration\":\"5000\",\"height\":\"150\",\"border\":\"6\",\"marginTop\":\"0\",\"marginBottom\":\"0\",\"marginLeft\":\"12\",\"marginRight\":\"12\",\"list\":[{\"thumb_image\":\"\\/uploads\\/images\\/20210621\\/fa2f082dbeef079179a18cf6ea885b5a.png\",\"type\":\"2\",\"url\":\"38\",\"select\":\"2\"},{\"thumb_image\":\"\\/uploads\\/images\\/20210621\\/7423b99985f3d37ed20b710aac7e87cd.png\",\"type\":\"2\",\"url\":\"36\",\"select\":\"2\"}]}'),
(3874, 1, 'notice', 3, '{\"color\":\"#9499AA\",\"type\":\"auto\",\"list\":[{\"id\":\"1\",\"pid\":\"59\",\"title\":\"A3Mall企业版v1.0发布啦！\",\"hits\":\"0\",\"status\":\"0\",\"sort\":\"0\",\"photo\":\"http:\\/\\/a3mall-pro.top\\/static\\/images\\/default.jpg\",\"intro\":\"\",\"content\":\"<p>A3Mall企业版v1.0发布啦！<\\/p>\",\"create_time\":\"2021-06-29 21:46:22\",\"update_time\":\"1624974382\",\"cat_name\":\"平台公告\",\"profile\":{\"id\":\"59\",\"pid\":\"0\",\"title\":\"平台公告\",\"photo\":\"\",\"content\":\"\",\"module\":\"article\",\"status\":\"0\",\"sort\":\"0\",\"hits\":\"0\",\"is_menu\":\"0\",\"is_hot\":\"0\",\"is_recommend\":\"1\",\"is_lock\":\"0\",\"create_time\":\"2021-06-29 21:23:17\",\"update_time\":\"1624972997\"}}]}'),
(3875, 1, 'navbar', 4, '{\"limit\":\"4\",\"list\":[{\"thumb_image\":\"\\/uploads\\/images\\/20210621\\/f45841b06cd4572fd92d7a97ea8e01eb.png\",\"text\":\"拼团\",\"type\":\"5\",\"url\":\"group\"},{\"thumb_image\":\"\\/uploads\\/images\\/20210621\\/7f0ef60468472dcf5b9362205ae152ea.png\",\"text\":\"领劵\",\"type\":\"5\",\"url\":\"coupon\"},{\"thumb_image\":\"\\/uploads\\/images\\/20210621\\/8392092cca58d49dab5ffe6b4385559d.png\",\"text\":\"团购\",\"type\":\"5\",\"url\":\"regiment\"},{\"thumb_image\":\"\\/uploads\\/images\\/20210621\\/2a054c5008896ac84507c585078f75df.png\",\"text\":\"秒杀\",\"type\":\"5\",\"url\":\"second\"},{\"thumb_image\":\"\\/uploads\\/images\\/20210621\\/9c330f85494080e18eb7a3ee443ee9db.png\",\"type\":\"5\",\"url\":\"special\",\"text\":\"会员特价\"},{\"thumb_image\":\"\\/uploads\\/images\\/20210621\\/9276c0cf66d1511313e756553017a8f6.png\",\"type\":\"5\",\"url\":\"point\",\"text\":\"积分商城\"},{\"thumb_image\":\"\\/uploads\\/images\\/20210705\\/89a285935317c100599da2c3cc611d61.png\",\"type\":\"5\",\"url\":\"luckdraw\",\"text\":\"抽奖活动\"},{\"thumb_image\":\"\\/uploads\\/images\\/20210621\\/c4b620aa9df643fa09ed378c5e816b8a.png\",\"type\":\"5\",\"url\":\"sign\",\"text\":\"我要签到\"}]}'),
(3876, 1, 'blank', 5, '{\"height\":\"10\",\"backgroundColor\":\"\"}'),
(3877, 1, 'images', 6, '{\"height\":\"100\",\"border\":\"0\",\"marginTop\":\"0\",\"marginBottom\":\"0\",\"marginLeft\":\"0\",\"marginRight\":\"0\",\"list\":[{\"thumb_image\":\"\\/uploads\\/images\\/20210620\\/aa1a63838483224cd500b312280a37fc.jpg\",\"type\":\"6\",\"url\":\"9\"}]}'),
(3878, 1, 'blank', 7, '{\"height\":\"10\",\"backgroundColor\":\"\"}'),
(3879, 1, 'second', 8, '{\"title\":\"秒杀\",\"limit\":\"10\",\"list\":[{\"id\":\"1\",\"title\":\"阿诗顿厨师机A6家用7升商用小型和面机静音自动多功能鲜奶揉面机\",\"goods_id\":\"4\",\"sell_price\":\"3280\",\"start_time\":\"1624327200\",\"end_time\":\"1753927580\",\"photo\":\"\\/uploads\\/images\\/20210620\\/dd98030081e82739063f4cf1d767ac5a.jpg\",\"now_time\":\"1625454997\"},{\"id\":\"2\",\"title\":\"扬子烘干机干衣机家用小型圆形衣服衣物速干衣柜折叠烘衣风干机器\",\"goods_id\":\"5\",\"sell_price\":\"179\",\"start_time\":\"1624932137\",\"end_time\":\"1660010537\",\"photo\":\"\\/uploads\\/images\\/20210620\\/e4a00e263b4860a9d8a3d4847eba60f5.jpg\",\"now_time\":\"1625454997\"},{\"id\":\"3\",\"title\":\"小米有品负离子空气净化器家用除甲醛去二手烟味卧室内小型清新机\",\"goods_id\":\"1\",\"sell_price\":\"515\",\"start_time\":\"1624932216\",\"end_time\":\"1662689016\",\"photo\":\"\\/uploads\\/images\\/20210620\\/6a2792be8a7f66a88b515523e62fcd06.jpg\",\"now_time\":\"1625454997\"},{\"id\":\"4\",\"title\":\"智能定时预约 3L 4L大容量饭煲\",\"goods_id\":\"18\",\"sell_price\":\"238\",\"start_time\":\"1624933235\",\"end_time\":\"1665282035\",\"photo\":\"\\/uploads\\/images\\/20210629\\/fff8007f3ed4d9d356c2e4bc2eddb949.jpg\",\"now_time\":\"1625454997\"}]}'),
(3880, 1, 'blank', 9, '{\"height\":\"10\",\"backgroundColor\":\"\"}'),
(3881, 1, 'image-group', 10, '{\"style\":\"0\",\"margin\":\"0\",\"list\":[{\"thumb_image\":\"\\/uploads\\/images\\/20210620\\/c036a1725a4c3990d2736189809ecc7d.jpg\",\"type\":\"1\",\"url\":\"http:\\/\\/pink.a3-mall.com\\/wap\\/pages\\/goods\\/view?id=6\"},{\"thumb_image\":\"\\/uploads\\/images\\/20210620\\/39595d0887b6e95d884ce354f6e4b43d.jpg\",\"type\":\"1\",\"url\":\"http:\\/\\/pink.a3-mall.com\\/wap\\/pages\\/goods\\/view?id=2\"},{\"thumb_image\":\"\\/uploads\\/images\\/20210620\\/3b3c5f5344fb931d12f3676860a7f612.jpg\",\"type\":\"1\",\"url\":\"http:\\/\\/pink.a3-mall.com\\/wap\\/pages\\/goods\\/view?id=1\"},{\"thumb_image\":\"\\/uploads\\/images\\/20210620\\/06a8dae3d765b0f51afe2171fd9e15cb.jpg\",\"type\":\"1\",\"url\":\"http:\\/\\/pink.a3-mall.com\\/wap\\/pages\\/goods\\/view?id=3\"}]}'),
(3882, 1, 'blank', 11, '{\"height\":\"10\",\"backgroundColor\":\"\"}'),
(3883, 1, 'goods', 12, '{\"title\":\"精品推荐\",\"lookMore\":\"0\",\"layout\":\"1\",\"type\":\"choose\",\"category_id\":\"\",\"brand_id\":\"\",\"limit\":\"10\",\"display\":\"slide\",\"column\":\"3\",\"list\":[{\"id\":\"1\",\"cat_id\":\"13\",\"title\":\"小米有品负离子空气净化器家用除甲醛去二手烟味卧室内小型清新机\",\"goods_number\":\"202106201443246400\",\"goods_weight\":\"3000\",\"sell_price\":\"515\",\"market_price\":\"626\",\"store_nums\":\"951\",\"photo\":\"\\/uploads\\/images\\/20210620\\/6a2792be8a7f66a88b515523e62fcd06.jpg\",\"briefly\":\"\",\"status\":\"0\",\"visit\":\"0\",\"favorite\":\"0\",\"sale\":\"0\"},{\"id\":\"3\",\"cat_id\":\"9\",\"title\":\"Hisense\\/海信 75E3F-PRO 75英寸4K智慧全面屏电视机智能网络高清\",\"goods_number\":\"202106201520250100\",\"goods_weight\":\"5000\",\"sell_price\":\"6199\",\"market_price\":\"6499\",\"store_nums\":\"128\",\"photo\":\"\\/uploads\\/images\\/20210620\\/d0e8d7628fb72b94022e1aad195ca6ec.jpg\",\"briefly\":\"AI声控 2+32GB MEMC运动补偿\",\"status\":\"0\",\"visit\":\"0\",\"favorite\":\"0\",\"sale\":\"0\"},{\"id\":\"4\",\"cat_id\":\"15\",\"title\":\"阿诗顿厨师机A6家用7升商用小型和面机静音自动多功能鲜奶揉面机\",\"goods_number\":\"202106201527535550\",\"goods_weight\":\"6500\",\"sell_price\":\"3280\",\"market_price\":\"3880\",\"store_nums\":\"297\",\"photo\":\"\\/uploads\\/images\\/20210620\\/dd98030081e82739063f4cf1d767ac5a.jpg\",\"briefly\":\"直流静音马达，12分钟出膜，家商两用\",\"status\":\"0\",\"visit\":\"0\",\"favorite\":\"0\",\"sale\":\"0\"},{\"id\":\"5\",\"cat_id\":\"10\",\"title\":\"扬子烘干机干衣机家用小型圆形衣服衣物速干衣柜折叠烘衣风干机器\",\"goods_number\":\"202106201531313950\",\"goods_weight\":\"1500\",\"sell_price\":\"179\",\"market_price\":\"369\",\"store_nums\":\"98\",\"photo\":\"\\/uploads\\/images\\/20210620\\/e4a00e263b4860a9d8a3d4847eba60f5.jpg\",\"briefly\":\"高温杀菌，拆装简便\",\"status\":\"0\",\"visit\":\"0\",\"favorite\":\"0\",\"sale\":\"0\"},{\"id\":\"6\",\"cat_id\":\"16\",\"title\":\"鸟笼烤火炉桌下烤脚烤火器小太阳取暖器家用小型节能电暖器电烤炉\",\"goods_number\":\"a30-1\",\"goods_weight\":\"45000\",\"sell_price\":\"109.9\",\"market_price\":\"109.9\",\"store_nums\":\"954\",\"photo\":\"\\/uploads\\/images\\/20210620\\/62c22c9b45ee3fcc84b1b7dcda490b17.jpg\",\"briefly\":\"360度防倾倒，安全防漏电速热\",\"status\":\"0\",\"visit\":\"0\",\"favorite\":\"0\",\"sale\":\"0\"}]}'),
(3884, 1, 'body', 13, '{\"type\":\"2\",\"backgroundColor\":\"#FFFFFF\",\"thumb_image\":\"\\/uploads\\/images\\/20210621\\/b4b5575b58c610fc2af4537ffa62283a.png\"}'),
(3885, 1, 'more', 14, '{\"title\":\"猜你喜欢\",\"status\":\"0\",\"category_id\":\"\",\"brand_id\":\"\",\"limit\":\"10\",\"column\":\"2\"}'),
(3886, 5, 'slider', 0, '{\"duration\":\"5000\",\"height\":\"150\",\"border\":\"0\",\"marginTop\":\"0\",\"marginBottom\":\"0\",\"marginLeft\":\"0\",\"marginRight\":\"0\",\"list\":[{\"thumb_image\":\"\\/uploads\\/images\\/20210629\\/04bdc66bdc402a371efa8186a8a36e52.jpg\",\"type\":\"2\",\"url\":\"38\",\"select\":\"2\"},{\"thumb_image\":\"\\/uploads\\/images\\/20210629\\/4d3d9e2819d652f80d47f4dd9f6c1c49.jpg\",\"type\":\"2\",\"url\":\"37\",\"select\":\"2\"}]}'),
(3887, 5, 'notice', 1, '{\"color\":\"#9499AA\",\"type\":\"auto\",\"list\":[{\"id\":\"1\",\"pid\":\"59\",\"title\":\"A3Mall企业版v1.0发布啦！\",\"hits\":\"0\",\"status\":\"0\",\"sort\":\"0\",\"photo\":\"http:\\/\\/a3mall-pro.top\\/static\\/images\\/default.jpg\",\"intro\":\"\",\"content\":\"<p>A3Mall企业版v1.0发布啦！<\\/p>\",\"create_time\":\"2021-06-29 21:46:22\",\"update_time\":\"1624974382\",\"cat_name\":\"平台公告\",\"profile\":{\"id\":\"59\",\"pid\":\"0\",\"title\":\"平台公告\",\"photo\":\"\",\"content\":\"\",\"module\":\"article\",\"status\":\"0\",\"sort\":\"0\",\"hits\":\"0\",\"is_menu\":\"0\",\"is_hot\":\"0\",\"is_recommend\":\"1\",\"is_lock\":\"0\",\"create_time\":\"2021-06-29 21:23:17\",\"update_time\":\"1624972997\"}}]}'),
(3888, 5, 'navbar', 2, '{\"limit\":\"4\",\"list\":[{\"thumb_image\":\"\\/uploads\\/images\\/20210629\\/872811236c7e0d7ad2e505cb616461b8.png\",\"text\":\"拼团\",\"type\":\"5\",\"url\":\"group\"},{\"thumb_image\":\"\\/uploads\\/images\\/20210629\\/aba1cd3a8a3efdb6695c29db5de57817.png\",\"text\":\"领劵\",\"type\":\"5\",\"url\":\"coupon\"},{\"thumb_image\":\"\\/uploads\\/images\\/20210629\\/840bd03b7d2084b6db46304eb100532a.png\",\"text\":\"团购\",\"type\":\"5\",\"url\":\"regiment\"},{\"thumb_image\":\"\\/uploads\\/images\\/20210629\\/2a897c804d0ee851ed440db30ed13ae0.png\",\"text\":\"秒杀\",\"type\":\"5\",\"url\":\"second\"},{\"thumb_image\":\"\\/uploads\\/images\\/20210629\\/8812b4bddf2f04e1d51a49241484cb7d.png\",\"type\":\"5\",\"url\":\"special\",\"text\":\"会员特价\"},{\"thumb_image\":\"\\/uploads\\/images\\/20210629\\/0fbc29c933d513c8ac0eb849dfe364e2.png\",\"type\":\"5\",\"url\":\"point\",\"text\":\"积分商城\"},{\"thumb_image\":\"\\/uploads\\/images\\/20210705\\/3bd1aaa8969dea6c1c3e6e4771f9e1de.png\",\"type\":\"5\",\"url\":\"luckdraw\",\"text\":\"抽奖活动\"},{\"thumb_image\":\"\\/uploads\\/images\\/20210629\\/f9d73efba8a3ae6766d812eeeffce2dc.png\",\"type\":\"5\",\"url\":\"sign\",\"text\":\"我要签到\"}]}'),
(3889, 5, 'blank', 3, '{\"height\":\"10\",\"backgroundColor\":\"#F8F8F8\"}'),
(3890, 5, 'images', 4, '{\"height\":\"100\",\"border\":\"0\",\"marginTop\":\"0\",\"marginBottom\":\"0\",\"marginLeft\":\"0\",\"marginRight\":\"0\",\"list\":[{\"thumb_image\":\"\\/uploads\\/images\\/20210629\\/4e5a035ea8eda87a02a4c43d072e45e8.png\",\"type\":\"6\",\"url\":\"\",\"select\":\"2\"}]}'),
(3891, 5, 'blank', 5, '{\"height\":\"10\",\"backgroundColor\":\"#F8F8F8\"}'),
(3892, 5, 'blank', 6, '{\"height\":\"10\",\"backgroundColor\":\"#F8F8F8\"}'),
(3893, 5, 'second', 7, '{\"title\":\"秒杀\",\"limit\":\"10\",\"list\":[{\"id\":\"1\",\"title\":\"阿诗顿厨师机A6家用7升商用小型和面机静音自动多功能鲜奶揉面机\",\"goods_id\":\"4\",\"sell_price\":\"3280\",\"start_time\":\"1624327200\",\"end_time\":\"1753927580\",\"photo\":\"\\/uploads\\/images\\/20210620\\/dd98030081e82739063f4cf1d767ac5a.jpg\",\"now_time\":\"1625456022\"},{\"id\":\"2\",\"title\":\"扬子烘干机干衣机家用小型圆形衣服衣物速干衣柜折叠烘衣风干机器\",\"goods_id\":\"5\",\"sell_price\":\"179\",\"start_time\":\"1624932137\",\"end_time\":\"1660010537\",\"photo\":\"\\/uploads\\/images\\/20210620\\/e4a00e263b4860a9d8a3d4847eba60f5.jpg\",\"now_time\":\"1625456022\"}]}'),
(3894, 5, 'image-group', 8, '{\"style\":\"0\",\"margin\":\"0\",\"list\":[{\"thumb_image\":\"\\/uploads\\/images\\/20210629\\/e7fb6bf07c5c28e9696bb820dbf0a286.png\",\"type\":\"2\",\"url\":\"29\",\"select\":\"2\"},{\"thumb_image\":\"\\/uploads\\/images\\/20210629\\/f35745f921d002d69e84ac4f2a0fb752.png\",\"type\":\"2\",\"url\":\"38\",\"select\":\"2\"},{\"thumb_image\":\"\\/uploads\\/images\\/20210629\\/cc63d4e2175f52c8405e604308b70281.png\",\"type\":\"2\",\"url\":\"34\",\"select\":\"2\"},{\"thumb_image\":\"\\/uploads\\/images\\/20210629\\/a1dd20dbe04338f520b8de342d16abc1.png\",\"type\":\"2\",\"url\":\"29\",\"select\":\"2\"}]}'),
(3895, 5, 'blank', 9, '{\"height\":\"10\",\"backgroundColor\":\"#F8F8F8\"}'),
(3896, 5, 'goods', 10, '{\"title\":\"推荐商品\",\"lookMore\":\"1\",\"layout\":\"1\",\"type\":\"auto\",\"category_id\":\"\",\"brand_id\":\"\",\"limit\":\"10\",\"display\":\"slide\",\"column\":\"3\",\"list\":[{\"id\":\"1\",\"cat_id\":\"13\",\"title\":\"小米有品负离子空气净化器家用除甲醛去二手烟味卧室内小型清新机\",\"goods_number\":\"202106201443246400\",\"goods_weight\":\"3000\",\"sell_price\":\"515\",\"market_price\":\"626\",\"store_nums\":\"951\",\"photo\":\"\\/uploads\\/images\\/20210620\\/6a2792be8a7f66a88b515523e62fcd06.jpg\",\"briefly\":\"\",\"status\":\"0\",\"visit\":\"0\",\"favorite\":\"0\",\"sale\":\"0\"},{\"id\":\"2\",\"cat_id\":\"1\",\"title\":\"卓力电熨斗家用蒸汽手持小型挂烫机平挂烫衣服机熨烫机TS3000\",\"goods_number\":\"dfa\",\"goods_weight\":\"1500\",\"sell_price\":\"3299\",\"market_price\":\"4999\",\"store_nums\":\"235\",\"photo\":\"\\/uploads\\/images\\/20210620\\/79ba441fa3d86860cb96e715e971f3bb.jpg\",\"briefly\":\"精致熨烫 细致呵护面料\",\"status\":\"0\",\"visit\":\"0\",\"favorite\":\"0\",\"sale\":\"0\"},{\"id\":\"3\",\"cat_id\":\"9\",\"title\":\"Hisense\\/海信 75E3F-PRO 75英寸4K智慧全面屏电视机智能网络高清\",\"goods_number\":\"202106201520250100\",\"goods_weight\":\"5000\",\"sell_price\":\"6199\",\"market_price\":\"6499\",\"store_nums\":\"128\",\"photo\":\"\\/uploads\\/images\\/20210620\\/d0e8d7628fb72b94022e1aad195ca6ec.jpg\",\"briefly\":\"AI声控 2+32GB MEMC运动补偿\",\"status\":\"0\",\"visit\":\"0\",\"favorite\":\"0\",\"sale\":\"0\"},{\"id\":\"4\",\"cat_id\":\"15\",\"title\":\"阿诗顿厨师机A6家用7升商用小型和面机静音自动多功能鲜奶揉面机\",\"goods_number\":\"202106201527535550\",\"goods_weight\":\"6500\",\"sell_price\":\"3280\",\"market_price\":\"3880\",\"store_nums\":\"297\",\"photo\":\"\\/uploads\\/images\\/20210620\\/dd98030081e82739063f4cf1d767ac5a.jpg\",\"briefly\":\"直流静音马达，12分钟出膜，家商两用\",\"status\":\"0\",\"visit\":\"0\",\"favorite\":\"0\",\"sale\":\"0\"},{\"id\":\"5\",\"cat_id\":\"10\",\"title\":\"扬子烘干机干衣机家用小型圆形衣服衣物速干衣柜折叠烘衣风干机器\",\"goods_number\":\"202106201531313950\",\"goods_weight\":\"1500\",\"sell_price\":\"179\",\"market_price\":\"369\",\"store_nums\":\"98\",\"photo\":\"\\/uploads\\/images\\/20210620\\/e4a00e263b4860a9d8a3d4847eba60f5.jpg\",\"briefly\":\"高温杀菌，拆装简便\",\"status\":\"0\",\"visit\":\"0\",\"favorite\":\"0\",\"sale\":\"0\"},{\"id\":\"6\",\"cat_id\":\"16\",\"title\":\"鸟笼烤火炉桌下烤脚烤火器小太阳取暖器家用小型节能电暖器电烤炉\",\"goods_number\":\"a30-1\",\"goods_weight\":\"45000\",\"sell_price\":\"109.9\",\"market_price\":\"109.9\",\"store_nums\":\"954\",\"photo\":\"\\/uploads\\/images\\/20210620\\/62c22c9b45ee3fcc84b1b7dcda490b17.jpg\",\"briefly\":\"360度防倾倒，安全防漏电速热\",\"status\":\"0\",\"visit\":\"0\",\"favorite\":\"0\",\"sale\":\"0\"},{\"id\":\"7\",\"cat_id\":\"2\",\"title\":\"浅杉绿电水壶304不锈钢自动断电电热水壶\",\"goods_number\":\"202106201557259600\",\"goods_weight\":\"1900\",\"sell_price\":\"798\",\"market_price\":\"798\",\"store_nums\":\"523\",\"photo\":\"\\/uploads\\/images\\/20210620\\/5a9f561d486000295bbd4a2c7d05aa66.png\",\"briefly\":\"\",\"status\":\"0\",\"visit\":\"0\",\"favorite\":\"0\",\"sale\":\"0\"},{\"id\":\"8\",\"cat_id\":\"5\",\"title\":\"可加热榨汁机小型便携式豆浆机破壁机多功能家用料理电动炸果汁杯\",\"goods_number\":\"202106201604013730\",\"goods_weight\":\"1000\",\"sell_price\":\"149\",\"market_price\":\"499\",\"store_nums\":\"932\",\"photo\":\"\\/uploads\\/images\\/20210620\\/5e54988c5ecd9b0633f6582ccc6c7ca1.jpg\",\"briefly\":\"可加热榨汁机豆浆机破壁机便携式多功能小型\",\"status\":\"0\",\"visit\":\"0\",\"favorite\":\"0\",\"sale\":\"0\"},{\"id\":\"9\",\"cat_id\":\"4\",\"title\":\"小米净水器厨下式600G家用自来水RO反渗透直饮纯水机1年滤芯套装\",\"goods_number\":\"202106201605475800\",\"goods_weight\":\"600\",\"sell_price\":\"1799\",\"market_price\":\"3299\",\"store_nums\":\"426\",\"photo\":\"\\/uploads\\/images\\/20210620\\/aa2a37d5dc927634a9fe4f06465e91fe.jpg\",\"briefly\":\"600G净水器+PP棉2只+前置炭1只+后置炭1只\",\"status\":\"0\",\"visit\":\"0\",\"favorite\":\"0\",\"sale\":\"0\"},{\"id\":\"10\",\"cat_id\":\"10\",\"title\":\"格力烘干机家用干衣机省电杀菌速干衣小型烤衣服烘被烘干器烘衣机\",\"goods_number\":\"202106201609089300\",\"goods_weight\":\"2500\",\"sell_price\":\"288\",\"market_price\":\"799\",\"store_nums\":\"9631\",\"photo\":\"\\/uploads\\/images\\/20210620\\/87499eb9cbea7b846f09dbd5a05fe88e.jpg\",\"briefly\":\"格力干衣机 速干衣 一机多用\",\"status\":\"0\",\"visit\":\"0\",\"favorite\":\"0\",\"sale\":\"0\"}]}'),
(3897, 5, 'more', 11, '{\"title\":\"猜你喜欢\",\"status\":\"0\",\"category_id\":\"\",\"brand_id\":\"\",\"limit\":\"10\",\"column\":\"2\"}');

-- --------------------------------------------------------

--
-- 表的结构 `mall_pages_relation`
--

CREATE TABLE `mall_pages_relation` (
  `id` int(10) NOT NULL,
  `type` varchar(16) CHARACTER SET utf8 DEFAULT '',
  `code` varchar(128) NOT NULL DEFAULT '' ,
  `relation_id` text NOT NULL
) ENGINE=InnoDB DEFAULT CHARSET=utf8mb4;

--
-- 转存表中的数据 `mall_pages_relation`
--

INSERT INTO `mall_pages_relation` (`id`, `type`, `code`, `relation_id`) VALUES
(1, 'h5', '', '1,2,3,4,5,6,7,8,9,10,11,12,13,14,15,16,17,18,19,20'),
(2, 'app', '', '1,2,3,4,5,6,8,9,10,11,12,13,14,15,17,18,20'),
(3, 'mini', '', '1,2,3,4,5,6,7,8,9,10,11,12,13,14,15,17,18,20');

-- --------------------------------------------------------

--
-- 表的结构 `mall_pages_type`
--

CREATE TABLE `mall_pages_type` (
  `id` int(11) NOT NULL,
  `type` varchar(16) NOT NULL DEFAULT '',
  `name` varchar(32) NOT NULL DEFAULT '',
  `status` tinyint(1) NOT NULL DEFAULT 0
) ENGINE=InnoDB DEFAULT CHARSET=utf8mb4;

--
-- 转存表中的数据 `mall_pages_type`
--

INSERT INTO `mall_pages_type` (`id`, `type`, `name`, `status`) VALUES
(1, 'h5', 'H5/公众号', 0),
(2, 'mini', '小程序', 0),
(3, 'app', 'APP', 0);

-- --------------------------------------------------------

--
-- 表的结构 `mall_pages_widget`
--

CREATE TABLE `mall_pages_widget` (
  `id` int(10) NOT NULL,
  `cat` varchar(32) NOT NULL DEFAULT '' ,
  `icon` varchar(128) DEFAULT '' ,
  `type` varchar(64) CHARACTER SET utf8 DEFAULT '' ,
  `name` varchar(128) CHARACTER SET utf8 DEFAULT '' ,
  `value` text CHARACTER SET utf8 DEFAULT NULL 
) ENGINE=InnoDB DEFAULT CHARSET=utf8mb4 ;

--
-- 转存表中的数据 `mall_pages_widget`
--

INSERT INTO `mall_pages_widget` (`id`, `cat`, `icon`, `type`, `name`, `value`) VALUES
(1, 'media', 'el-icon-picture', 'slider', '图片轮播', '{\"duration\":\"5000\",\"height\":\"150\",\"border\":\"0\",\"marginTop\":\"0\",\"marginBottom\":\"0\",\"marginLeft\":\"0\",\"marginRight\":\"0\",\"list\":[{\"thumb_image\":\"\",\"type\":\"\",\"url\":\"\"}]}'),
(2, 'media', 'el-icon-picture-outline', 'images', '图片', '{\"height\":150,\"border\":\"0\",\"marginTop\":\"0\",\"marginBottom\":\"0\",\"marginLeft\":\"0\",\"marginRight\":\"0\",\"list\":[{\"thumb_image\":\"\",\"type\":\"\",\"url\":\"\"}]}'),
(3, 'media', 'el-icon-s-grid', 'image-group', '图片分组', '{\"style\":\"2\",\"margin\":\"0\",\"list\":[{\"thumb_image\":\"\",\"type\":\"\",\"url\":\"\"},{\"thumb_image\":\"\",\"type\":\"\",\"url\":\"\"},{\"thumb_image\":\"\",\"type\":\"\",\"url\":\"\"},{\"thumb_image\":\"\",\"type\":\"\",\"url\":\"\"}]}'),
(4, 'media', 'el-icon-video-play', 'video', '视频', '{\"autoplay\":\"false\",\"list\":[{\"thumb_image\":\"\",\"url\":\"\"}]}'),
(5, 'media', 'el-icon-document-copy', 'article', '文章内容', '{\"title\":\"栏目标题\",\"list\":[{\"title\":\"\",\"id\":\"\"}]}'),
(6, 'media', 'el-icon-document-add', 'article-group', '文章分类', '{\"title\":\"栏目标题\",\"limit\":\"3\",\"article_id\":\"\",\"list\":\"\"}'),
(7, 'shop', 'el-icon-search', 'search', '搜索框', '{\"keywords\":\"请输入关键字搜索\",\"border\":\"15\",\"marginTop\":\"15\",\"marginBottom\":\"15\",\"marginLeft\":\"12\",\"marginRight\":\"12\"}'),
(8, 'shop', 'fa-volume-off', 'notice', '公告', '{\"color\":\"#333\",\"type\":\"auto\",\"list\":[{\"title\":\"这里是第一条公告的标题\",\"id\":\"\"}]}'),
(9, 'shop', 'el-icon-menu', 'navbar', '图文导航', '{\"limit\":\"4\",\"list\":[{\"thumb_image\":\"\",\"text\":\"按钮1\",\"type\":\"1\",\"url\":\"\"},{\"thumb_image\":\"\",\"text\":\"按钮2\",\"type\":\"1\",\"url\":\"\"},{\"thumb_image\":\"\",\"text\":\"按钮3\",\"type\":\"1\",\"url\":\"\"},{\"thumb_image\":\"\",\"text\":\"按钮4\",\"type\":\"1\",\"url\":\"\"}]}'),
(10, 'shop', 'el-icon-c-scale-to-original', 'textbar', '文字导航', '{\"limit\":\"5\",\"list\":[{\"text\":\"按钮1\",\"type\":\"1\",\"url\":\"\"},{\"text\":\"按钮2\",\"type\":\"1\",\"url\":\"\"},{\"text\":\"按钮3\",\"type\":\"1\",\"url\":\"\"},{\"text\":\"按钮4\",\"type\":\"1\",\"url\":\"\"},{\"text\":\"按钮5\",\"type\":\"1\",\"url\":\"\"}]}'),
(11, 'shop', 'el-icon-shopping-cart-1', 'goods', '商品', '{\"title\":\"商品列表名称\",\"lookMore\":\"1\",\"layout\":\"1\",\"type\":\"auto\",\"category_id\":\"\",\"brand_id\":\"\",\"limit\":\"10\",\"display\":\"list\",\"column\":\"2\",\"list\":[{\"photo\":\"\",\"title\":\"\",\"sell_price\":\"\"},{\"photo\":\"\",\"title\":\"\",\"sell_price\":\"\"},{\"photo\":\"\",\"title\":\"\",\"sell_price\":\"\"}]}'),
(12, 'shop', 'el-icon-user', 'group', '拼团', '{\"title\":\"活动名称\",\"limit\":\"10\",\"list\":[{\"photo\":\"\",\"title\":\"标题\",\"sell_price\":\"\"},{\"photo\":\"\",\"title\":\"标题\",\"sell_price\":\"\"}]}'),
(13, 'shop', 'el-icon-shopping-bag-1', 'regiment', '团购', '{\"title\":\"活动名称\",\"limit\":\"10\",\"list\":[{\"photo\":\"\",\"title\":\"\",\"sell_price\":\"\"},{\"photo\":\"\",\"title\":\"\",\"sell_price\":\"\"}]}'),
(14, 'shop', 'el-icon-timer', 'second', '秒杀', '{\"title\":\"活动名称\",\"limit\":\"10\",\"list\":[{\"photo\":\"\",\"title\":\"\",\"sell_price\":\"\"},{\"photo\":\"\",\"title\":\"\",\"sell_price\":\"\"}]}'),
(15, 'shop', 'el-icon-s-ticket', 'bonus', '优惠券', '{\"limit\":\"2\"}'),
(16, 'utils', 'el-icon-house', 'header', '头部', '{\"title\":\"A3Mall\",\"titleColor\":\"#333\",\"ctitle\":\"素烟姿\",\"ctitleColor\":\"#333\",\"background\":\"#b91922\"}'),
(17, 'utils', 'el-icon-collection-tag', 'blank', '辅助空白', '{\"height\":\"30\",\"backgroundColor\":\"#FFFFFF\"}'),
(18, 'utils', 'el-icon-tickets', 'textarea', '文本域', ''),
(19, 'setting', 'el-icon-s-open', 'body', '设置背景', '{\"type\":\"1\",\"backgroundColor\":\"\",\"thumb_image\":\"\"}'),
(20, 'setting', 'el-icon-upload2', 'more', '加载更多', '{\"title\":\"猜你喜欢\",\"status\":\"0\",\"category_id\":\"\",\"brand_id\":\"\",\"limit\":\"10\",\"column\":\"2\"}');

-- --------------------------------------------------------

--
-- 表的结构 `mall_payment`
--

CREATE TABLE `mall_payment` (
  `id` bigint(20) NOT NULL,
  `name` varchar(50) NOT NULL ,
  `alias_name` varchar(255) DEFAULT '',
  `type` varchar(64) NOT NULL DEFAULT '',
  `code` varchar(50) NOT NULL ,
  `description` text DEFAULT NULL ,
  `status` tinyint(1) NOT NULL DEFAULT 1 ,
  `is_show` tinyint(1) NOT NULL DEFAULT 0,
  `sort` smallint(5) NOT NULL DEFAULT 99 ,
  `content` text DEFAULT NULL ,
  `poundage` decimal(15,2) NOT NULL DEFAULT 0.00 ,
  `poundage_type` tinyint(1) NOT NULL DEFAULT 1 ,
  `config` text DEFAULT NULL 
) ENGINE=InnoDB DEFAULT CHARSET=utf8mb4 ;

--
-- 转存表中的数据 `mall_payment`
--

INSERT INTO `mall_payment` (`id`, `name`, `alias_name`, `type`, `code`, `description`, `status`, `is_show`, `sort`, `content`, `poundage`, `poundage_type`, `config`) VALUES
(1, '余额支付', '余额支付', 'common', 'balance', '预存款是客户在您网站上的虚拟资金帐户，在个人用户中心可以充值获得。', 0, 0, 0, '', '0.00', 1, ''),
(7, '微信公众号支付', '微信支付', 'wechat', 'wechat', NULL, 0, 0, 99, NULL, '0.00', 1, NULL),
(8, '微信WAP支付', '微信支付', 'h5', 'wechat-h5', NULL, 0, 0, 99, NULL, '0.00', 1, NULL),
(9, '微信APP支付', '微信支付', 'app', 'wechat-app', NULL, 0, 0, 99, NULL, '0.00', 1, '{\"app_id\":\"APPID\",\"mch_id\":\"MCH_ID\",\"mch_key\":\"MCH_KEY\",\"key_url\":\"\",\"cert_url\":\"\"}'),
(11, '微信小程序支付', '微信支付', 'mp', 'wechat-mini', '', 0, 0, 99, NULL, '0.00', 1, NULL);

-- --------------------------------------------------------

--
-- 表的结构 `mall_products_attribute`
--

CREATE TABLE `mall_products_attribute` (
  `id` bigint(20) UNSIGNED NOT NULL,
  `pid` bigint(20) NOT NULL DEFAULT 0,
  `name` varchar(50) NOT NULL ,
  `note` varchar(255) DEFAULT NULL ,
  `status` tinyint(1) DEFAULT 0,
  `create_time` int(10) NOT NULL DEFAULT 0
) ENGINE=InnoDB DEFAULT CHARSET=utf8mb4 ;

--
-- 转存表中的数据 `mall_products_attribute`
--

INSERT INTO `mall_products_attribute` (`id`, `pid`, `name`, `note`, `status`, `create_time`) VALUES
(1, 0, '颜色', '', 0, 1624173200),
(2, 1, '颜色分类', '', 0, 1624173241);

-- --------------------------------------------------------

--
-- 表的结构 `mall_products_attribute_data`
--

CREATE TABLE `mall_products_attribute_data` (
  `id` bigint(20) UNSIGNED NOT NULL,
  `pid` bigint(20) NOT NULL DEFAULT 0,
  `value` text DEFAULT NULL ,
  `sort` int(10) NOT NULL DEFAULT 0 
) ENGINE=InnoDB DEFAULT CHARSET=utf8mb4 ;

--
-- 转存表中的数据 `mall_products_attribute_data`
--

INSERT INTO `mall_products_attribute_data` (`id`, `pid`, `value`, `sort`) VALUES
(1, 2, '香槟色', 0),
(2, 2, '经典蓝', 1);

-- --------------------------------------------------------

--
-- 表的结构 `mall_products_brand`
--

CREATE TABLE `mall_products_brand` (
  `id` bigint(20) UNSIGNED NOT NULL ,
  `is_hot` tinyint(1) NOT NULL DEFAULT 0 ,
  `name` varchar(255) NOT NULL ,
  `photo` varchar(255) DEFAULT NULL ,
  `url` varchar(255) DEFAULT NULL ,
  `content` longtext DEFAULT NULL ,
  `sort` smallint(5) NOT NULL DEFAULT 0 ,
  `status` tinyint(1) NOT NULL DEFAULT 1 ,
  `create_time` int(10) NOT NULL DEFAULT 0 
) ENGINE=InnoDB DEFAULT CHARSET=utf8mb4 ;

--
-- 转存表中的数据 `mall_products_brand`
--

INSERT INTO `mall_products_brand` (`id`, `is_hot`, `name`, `photo`, `url`, `content`, `sort`, `status`, `create_time`) VALUES
(1, 0, '卓力', '', NULL, NULL, 0, 0, 1624172977);

-- --------------------------------------------------------

--
-- 表的结构 `mall_products_model`
--

CREATE TABLE `mall_products_model` (
  `id` bigint(20) UNSIGNED NOT NULL ,
  `name` varchar(50) NOT NULL ,
  `create_time` int(10) NOT NULL DEFAULT 0 
) ENGINE=InnoDB DEFAULT CHARSET=utf8mb4 ;

-- --------------------------------------------------------

--
-- 表的结构 `mall_products_model_data`
--

CREATE TABLE `mall_products_model_data` (
  `id` bigint(20) UNSIGNED NOT NULL ,
  `pid` bigint(20) UNSIGNED DEFAULT 0 ,
  `type` tinyint(1) DEFAULT NULL ,
  `name` varchar(50) DEFAULT NULL ,
  `value` text DEFAULT NULL ,
  `sort` int(10) DEFAULT 0 
) ENGINE=InnoDB DEFAULT CHARSET=utf8mb4 ;

-- --------------------------------------------------------

--
-- 表的结构 `mall_promotion_bonus`
--

CREATE TABLE `mall_promotion_bonus` (
  `id` int(11) NOT NULL,
  `name` varchar(128) NOT NULL DEFAULT '' ,
  `amount` decimal(15,2) NOT NULL DEFAULT 0.00 ,
  `type` tinyint(1) NOT NULL DEFAULT 0 ,
  `point` int(11) NOT NULL DEFAULT 0 ,
  `giveout` int(11) NOT NULL DEFAULT 0 ,
  `used` int(11) NOT NULL DEFAULT 0 ,
  `order_amount` decimal(15,2) UNSIGNED NOT NULL DEFAULT 0.00 ,
  `status` tinyint(1) NOT NULL DEFAULT 0 ,
  `start_time` int(11) NOT NULL DEFAULT 0 ,
  `end_time` int(11) NOT NULL DEFAULT 0 ,
  `create_time` int(10) NOT NULL DEFAULT 0 
) ENGINE=InnoDB DEFAULT CHARSET=utf8mb4 ;

--
-- 转存表中的数据 `mall_promotion_bonus`
--

INSERT INTO `mall_promotion_bonus` (`id`, `name`, `amount`, `type`, `point`, `giveout`, `used`, `order_amount`, `status`, `start_time`, `end_time`, `create_time`) VALUES
(1, '10优惠劵', '10.00', 0, 0, 0, 0, '1000.00', 0, 1625021836, 1656518400, 1625021840);

-- --------------------------------------------------------

--
-- 表的结构 `mall_promotion_group`
--

CREATE TABLE `mall_promotion_group` (
  `id` bigint(20) NOT NULL,
  `goods_id` bigint(20) NOT NULL DEFAULT 0 ,
  `thumb_image` varchar(255) CHARACTER SET utf8 NOT NULL DEFAULT '' ,
  `title` varchar(255) CHARACTER SET utf8 NOT NULL DEFAULT '' ,
  `people` int(2) NOT NULL DEFAULT 0 ,
  `info` varchar(255) CHARACTER SET utf8 NOT NULL DEFAULT '' ,
  `sell_price` decimal(15,2) NOT NULL DEFAULT 0.00 ,
  `sort` int(10) NOT NULL DEFAULT 0 ,
  `sum_count` int(10) NOT NULL DEFAULT 0 ,
  `store_nums` int(10) NOT NULL DEFAULT 0 ,
  `status` tinyint(1) NOT NULL DEFAULT 0 ,
  `content` longtext CHARACTER SET utf8 DEFAULT NULL ,
  `start_time` int(11) NOT NULL DEFAULT 0 ,
  `end_time` int(11) NOT NULL DEFAULT 0 ,
  `effective_time` int(11) NOT NULL DEFAULT 0 ,
  `browse` int(11) DEFAULT 0 ,
  `create_time` int(10) NOT NULL DEFAULT 0 
) ENGINE=InnoDB DEFAULT CHARSET=utf8mb4 ;

--
-- 转存表中的数据 `mall_promotion_group`
--

INSERT INTO `mall_promotion_group` (`id`, `goods_id`, `thumb_image`, `title`, `people`, `info`, `sell_price`, `sort`, `sum_count`, `store_nums`, `status`, `content`, `start_time`, `end_time`, `effective_time`, `browse`, `create_time`) VALUES
(1, 31, '', '桌面取暖器暖风机迷你小型取暖器家用风扇电暖气节能', 2, '', '399.00', 0, 817, 563, 0, NULL, 1624974515, 1657374515, 24, 0, 1624974520);

-- --------------------------------------------------------

--
-- 表的结构 `mall_promotion_group_item`
--

CREATE TABLE `mall_promotion_group_item` (
  `id` bigint(20) UNSIGNED NOT NULL,
  `pid` bigint(20) NOT NULL DEFAULT 0 ,
  `spec_key` text DEFAULT NULL,
  `store_nums` bigint(20) NOT NULL DEFAULT 0 ,
  `market_price` decimal(15,2) NOT NULL DEFAULT 0.00 ,
  `sell_price` decimal(15,2) NOT NULL DEFAULT 0.00 ,
  `cost_price` decimal(15,2) NOT NULL DEFAULT 0.00 
) ENGINE=InnoDB DEFAULT CHARSET=utf8mb4 ;

-- --------------------------------------------------------

--
-- 表的结构 `mall_promotion_order`
--

CREATE TABLE `mall_promotion_order` (
  `id` bigint(20) NOT NULL,
  `group_id` int(11) NOT NULL DEFAULT 0 ,
  `type` tinyint(1) NOT NULL DEFAULT 0 ,
  `name` varchar(128) DEFAULT '' ,
  `amount` decimal(15,2) NOT NULL DEFAULT 0.00 ,
  `expression` varchar(255) NOT NULL DEFAULT '' ,
  `content` text DEFAULT NULL,
  `status` tinyint(1) NOT NULL DEFAULT 0,
  `start_time` int(10) NOT NULL DEFAULT 0,
  `end_time` int(10) NOT NULL DEFAULT 0,
  `create_time` int(10) NOT NULL DEFAULT 0
) ENGINE=InnoDB DEFAULT CHARSET=utf8mb4 ;

-- --------------------------------------------------------

--
-- 表的结构 `mall_promotion_point`
--

CREATE TABLE `mall_promotion_point` (
  `id` bigint(20) UNSIGNED NOT NULL,
  `goods_id` bigint(20) UNSIGNED NOT NULL ,
  `title` varchar(255) NOT NULL ,
  `store_nums` bigint(20) NOT NULL DEFAULT 0 ,
  `sum_count` bigint(20) NOT NULL DEFAULT 0 ,
  `content` text DEFAULT NULL ,
  `status` tinyint(1) NOT NULL DEFAULT 0 ,
  `point` bigint(20) NOT NULL DEFAULT 0 ,
  `thumb_image` varchar(255) DEFAULT NULL ,
  `sort` smallint(5) NOT NULL DEFAULT 99 ,
  `start_time` int(10) NOT NULL DEFAULT 0 ,
  `end_time` int(10) NOT NULL DEFAULT 0 ,
  `create_time` int(10) NOT NULL DEFAULT 0
) ENGINE=InnoDB DEFAULT CHARSET=utf8mb4 ;

--
-- 转存表中的数据 `mall_promotion_point`
--

INSERT INTO `mall_promotion_point` (`id`, `goods_id`, `title`, `store_nums`, `sum_count`, `content`, `status`, `point`, `thumb_image`, `sort`, `start_time`, `end_time`, `create_time`) VALUES
(1, 31, '桌面取暖器暖风机迷你小型取暖器家用风扇电暖气节能', 563, 207, NULL, 0, 399, NULL, 99, 1624974529, 1657374529, 1624974534);

-- --------------------------------------------------------

--
-- 表的结构 `mall_promotion_point_item`
--

CREATE TABLE `mall_promotion_point_item` (
  `id` bigint(20) UNSIGNED NOT NULL,
  `pid` bigint(20) NOT NULL DEFAULT 0 ,
  `spec_key` text DEFAULT NULL,
  `store_nums` bigint(20) NOT NULL DEFAULT 0 ,
  `market_price` decimal(15,2) NOT NULL DEFAULT 0.00 ,
  `sell_price` decimal(15,2) NOT NULL DEFAULT 0.00 ,
  `cost_price` decimal(15,2) NOT NULL DEFAULT 0.00 
) ENGINE=InnoDB DEFAULT CHARSET=utf8mb4 ;

-- --------------------------------------------------------

--
-- 表的结构 `mall_promotion_price`
--

CREATE TABLE `mall_promotion_price` (
  `id` bigint(20) UNSIGNED NOT NULL,
  `goods_id` bigint(20) UNSIGNED NOT NULL ,
  `product_id` bigint(20) DEFAULT 0 ,
  `create_time` int(10) NOT NULL DEFAULT 0
) ENGINE=InnoDB DEFAULT CHARSET=utf8mb4 ;

-- --------------------------------------------------------

--
-- 表的结构 `mall_promotion_price_item`
--

CREATE TABLE `mall_promotion_price_item` (
  `id` bigint(20) UNSIGNED NOT NULL,
  `pid` bigint(20) NOT NULL DEFAULT 0 ,
  `group_id` bigint(20) UNSIGNED NOT NULL ,
  `price` decimal(15,2) NOT NULL DEFAULT 0.00 
) ENGINE=InnoDB DEFAULT CHARSET=utf8mb4 ;

-- --------------------------------------------------------

--
-- 表的结构 `mall_promotion_regiment`
--

CREATE TABLE `mall_promotion_regiment` (
  `id` bigint(20) NOT NULL,
  `goods_id` bigint(20) UNSIGNED NOT NULL ,
  `title` varchar(255) NOT NULL ,
  `store_nums` bigint(20) NOT NULL DEFAULT 0 ,
  `sum_count` bigint(20) NOT NULL DEFAULT 0 ,
  `limit_min_count` bigint(20) NOT NULL DEFAULT 0 ,
  `limit_max_count` bigint(20) NOT NULL DEFAULT 0 ,
  `content` text DEFAULT NULL ,
  `status` tinyint(1) NOT NULL DEFAULT 0 ,
  `sell_price` decimal(15,2) NOT NULL DEFAULT 0.00 ,
  `thumb_image` varchar(128) DEFAULT NULL ,
  `sort` int(10) NOT NULL DEFAULT 99 ,
  `start_time` int(10) NOT NULL DEFAULT 0 ,
  `end_time` int(10) NOT NULL DEFAULT 0 ,
  `create_time` int(10) NOT NULL DEFAULT 0
) ENGINE=InnoDB DEFAULT CHARSET=utf8mb4 ;

--
-- 转存表中的数据 `mall_promotion_regiment`
--

INSERT INTO `mall_promotion_regiment` (`id`, `goods_id`, `title`, `store_nums`, `sum_count`, `limit_min_count`, `limit_max_count`, `content`, `status`, `sell_price`, `thumb_image`, `sort`, `start_time`, `end_time`, `create_time`) VALUES
(1, 30, '日本丰臣(TOYOTOMI)取暖器灯芯炉RL-F2500(H）室内户外取暖器', 563, 293, 1, 3, NULL, 0, '6288.00', NULL, 99, 1624974542, 1657374542, 1624974546);

-- --------------------------------------------------------

--
-- 表的结构 `mall_promotion_regiment_item`
--

CREATE TABLE `mall_promotion_regiment_item` (
  `id` bigint(20) UNSIGNED NOT NULL,
  `pid` bigint(20) NOT NULL DEFAULT 0 ,
  `spec_key` text DEFAULT NULL,
  `store_nums` bigint(20) NOT NULL DEFAULT 0 ,
  `market_price` decimal(15,2) NOT NULL DEFAULT 0.00 ,
  `sell_price` decimal(15,2) NOT NULL DEFAULT 0.00 ,
  `cost_price` decimal(15,2) NOT NULL DEFAULT 0.00 
) ENGINE=InnoDB DEFAULT CHARSET=utf8mb4 ;

-- --------------------------------------------------------

--
-- 表的结构 `mall_promotion_second`
--

CREATE TABLE `mall_promotion_second` (
  `id` int(11) UNSIGNED NOT NULL,
  `goods_id` int(11) UNSIGNED NOT NULL ,
  `title` varchar(255) NOT NULL ,
  `sell_price` decimal(15,2) NOT NULL DEFAULT 0.00 ,
  `store_nums` int(11) NOT NULL DEFAULT 0 ,
  `sum_count` int(11) NOT NULL DEFAULT 0 ,
  `content` text DEFAULT NULL ,
  `status` tinyint(1) NOT NULL DEFAULT 1 ,
  `thumb_image` varchar(255) DEFAULT NULL ,
  `sort` int(10) NOT NULL DEFAULT 99 ,
  `start_time` int(10) NOT NULL DEFAULT 0 ,
  `end_time` int(10) NOT NULL DEFAULT 0 ,
  `create_time` int(10) NOT NULL DEFAULT 0 
) ENGINE=InnoDB DEFAULT CHARSET=utf8mb4 ;

--
-- 转存表中的数据 `mall_promotion_second`
--

INSERT INTO `mall_promotion_second` (`id`, `goods_id`, `title`, `sell_price`, `store_nums`, `sum_count`, `content`, `status`, `thumb_image`, `sort`, `start_time`, `end_time`, `create_time`) VALUES
(1, 4, '阿诗顿厨师机A6家用7升商用小型和面机静音自动多功能鲜奶揉面机', '3280.00', 296, 786, NULL, 0, NULL, 99, 1624327200, 1753927580, 1624327584),
(2, 5, '扬子烘干机干衣机家用小型圆形衣服衣物速干衣柜折叠烘衣风干机器', '179.00', 98, 964, NULL, 0, NULL, 99, 1624932137, 1660010537, 1624932152),
(3, 1, '小米有品负离子空气净化器家用除甲醛去二手烟味卧室内小型清新机', '515.00', 951, 21, NULL, 0, NULL, 99, 1624932216, 1662689016, 1624932224),
(4, 18, '智能定时预约 3L 4L大容量饭煲', '238.00', 1236, 268, NULL, 0, NULL, 99, 1624933235, 1665282035, 1624933241);

-- --------------------------------------------------------

--
-- 表的结构 `mall_promotion_second_item`
--

CREATE TABLE `mall_promotion_second_item` (
  `id` bigint(20) UNSIGNED NOT NULL,
  `pid` bigint(20) NOT NULL DEFAULT 0 ,
  `spec_key` text DEFAULT NULL,
  `store_nums` bigint(20) NOT NULL DEFAULT 0 ,
  `market_price` decimal(15,2) NOT NULL DEFAULT 0.00 ,
  `sell_price` decimal(15,2) NOT NULL DEFAULT 0.00 ,
  `cost_price` decimal(15,2) NOT NULL DEFAULT 0.00 
) ENGINE=InnoDB DEFAULT CHARSET=utf8mb4 ;

-- --------------------------------------------------------

--
-- 表的结构 `mall_search_keywords`
--

CREATE TABLE `mall_search_keywords` (
  `id` int(11) NOT NULL,
  `name` varchar(128) NOT NULL DEFAULT '' ,
  `is_top` tinyint(1) NOT NULL DEFAULT 1 ,
  `is_hot` tinyint(1) NOT NULL DEFAULT 1 ,
  `sort` smallint(6) NOT NULL DEFAULT 0 ,
  `create_time` int(11) NOT NULL DEFAULT 0 
) ENGINE=InnoDB DEFAULT CHARSET=utf8mb4 ;

--
-- 转存表中的数据 `mall_search_keywords`
--

INSERT INTO `mall_search_keywords` (`id`, `name`, `is_top`, `is_hot`, `sort`, `create_time`) VALUES
(3, '夏装', 0, 1, 0, 1589453019),
(4, '夏季', 0, 1, 0, 1589453033),
(5, '眼影', 0, 1, 0, 1589453048),
(6, '润白', 0, 1, 0, 1589453055),
(7, '桃子', 0, 1, 0, 1589453066);

-- --------------------------------------------------------

--
-- 表的结构 `mall_setting`
--

CREATE TABLE `mall_setting` (
  `id` bigint(20) NOT NULL,
  `name` varchar(32) DEFAULT NULL ,
  `value` longtext NOT NULL
) ENGINE=InnoDB DEFAULT CHARSET=utf8mb4;

--
-- 转存表中的数据 `mall_setting`
--

INSERT INTO `mall_setting` (`id`, `name`, `value`) VALUES
(1, 'web_name', '泰誉凡'),
(2, 'web_title', '图书、母婴、美妆、家居、数码、家电、服装、鞋包等，正品低价'),
(3, 'web_keywords', '图书、音像、母婴、美妆、家居、数码3C、服装、鞋包等几十大类，正品行货。'),
(4, 'web_description', '网上购物，网上商城，网上买书，购物中心，在线购物，图书，影视，音像，教育音像，CD， DVD，百货，母婴，家居，家纺，厨具，化妆品，美妆，个人护理用品，数码，电脑，笔记本，u盘，手机，mp3，mp4，数码相机，摄影，摄像，家电，软件，游戏，服装，鞋，礼品箱包，钟表首饰，玩具，运动健康用品！/uploads/images/20210130/6c5ddbd74c420905e3d03cdb0c379aea.png'),
(5, 'email', '{\"address\":\"smtp.qq.com\",\"port\":\"25\",\"username\":\"123456@qq.com\",\"password\":\"123456\",\"smtp_name\":\"泰誉凡\",\"smtp_send\":\"123456@qq.com\",\"is_ssl\":\"1\"}'),
(6, 'store', '{\"name\":\"素烟脂\",\"intro\":\"专售店\",\"phone\":\"18026740326\",\"address\":\"城南区\",\"date_time\":\"10:00 - 18:00\"}'),
(7, 'upload', '{\"type\":\"0\",\"protocol\":\"http\",\"endpoint\":\"oss-cn-shenzhen\",\"accessKeyId\":\"LTAI4GHdhFAB7Gh79wznSwaV\",\"accessKeySecret\":\"et2gnQZfudhwOGw2CQ3oS7BghFHDog\",\"bucket\":\"a3mall\",\"domain\":\"\"}'),
(8, 'wechat', '{\"token\":\"omJNpZEhZeHj1ZxFECKkP48B5VFbk1HP\",\"appid\":\"wxa02e777d60d8a508\",\"appsecret\":\"339c1f55c2089f46f50316b6f7c9f71b\",\"enaes_key\":\"\"}'),
(9, 'wepay', '{\"mch_id\":\"\",\"mch_key\":\"\",\"key_url\":\"\",\"cert_url\":\"\",\"file\":\"\"}'),
(12, 'wechat_menu', '[{\"name\":\"请输入名称\",\"sub_button\":[{\"name\":\"请输入名称\",\"type\":\"click\",\"key\":\"艺术硕士asf\"}],\"type\":\"miniprogram\"}]'),
(13, 'wemini', '{\"appid\":\"wxffae221258ba5165\",\"appsecret\":\"11bac2e62f0b293e03d803d0cdde8237\",\"mch_id\":\"1604761270\",\"mch_key\":\"182736452984617665374620981735he\",\"key_url\":\"\",\"cert_url\":\"\",\"file\":\"\"}'),
(14, 'sms', '{\"accessKeyId\":\"sss \",\"accessSecret\":\"sss\",\"duration_time\":\"5\"}'),
(15, 'spread', '{\"type\":1,\"is_goods_rebate\":0,\"one\":5,\"two\":3,\"three\":1}'),
(16, 'order', '{\"cancel_time\":\"1\",\"complete_time\":\"15\",\"confirm_time\":\"10\"}'),
(18, 'register', '<p><span style=\"font-size:12px;\">一、总则</span></p><p><span style=\"font-size:12px;\">1.1 本站的所有权和运营权归有限公司所有。 </span></p><p><span style=\"font-size:12px;\">1.2 用户在注册之前，应当仔细阅读本协议，并同意遵守本协议后方可成为注册用户。一旦注册成功，则用户与本站之间自动形成协议关系，用户应当受本协议的约束。用户在使用特殊的服务或产品时，应当同意接受相关协议后方能使用。 </span></p><p><span style=\"font-size:12px;\">1.3 本协议则可由本站随时更新，用户应当及时关注并同意本站不承担通知义务。本站的通知、公告、声明或其它类似内容是本协议的一部分。</span></p><p><span style=\"font-size:12px;\">二、服务内容</span></p><p><span style=\"font-size:12px;\">2.1 本站的具体内容由本站根据实际情况提供。 </span></p><p><span style=\"font-size:12px;\">2.2 本站仅提供相关的网络服务，除此之外与相关网络服务有关的设备(如个人电脑、手机、及其他与接入互联网或移动网有关的装置)及所需的费用(如为接入互联网而支付的电话费及上网费、为使用移动网而支付的手机费)均应由用户自行负担。</span></p><p><span style=\"font-size:12px;\">三、用户帐号</span></p><p><span style=\"font-size:12px;\">3.1 经本站注册系统完成注册程序并通过身份认证的用户即成为正式用户，可以获得本站规定用户所应享有的一切权限；未经认证仅享有本站规定的部分会员权限。本站有权对会员的权限设计进行变更。 </span></p><p><span style=\"font-size:12px;\">3.2 用户只能按照注册要求使用真实姓名，及身份证号注册。用户有义务保证密码和帐号的安全，用户利用该密码和帐号所进行的一切活动引起的任何损失或损害，由用户自行承担全部责任，本站不承担任何责任。如用户发现帐号遭到未授权的使用或发生其他任何安全问题，应立即修改帐号密码并妥善保管，如有必要，请通知本站。因黑客行为或用户的保管疏忽导致帐号非法使用，本站不承担任何责任。</span></p><p><span style=\"font-size:12px;\">四、使用规则</span></p><p><span style=\"font-size:12px;\">4.1 遵守中华人民共和国相关法律法规，包括但不限于《中华人民共和国计算机信息系统安全保护条例》、《计算机软件保护条例》、《最高人民法院关于审理涉及计算机网络著作权纠纷案件适用法律若干问题的解释(法释[2004]1号)》、《全国人大常委会关于维护互联网安全的决定》、《互联网电子公告服务管理规定》、《互联网新闻信息服务管理规定》、《互联网著作权行政保护办法》和《信息网络传播权保护条例》等有关计算机互联网规定和知识产权的法律和法规、实施办法。 </span></p><p><span style=\"font-size:12px;\">4.2 用户对其自行发表、上传或传送的内容负全部责任，所有用户不得在本站任何页面发布、转载、传送含有下列内容之一的信息，否则本站有权自行处理并不通知用户：</span></p><p><span style=\"font-size:12px;\">(1)违反宪法确定的基本原则的； </span></p><p><span style=\"font-size:12px;\">(2)危害国家安全，泄漏国家机密，颠覆国家政权，破坏国家统一的； </span></p><p><span style=\"font-size:12px;\">(3)损害国家荣誉和利益的； </span></p><p><span style=\"font-size:12px;\">(4)煽动民族仇恨、民族歧视，破坏民族团结的； </span></p><p><span style=\"font-size:12px;\">(5)破坏国家宗教政策，宣扬邪教和封建迷信的； </span></p><p><span style=\"font-size:12px;\">(6)散布谣言，扰乱社会秩序，破坏社会稳定的；</span></p><p><span style=\"font-size:12px;\">(7)散布淫秽、色情、赌博、暴力、恐怖或者教唆犯罪的； </span></p><p><span style=\"font-size:12px;\">(8)侮辱或者诽谤他人，侵害他人合法权益的； </span></p><p><span style=\"font-size:12px;\">(9)煽动非法集会、结社、游行、示威、聚众扰乱社会秩序的； </span></p><p><span style=\"font-size:12px;\">(10)以非法民间组织名义活动的；</span></p><p><span style=\"font-size:12px;\">(11)含有法律、行政法规禁止的其他内容的。</span></p><p><span style=\"font-size:12px;\">4.3 用户承诺对其发表或者上传于本站的所有信息(即属于《中华人民共和国著作权法》规定的作品，包括但不限于文字、图片、音乐、电影、表演和录音录像制品和电脑程序等)均享有完整的知识产权，或者已经得到相关权利人的合法授权；如用户违反本条规定造成本站被第三人索赔的，用户应全额补偿本站一切费用(包括但不限于各种赔偿费、诉讼代理费及为此支出的其它合理费用)； </span></p><p><span style=\"font-size:12px;\">4.4 当第三方认为用户发表或者上传于本站的信息侵犯其权利，并根据《信息网络传播权保护条例》或者相关法律规定向本站发送权利通知书时，用户同意本站可以自行判断决定删除涉嫌侵权信息，除非用户提交书面证据材料排除侵权的可能性，本站将不会自动恢复上述删除的信息；</span></p><p><span style=\"font-size:12px;\">(1)不得为任何非法目的而使用网络服务系统； </span></p><p><span style=\"font-size:12px;\">(2)遵守所有与网络服务有关的网络协议、规定和程序； (3)不得利用本站进行任何可能对互联网的正常运转造成不利影响的行为； </span></p><p><span style=\"font-size:12px;\">(4)不得利用本站进行任何不利于本站的行为。</span></p><p><span style=\"font-size:12px;\">4.5 如用户在使用网络服务时违反上述任何规定，本站有权要求用户改正或直接采取一切必要的措施(包括但不限于删除用户张贴的内容、暂停或终止用户使用网络服务的权利)以减轻用户不当行为而造成的影响。</span></p><p><span style=\"font-size:12px;\">五、隐私保护</span></p><p><span style=\"font-size:12px;\">5.1 本站不对外公开或向第三方提供单个用户的注册资料及用户在使用网络服务时存储在本站的非公开内容，但下列情况除外：</span></p><p><span style=\"font-size:12px;\">(1)事先获得用户的明确授权； </span></p><p><span style=\"font-size:12px;\">(2)根据有关的法律法规要求；</span></p><p><span style=\"font-size:12px;\">(3)按照相关政府主管部门的要求；</span></p><p><span style=\"font-size:12px;\">(4)为维护社会公众的利益。</span></p><p><span style=\"font-size:12px;\">5.2 本站可能会与第三方合作向用户提供相关的网络服务，在此情况下，如该第三方同意承担与本站同等的保护用户隐私的责任，则本站有权将用户的注册资料等提供给该第三方。</span></p><p><span style=\"font-size:12px;\">5.3 在不透露单个用户隐私资料的前提下，本站有权对整个用户数据库进行分析并对用户数据库进行商业上的利用。</span></p><p><span style=\"font-size:12px;\">六、版权声明</span></p><p><span style=\"font-size:12px;\">6.1 本站的文字、图片、音频、视频等版权均归永兴元科技有限公司享有或与作者共同享有，未经本站许可，不得任意转载。 </span></p><p><span style=\"font-size:12px;\">6.2 本站特有的标识、版面设计、编排方式等版权均属永兴元科技有限公司享有，未经本站许可，不得任意复制或转载。 </span></p><p><span style=\"font-size:12px;\">6.3 使用本站的任何内容均应注明“来源于本站”及署上作者姓名，按法律规定需要支付稿酬的，应当通知本站及作者及支付稿酬，并独立承担一切法律责任。</span></p><p><span style=\"font-size:12px;\">6.4 本站享有所有作品用于其它用途的优先权，包括但不限于网站、电子杂志、平面出版等，但在使用前会通知作者，并按同行业的标准支付稿酬。</span></p><p><span style=\"font-size:12px;\">6.5 本站所有内容仅代表作者自己的立场和观点，与本站无关，由作者本人承担一切法律责任。 </span></p><p><span style=\"font-size:12px;\">6.6 恶意转载本站内容的，本站保留将其诉诸法律的权利。</span></p><p><span style=\"font-size:12px;\">七、责任声明</span></p><p><span style=\"font-size:12px;\">7.1 用户明确同意其使用本站网络服务所存在的风险及一切后果将完全由用户本人承担，本站对此不承担任何责任。 </span></p><p><span style=\"font-size:12px;\">7.2 本站无法保证网络服务一定能满足用户的要求，也不保证网络服务的及时性、安全性、准确性。 </span></p><p><span style=\"font-size:12px;\">7.3 本站不保证为方便用户而设置的外部链接的准确性和完整性，同时，对于该等外部链接指向的不由本站实际控制的任何网页上的内容，本站不承担任何责任。</span></p><p><span style=\"font-size:12px;\">7.4 对于因不可抗力或本站不能控制的原因造成的网络服务中断或其它缺陷，本站不承担任何责任，但将尽力减少因此而给用户造成的损失和影响。</span></p><p><span style=\"font-size:12px;\">7.5 对于站向用户提供的下列产品或者服务的质量缺陷本身及其引发的任何损失，本站无需承担任何责任：</span></p><p><span style=\"font-size:12px;\">(1)本站向用户免费提供的各项网络服务； </span></p><p><span style=\"font-size:12px;\">(2)本站向用户赠送的任何产品或者服务。</span></p><p><span style=\"font-size:12px;\">7.6 本站有权于任何时间暂时或永久修改或终止本服务(或其任何部分)，而无论其通知与否，本站对用户和任何第三人均无需承担任何责任。</span></p><p><span style=\"font-size:12px;\">八、附则</span></p><p><span style=\"font-size:12px;\">8.1 本协议的订立、执行和解释及争议的解决均应适用中华人民共和国法律。 </span></p><p><span style=\"font-size:12px;\">8.2 如本协议中的任何条款无论因何种原因完全或部分无效或不具有执行力，本协议的其余条款仍应有效并且有约束力。</span></p><p><span style=\"font-size:12px;\">8.3 本协议解释权及修订权归有限公司所有。</span></p><p><br /></p>'),
(20, 'users', '{\"amount\":100,\"bank\":\"中国工商银行|中国农业银行|中国建设银行|招商银行|中国邮政储蓄银行\",\"username\":\"admin,demo,test\"}'),
(21, 'wemini_base', '{\"mini_status\":\"trial\",\"is_rechange\":\"0\",\"is_withdrawal\":\"1\",\"is_subscribe\":\"1\"}'),
(22, 'task', '{\"unit\":60}'),
(23, 'file', ''),
(24, 'images', '/uploads/images/20201123/a911fcb8dbb93d3702c51ada929a9c31.jpg'),
(25, 'users_sign', '{\"list\":[{\"name\":\"1天\",\"point\":\"1\",\"sort\":0},{\"name\":\"2天\",\"point\":\"2\",\"sort\":1},{\"name\":\"3天\",\"point\":\"3\",\"sort\":2},{\"name\":\"4天\",\"point\":\"4\",\"sort\":3},{\"name\":\"5天\",\"point\":\"5\",\"sort\":4},{\"name\":\"6天\",\"point\":\"6\",\"sort\":5},{\"name\":\"7天\",\"point\":\"15\",\"sort\":6}],\"status\":1}'),
(26, 'users_rule', '<p><span style=\"color: rgb(34, 34, 34); font-family: Menlo, monospace; font-size: 11px; white-space: pre-wrap; background-color: rgb(255, 255, 255);\">连续签到第七天可获得双倍积分，记得每天回来签到哦！</span></p>'),
(27, 'is_shipping', '1'),
(28, 'web_logo', '/uploads/images/20210629/17153cb3e3f841b672b9edbe0af37702.png'),
(29, 'web_copyright', 'Copyright 2020-2021 A3MALL. All Rights Reserved.'),
(30, 'share', '{\"share_title\":\"A3Mall\",\"share_url\":\"http:\\/\\/a3-mall.com\",\"share_content\":\"分享购物\",\"file\":\"\",\"share\":[{\"attachment_id\":\"155\",\"name\":\"\",\"photo\":\"\\/uploads\\/images\\/20210702\\/17d8a9df063226d14541887ee2d6d0a8.jpg\"},{\"attachment_id\":\"156\",\"name\":\"\",\"photo\":\"\\/uploads\\/images\\/20210702\\/c639a97f228ba383dd01fa3e9983bd14.jpg\"},{\"attachment_id\":\"157\",\"name\":\"\",\"photo\":\"\\/uploads\\/images\\/20210702\\/28726dfadec86bd20792675253f58f4c.png\"}]}'),
(31, 'order_rechange', '{\"list\":[{\"num\":\"10\"},{\"num\":\"50\"},{\"num\":\"100\"}]}'),
(32, 'address', '{\"name\":\"A3Mall\",\"full_name\":\"黄超\",\"mobile\":\"18026740326\",\"phone\":\"\",\"address\":\"广东省 深圳 罗湖区源城6号\"}'),
(33, 'service', '{\"type\":0}'),
(34, 'luckdraw', '{\"luckdraw\":{\"point\":\"20\",\"type\":\"1\",\"num\":\"3\",\"data\":{\"id\":[\"61\",\"62\",\"63\",\"64\",\"65\",\"66\",\"67\",\"68\"],\"attachment_id\":[\"185\",\"193\",\"187\",\"194\",\"189\",\"195\",\"191\",\"196\"],\"photo\":[\"\\/uploads\\/images\\/20210705\\/3fa4015765248e68101f90a6e80c94e6.png\",\"\\/uploads\\/images\\/20210705\\/458fab1af868de74fe6d9a1b69b8957d.png\",\"\\/uploads\\/images\\/20210705\\/c08c04e0b912d6d35fbdedb172f30b71.png\",\"\\/uploads\\/images\\/20210705\\/c36c6a55d48b2b1cfa3a527d4c47bba4.png\",\"\\/uploads\\/images\\/20210705\\/fbe14f1dfb5bfd0b4ca8e7c8fa150f18.png\",\"\\/uploads\\/images\\/20210705\\/bba4fc120a2f4613df7b82e5e7e10111.png\",\"\\/uploads\\/images\\/20210705\\/ee9c1f7bb55f7cf6dcdf3bcded43c774.png\",\"\\/uploads\\/images\\/20210705\\/6e0e6e0325ebeef5f1c0dbd75417e9f4.png\"],\"name\":[\"5积分\",\"谢谢参与\",\"10积分\",\"谢谢参与\",\"15积分\",\"谢谢参与\",\"20积分\",\"谢谢参与\"],\"type\":[\"1\",\"0\",\"1\",\"0\",\"1\",\"0\",\"1\",\"0\"],\"value\":[\"5\",\"0\",\"10\",\"0\",\"15\",\"0\",\"20\",\"20\"],\"num\":[\"997\",\"1000\",\"999\",\"1000\",\"1000\",\"1000\",\"999\",\"1000\"],\"chance\":[\"50\",\"50\",\"50\",\"50\",\"5\",\"1\",\"50\",\"35\"]},\"content\":\"<p>1. 成功登录后，每人每天有3次抽奖机会<\\/p>\\n<p>2. 积分可以在购买商品时获取<\\/p>\\n<p>3. 抽奖活动将在每日凌晨0点刷新<\\/p>\\n<p>4. 每次抽奖需要消耗20积分<\\/p>\\n<p>5. 本次活动与苹果公司无关<\\/p>\",\"status\":\"0\"}}');

-- --------------------------------------------------------

--
-- 表的结构 `mall_sms_template`
--

CREATE TABLE `mall_sms_template` (
  `id` int(11) NOT NULL,
  `sign` varchar(64) NOT NULL DEFAULT '' ,
  `sign_name` varchar(64) NOT NULL DEFAULT '' ,
  `template_code` varchar(128) NOT NULL DEFAULT '' ,
  `template_name` varchar(255) NOT NULL DEFAULT '' ,
  `template_param` text DEFAULT NULL ,
  `status` tinyint(1) NOT NULL DEFAULT 0 ,
  `create_time` int(10) NOT NULL DEFAULT 0 
) ENGINE=InnoDB DEFAULT CHARSET=utf8mb4;

--
-- 转存表中的数据 `mall_sms_template`
--

INSERT INTO `mall_sms_template` (`id`, `sign`, `sign_name`, `template_code`, `template_name`, `template_param`, `status`, `create_time`) VALUES
(1, 'register', 'AAAMall', 'SMS_153055060', '您正在申请手机注册，验证码为：${code}，5分钟内有效！', '{\"code\":\"${code}\"}', 0, 0),
(2, 'repassword', 'AAAMall', 'SMS_153055061', '您的动态码为：${code}，您正在进行密码重置操作，如非本人操作，请忽略本短信！', '{\"code\":\"${code}\"}', 0, 0),
(3, 'payment_success', 'AAAMall', 'SMS_153055062', '您的订单己支付成功，订单号:${order_no}。', '{\"order_no\":\"${order_no}\"}', 0, 0),
(4, 'deliver_goods', 'AAAMall', 'SMS_153055062', '您的订单己发货，订单号:${order_no}，请注意查收。', '{\"order_no\":\"${order_no}\"}', 0, 0);

-- --------------------------------------------------------

--
-- 表的结构 `mall_statistics_search`
--

CREATE TABLE `mall_statistics_search` (
  `id` bigint(20) NOT NULL,
  `name` varchar(128) NOT NULL DEFAULT '' ,
  `num` bigint(20) NOT NULL DEFAULT 0 
) ENGINE=InnoDB DEFAULT CHARSET=utf8mb4 ;

-- --------------------------------------------------------

--
-- 表的结构 `mall_statistics_search_goods`
--

CREATE TABLE `mall_statistics_search_goods` (
  `id` bigint(20) NOT NULL,
  `goods_id` bigint(20) NOT NULL DEFAULT 0 ,
  `name` varchar(128) NOT NULL DEFAULT '' ,
  `referer` tinyint(1) NOT NULL DEFAULT 0 ,
  `type` tinyint(1) NOT NULL DEFAULT 0 ,
  `create_time` int(10) NOT NULL DEFAULT 0 
) ENGINE=InnoDB DEFAULT CHARSET=utf8mb4 ;

-- --------------------------------------------------------

--
-- 表的结构 `mall_store`
--

CREATE TABLE `mall_store` (
  `id` int(10) NOT NULL,
  `shop_name` varchar(100) CHARACTER SET utf8 NOT NULL DEFAULT '' ,
  `intro` varchar(255) CHARACTER SET utf8 NOT NULL DEFAULT '' ,
  `phone` varchar(128) CHARACTER SET utf8 DEFAULT '' ,
  `country` bigint(20) DEFAULT 0 ,
  `province` bigint(20) NOT NULL DEFAULT 0 ,
  `city` bigint(20) NOT NULL DEFAULT 0 ,
  `area` bigint(20) NOT NULL DEFAULT 0 ,
  `address` text CHARACTER SET utf8 DEFAULT NULL,
  `logo` varchar(255) CHARACTER SET utf8 NOT NULL DEFAULT '' ,
  `lat` char(25) CHARACTER SET utf8 NOT NULL DEFAULT '' ,
  `lng` char(25) CHARACTER SET utf8 NOT NULL DEFAULT '' ,
  `day_time` varchar(100) CHARACTER SET utf8 NOT NULL DEFAULT '' ,
  `status` tinyint(1) NOT NULL DEFAULT 0 ,
  `is_del` tinyint(1) NOT NULL DEFAULT 0 ,
  `create_time` int(10) NOT NULL DEFAULT 0 
) ENGINE=InnoDB DEFAULT CHARSET=utf8mb4 ;

-- --------------------------------------------------------

--
-- 表的结构 `mall_system_manage`
--

CREATE TABLE `mall_system_manage` (
  `id` bigint(20) NOT NULL,
  `title` varchar(200) NOT NULL DEFAULT '' ,
  `purview` text DEFAULT NULL ,
  `status` tinyint(1) NOT NULL DEFAULT 1 ,
  `lock` tinyint(1) NOT NULL DEFAULT 0 
) ENGINE=InnoDB DEFAULT CHARSET=utf8mb4;

--
-- 转存表中的数据 `mall_system_manage`
--

INSERT INTO `mall_system_manage` (`id`, `title`, `purview`, `status`, `lock`) VALUES
(1, '超级管理员', '-1', 0, 1),
(3, '普通管理员', '{\"platform.index\":{\"index\":\"14\",\"info\":\"15\",\"cache\":\"16\"},\"platform.archives\":{\"index\":\"82\",\"editor\":\"83\",\"delete\":\"84\",\"field\":\"85\"},\"platform.category\":{\"index\":\"87\",\"editor\":\"88\",\"delete\":\"89\",\"field\":\"90\"},\"platform.page\":{\"index\":\"92\",\"editor\":\"93\",\"delete\":\"94\",\"field\":\"95\"},\"operate.navigation\":{\"index\":\"105\",\"editor\":\"106\",\"delete\":\"107\"},\"platform.data\":{\"index\":\"114\",\"editor\":\"115\",\"delete\":\"116\"},\"platform.keywords\":{\"index\":\"118\",\"editor\":\"119\",\"delete\":\"120\"},\"platform.images\":{\"index\":\"226\",\"delete\":\"227\",\"field\":\"228\"},\"platform.media\":{\"index\":\"230\",\"delete\":\"231\",\"field\":\"232\"},\"platform.version\":{\"index\":\"234\",\"editor\":\"235\",\"delete\":\"236\"},\"products.index\":{\"index\":\"18\",\"editor\":\"19\",\"delete\":\"20\",\"field\":\"21\",\"editor_group\":\"237\",\"editor_regiment\":\"238\",\"editor_second\":\"239\",\"editor_point\":\"240\",\"export\":\"349\"},\"products.category\":{\"index\":\"23\",\"editor\":\"24\",\"delete\":\"25\",\"field\":\"26\"},\"products.brand\":{\"index\":\"28\",\"editor\":\"29\",\"delete\":\"30\",\"field\":\"31\"},\"products.attribute\":{\"index\":\"33\",\"editor\":\"34\",\"delete\":\"35\"},\"products.model\":{\"index\":\"37\",\"editor\":\"38\",\"delete\":\"39\"},\"products.distribution\":{\"index\":\"125\",\"editor\":\"126\",\"delete\":\"127\",\"field\":\"128\"},\"products.freight\":{\"index\":\"130\",\"editor\":\"131\",\"delete\":\"132\",\"field\":\"133\"},\"products.area\":{\"index\":\"135\",\"editor\":\"136\",\"delete\":\"137\",\"field\":\"138\"},\"products.deliver\":{\"index\":\"140\",\"editor\":\"141\",\"delete\":\"142\"},\"products.group\":{\"index\":\"250\",\"detail\":\"251\"},\"products.goods\":{\"index\":\"253\",\"delete\":\"254\"},\"order.index\":{\"index\":\"41\",\"detail\":\"42\",\"payment\":\"43\",\"distribution\":\"44\",\"refundment\":\"45\",\"complete\":\"46\",\"delete\":\"47\",\"express\":\"269\",\"store_order\":\"325\",\"export\":\"348\"},\"order.collection\":{\"index\":\"49\",\"detail\":\"50\"},\"order.delivery\":{\"index\":\"52\",\"detail\":\"53\"},\"order.refundment\":{\"index\":\"55\",\"detail\":\"56\"},\"order.setting\":{\"index\":\"248\"},\"order.rechange\":{\"index\":\"277\",\"delete\":\"278\"},\"card.order\":{\"index\":\"335\",\"detail\":\"336\",\"delete\":\"337\",\"express\":\"338\"},\"card.index\":{\"index\":\"340\",\"editor\":\"341\",\"create\":\"342\",\"get_card\":\"343\",\"card_delete\":\"344\",\"delete\":\"345\",\"field\":\"346\",\"export\":\"347\"},\"comment.index\":{\"index\":\"58\",\"detail\":\"59\",\"delete\":\"60\"},\"comment.consult\":{\"index\":\"62\",\"detail\":\"63\",\"delete\":\"64\"},\"users.index\":{\"index\":\"97\",\"editor\":\"98\",\"delete\":\"99\",\"log\":\"209\",\"finance\":\"210\",\"tags\":\"259\"},\"users.group\":{\"index\":\"101\",\"editor\":\"102\",\"delete\":\"103\"},\"users.finance\":{\"fund\":\"158\",\"point\":\"159\",\"exp\":\"160\",\"apply\":\"212\",\"index\":\"213\",\"handle\":\"214\",\"refund\":\"264\"},\"users.setting\":{\"index\":\"216\",\"spread\":\"350\",\"base\":\"261\",\"register\":\"262\",\"sign\":\"320\"},\"users.spread\":{\"index\":\"217\",\"log\":\"275\"},\"users.tags\":{\"index\":\"256\",\"editor\":\"257\",\"delete\":\"258\"},\"users.report\":{\"index\":\"352\",\"detail\":\"353\",\"delete\":\"354\"},\"users.suggest\":{\"index\":\"356\",\"detail\":\"357\",\"delete\":\"358\"},\"promotion.bonus\":{\"index\":\"163\",\"editor\":\"164\",\"delete\":\"165\",\"field\":\"166\"},\"promotion.index\":{\"index\":\"187\",\"editor\":\"188\",\"delete\":\"189\"},\"promotion.special\":{\"index\":\"191\",\"editor\":\"192\",\"delete\":\"193\"},\"promotion.regiment\":{\"index\":\"195\",\"delete\":\"197\",\"field\":\"198\"},\"promotion.second\":{\"index\":\"200\",\"delete\":\"202\",\"field\":\"203\"},\"promotion.point\":{\"index\":\"205\",\"delete\":\"207\",\"field\":\"208\"},\"statistics.sale\":{\"index\":\"169\",\"ranking\":\"170\",\"sale_list\":\"171\",\"sale_order\":\"172\"},\"statistics.data\":{\"order\":\"177\",\"register\":\"179\",\"sale\":\"180\",\"spanding\":\"181\"},\"statistics.search\":{\"index\":\"173\",\"ranking\":\"174\",\"detailed\":\"175\",\"search_goods_clear\":\"184\",\"detailed_clear\":\"185\"},\"system.setting\":{\"index\":\"122\",\"email\":\"123\",\"upload\":\"220\",\"delivery\":\"265\"},\"role.users\":{\"index\":\"148\",\"editor\":\"149\",\"delete\":\"150\",\"field\":\"151\"},\"role.purview\":{\"index\":\"153\",\"editor\":\"154\",\"delete\":\"155\",\"field\":\"161\"},\"log.index\":{\"login\":\"157\"},\"system.sms\":{\"setting\":\"222\",\"template\":\"223\",\"template_editor\":\"224\"},\"authorize.upgrade\":{\"index\":\"267\",\"system\":\"268\"},\"system.data\":{\"optimize\":\"271\",\"backups\":\"272\",\"import\":\"273\",\"delete\":\"274\"},\"system.task\":{\"index\":\"315\",\"editor\":\"316\",\"reset\":\"317\",\"delete\":\"318\",\"setting\":\"319\"},\"system.store\":{\"index\":\"322\",\"editor\":\"323\",\"delete\":\"324\"},\"system.oauth\":{\"index\":\"327\",\"editor\":\"328\",\"field\":\"329\"},\"system.payment\":{\"index\":\"331\",\"editor\":\"332\",\"field\":\"333\"},\"wechat.index\":{\"api\":\"280\",\"pay\":\"281\",\"menu\":\"294\"},\"wechat.fans\":{\"index\":\"283\",\"sync_fans\":\"284\",\"sync_black\":\"285\",\"sync_tags\":\"286\",\"add_black\":\"287\",\"remove_black\":\"288\",\"delete\":\"289\"},\"wechat.article\":{\"index\":\"291\",\"editor\":\"292\",\"delete\":\"293\"},\"wechat.reply\":{\"index\":\"296\",\"subscribe\":\"297\",\"defaults\":\"298\",\"field\":\"299\",\"editor\":\"300\",\"delete\":\"301\"},\"wechat.mini\":{\"pay\":\"303\",\"base\":\"304\"},\"wechat.qrcode\":{\"index\":\"306\",\"delete\":\"307\",\"remove\":\"308\"},\"wechat.subscribe\":{\"index\":\"311\",\"editor\":\"312\",\"delete\":\"313\"},\"platform.shop\":{\"index\":\"242\",\"manage\":\"243\",\"save\":\"244\",\"editor\":\"245\",\"delete\":\"246\",\"category\":\"359\",\"select\":\"360\"}}', 0, 0);

-- --------------------------------------------------------

--
-- 表的结构 `mall_system_menu`
--

CREATE TABLE `mall_system_menu` (
  `id` int(11) NOT NULL,
  `pid` int(11) NOT NULL DEFAULT 0 ,
  `name` varchar(255) NOT NULL DEFAULT '' ,
  `icon` varchar(128) NOT NULL DEFAULT '' ,
  `module` varchar(255) NOT NULL DEFAULT '' ,
  `controller` varchar(128) NOT NULL DEFAULT '' ,
  `method` varchar(255) NOT NULL DEFAULT '' ,
  `param` varchar(255) NOT NULL DEFAULT '' ,
  `active` text NOT NULL ,
  `menu_table` varchar(128) DEFAULT '',
  `status` tinyint(1) NOT NULL DEFAULT 0 ,
  `sort` int(11) NOT NULL DEFAULT 0 
) ENGINE=InnoDB DEFAULT CHARSET=utf8mb4;

--
-- 转存表中的数据 `mall_system_menu`
--

INSERT INTO `mall_system_menu` (`id`, `pid`, `name`, `icon`, `module`, `controller`, `method`, `param`, `active`, `menu_table`, `status`, `sort`) VALUES
(1, 0, '平台', '', 'admin', 'platform.index', 'index', '', '', NULL, 0, 0),
(2, 0, '商品', '', 'admin', 'products.index', 'index', '', '', NULL, 0, 5),
(3, 0, '订单', '', 'admin', 'order.index', 'index', '', '', NULL, 0, 10),
(4, 0, '会员', '', 'admin', 'users.index', 'index', '', '', NULL, 0, 15),
(5, 0, '营销', '', 'admin', 'promotion.index', 'index', '', '', NULL, 0, 20),
(6, 0, '统计', '', 'admin', 'statistics.sale', 'index', '', '', NULL, 0, 25),
(7, 0, '系统', '', 'admin', 'system.setting', 'index', '', '', NULL, 0, 30),
(8, 1, '控制面板', 'fa fa-dashboard', 'admin', '', '', '', '', NULL, 0, 0),
(9, 8, '站点首页', '', 'admin', 'platform.index', 'index', '', '', NULL, 0, 0),
(10, 8, '系统信息', '', 'admin', 'platform.index', 'info', '', '', NULL, 0, 5),
(11, 8, '清理缓存', '', 'admin', 'platform.index', 'cache', '', '', NULL, 0, 10),
(12, 1, '内容管理', 'fa fa-edit', 'admin', '', '', '', '', NULL, 0, 50),
(13, 12, '文章列表', '', 'admin', 'platform.archives', 'index', '', 'editor', NULL, 0, 0),
(14, 12, '分类列表', '', 'admin', 'platform.category', 'index', '', 'editor', NULL, 0, 5),
(15, 12, '单页列表', '', 'admin', 'platform.page', 'index', '', 'editor', NULL, 0, 10),
(16, 1, '运营管理', 'fa fa-modx', 'admin', '', '', '', '', NULL, 0, 60),
(17, 16, '导航列表', '', 'admin', 'platform.navigation', 'index', '', 'editor', NULL, 0, 0),
(18, 16, '数据列表', '', 'admin', 'platform.data', 'index', '', 'editor', NULL, 0, 5),
(19, 16, '广告列表', '', 'admin', 'platform.marketing', 'index', '', 'editor', NULL, 1, 10),
(20, 16, '友情链接', '', 'admin', 'platform.link', 'index', '', 'editor', NULL, 1, 15),
(21, 1, '版本管理', 'fa fa-star', 'admin', '', '', '', '', NULL, 0, 100),
(22, 21, '版本列表', '', 'admin', 'platform.version', 'index', '', 'editor', NULL, 0, 0),
(23, 16, '搜索词组', '', 'admin', 'platform.keywords', 'index', '', 'editor', NULL, 0, 20),
(24, 1, '媒体管理', 'fa fa-picture-o', 'admin', '', '', '', '', NULL, 0, 80),
(25, 24, '图片列表', '', 'admin', 'platform.images', 'index', '', 'editor', NULL, 0, 0),
(26, 24, '资源列表', '', 'admin', 'platform.media', 'index', '', 'editor', NULL, 0, 0),
(27, 4, '会员管理', 'fa fa-user', 'admin', '', '', '', '', '', 0, 0),
(28, 27, '会员列表', '', 'admin', 'users.index', 'index', '', 'editor,log,collect,address', '', 0, 0),
(29, 27, '等级列表', '', 'admin', 'users.group', 'index', '', 'editor', '', 0, 0),
(30, 4, '评论管理', 'fa fa-comment', 'admin', '', '', '', '', '', 0, 5),
(31, 30, '评价列表', '', 'admin', 'users.comment', 'index', '', 'detail', '', 0, 0),
(32, 30, '咨询列表', '', 'admin', 'users.consult', 'index', '', 'detail', '', 0, 0),
(33, 4, '财务管理', 'fa fa-modx', 'admin', '', '', '', '', '', 0, 15),
(34, 33, '提现申请', '', 'admin', 'users.finance', 'apply', '', '', '', 0, 0),
(35, 33, '资金日志', '', 'admin', 'users.finance', 'fund', '', '', '', 0, 10),
(36, 33, '积分日志', '', 'admin', 'users.finance', 'point', '', '', '', 0, 15),
(37, 33, '经验日志', '', 'admin', 'users.finance', 'exp', '', '', '', 0, 20),
(38, 2, '商品管理', 'fa fa-laptop', 'admin', '', '', '', '', '', 0, 0),
(39, 38, '商品列表', '', 'admin', 'products.index', 'index', '', 'editor,editor_group,editor_point,editor_regiment,editor_second', '', 0, 0),
(40, 38, '分类列表', '', 'admin', 'products.category', 'index', '', 'editor', '', 0, 0),
(41, 38, '品牌列表', '', 'admin', 'products.brand', 'index', '', 'editor', '', 0, 0),
(42, 38, '规格列表', '', 'admin', 'products.attribute', 'index', '', 'editor', '', 0, 0),
(43, 38, '模型列表', '', 'admin', 'products.model', 'index', '', 'editor', '', 0, 0),
(44, 2, '配送管理', 'fa fa-th-list', 'admin', '', '', '', '', '', 0, 10),
(45, 44, '配送列表', '', 'admin', 'products.distribution', 'index', '', 'editor', '', 0, 0),
(46, 44, '物流列表', '', 'admin', 'products.freight', 'index', '', 'editor', '', 0, 0),
(47, 44, '地区列表', '', 'admin', 'products.area', 'index', '', 'editor', '', 0, 0),
(48, 44, '发货列表', '', 'admin', 'products.deliver', 'index', '', 'editor', '', 0, 0),
(49, 3, '订单管理', 'fa fa-shopping-basket', 'admin', '', '', '', '', '', 0, 0),
(50, 49, '订单列表', '', 'admin', 'order.index', 'index', '', 'detail,payment,distribution,refundment,complete', '', 0, 0),
(51, 49, '收款列表', '', 'admin', 'order.collection', 'index', '', 'detail', '', 0, 0),
(52, 49, '发货列表', '', 'admin', 'order.delivery', 'index', '', 'detail', '', 0, 0),
(53, 49, '退款列表', '', 'admin', 'order.refundment', 'index', '', 'detail', '', 0, 0),
(54, 49, '售后管理', '', 'admin', '', '', '', '', '', 1, 0),
(55, 49, '售后列表', '', 'admin', '', '', '', '', '', 1, 0),
(56, 49, '售后列表', '', 'admin', '', '', '', '', '', 1, 0),
(57, 5, ' 营销管理', 'fa fa-sticky-note-o', 'admin', '', '', '', '', '', 0, 0),
(58, 57, '订单活动', '', 'admin', 'promotion.index', 'index', '', 'editor', '', 0, 0),
(63, 5, '优惠券管理', 'fa fa-line-chart', 'admin', '', '', '', '', '', 0, 1000),
(64, 63, '优惠券列表', '', 'admin', 'promotion.bonus', 'index', '', 'editor', '', 0, 0),
(65, 6, '搜索统计', 'fa fa-search', 'admin', '', '', '', '', '', 0, 10),
(66, 65, '搜索分析', '', 'admin', 'statistics.search', 'index', '', '', '', 0, 0),
(67, 65, '搜索排行', '', 'admin', 'statistics.search', 'ranking', '', '', '', 0, 0),
(68, 65, '搜索明细', '', 'admin', 'statistics.search', 'detailed', '', '', '', 0, 0),
(69, 7, '站点管理', 'fa fa-cog', 'admin', '', '', '', '', '', 0, 0),
(70, 69, '站点设置', '', 'admin', 'system.setting', 'index', '', '', '', 0, 0),
(71, 69, '邮箱设置', '', 'admin', 'system.setting', 'email', '', '', '', 0, 10),
(73, 69, '上传设置', '', 'admin', 'system.setting', 'upload', '', '', '', 0, 100),
(74, 7, '角色管理', 'fa fa-user-circle-o', 'admin', '', '', '', '', '', 0, 10),
(75, 74, '用户管理', '', 'admin', 'system.users', 'index', '', 'editor', '', 0, 0),
(76, 74, '权限管理', '', 'admin', 'system.purview', 'index', '', 'editor', '', 0, 0),
(77, 7, '系统日志', 'fa fa-book', 'admin', '', '', '', '', '', 0, 15),
(78, 77, '登录日志', '', 'admin', 'system.log', 'index', '', '', '', 0, 0),
(79, 1, '微信管理', 'fa fa-weixin', 'admin', '', '', '', '', '', 0, 20),
(80, 79, '公众号', '', 'admin', 'wechat.index', 'api', '', 'pay,fans,article,menu,reply,subscribe,defaults,article_editor,article', '', 0, 0),
(81, 79, '小程序', '', 'admin', 'wechat.mini', 'pay', '', 'pay', '', 0, 2),
(82, 7, '短信管理', 'fa fa-comments', 'admin', '', '', '', '', '', 0, 5),
(83, 82, '短信设置', '', 'admin', 'system.sms', 'setting', '', '', '', 0, 0),
(84, 82, '短信模板', '', 'admin', 'system.sms', 'template', '', 'template_editor', '', 0, 0),
(85, 80, '接口设置', '', 'admin', 'wechat.index', 'api', '', '', '', 0, 0),
(86, 80, '支付设置', '', 'admin', 'wechat.index', 'pay', '', '', '', 0, 0),
(87, 80, '粉丝管理', '', 'admin', 'wechat.fans', 'index', '', '', '', 0, 0),
(88, 80, '图文管理', '', 'admin', 'wechat.article', 'index', '', 'editor', '', 0, 0),
(89, 80, '菜单管理', '', 'admin', 'wechat.index', 'menu', '', '', '', 0, 0),
(90, 80, '回复管理', '', 'admin', 'wechat.reply', 'index', '', 'editor', '', 0, 0),
(91, 80, '关注回复', '', 'admin', 'wechat.reply', 'subscribe', '', '', '', 0, 0),
(92, 80, '默认回复', '', 'admin', 'wechat.reply', 'defaults', '', '', '', 0, 0),
(93, 81, '支付设置', '', 'admin', 'wechat.mini', 'pay', '', '', '', 0, 0),
(97, 33, '佣金日志', '', 'admin', 'users.finance', 'index', '', '', '', 0, 5),
(101, 6, '销售排行', 'fa fa-diamond', 'admin', '', '', '', '', '', 0, 0),
(102, 101, '销售统计', '', 'admin', 'statistics.sale', 'index', '', '', '', 0, 0),
(103, 101, '购买排行', '', 'admin', 'statistics.sale', 'ranking', '', '', '', 0, 0),
(104, 101, '销售明细', '', 'admin', 'statistics.sale', 'sale_list', '', '', '', 0, 0),
(105, 101, '商品排行', '', 'admin', 'statistics.sale', 'sale_order', '', '', '', 0, 0),
(106, 6, ' 数据统计', 'fa fa-pie-chart', 'admin', '', '', '', '', '', 0, 5),
(107, 106, '订单统计', '', 'admin', 'statistics.data', 'order', '', '', '', 0, 0),
(109, 106, '注册统计', '', 'admin', 'statistics.data', 'register', '', '', '', 0, 0),
(110, 106, '销售统计', '', 'admin', 'statistics.data', 'sale', '', '', '', 0, 0),
(111, 106, '消费统计', '', 'admin', 'statistics.data', 'spanding', '', '', '', 0, 0),
(118, 3, '订单设置', 'fa fa-cog', 'admin', '', '', '', '', '', 0, 15),
(119, 118, '基本设置', '', 'admin', 'order.setting', 'index', '', '', '', 0, 0),
(120, 27, '会员标签', '', 'admin', 'users.tags', 'index', '', 'editor', '', 0, 0),
(121, 4, '会员设置', 'fa fa-cogs', 'admin', '', '', '', '', '', 0, 99),
(122, 121, '基础设置', '', 'admin', 'users.setting', 'base', '', '', '', 0, 0),
(123, 121, '注册协议', '', 'admin', 'users.setting', 'register', '', '', '', 0, 0),
(125, 33, '退款日志', '', 'admin', 'users.finance', 'refund', '', '', '', 0, 11),
(130, 69, '物流设置', '', 'admin', 'system.setting', 'delivery', '', '', '', 0, 30),
(138, 81, '基本设置', '', 'admin', 'wechat.mini', 'base', '', '', '', 0, 0),
(139, 81, '小程序码', '', 'admin', 'wechat.qrcode', 'index', '', '', '', 0, 0),
(140, 81, '订阅消息', '', 'admin', 'wechat.subscribe', 'index', '', 'editor', '', 0, 0),
(145, 22, 'Android版本', '', 'admin', 'platform.version', 'index', 'type=1', 'editor', '', 0, 0),
(146, 22, 'IOS版本', '', 'admin', 'platform.version', 'index', 'type=2', 'editor', '', 0, 0),
(147, 22, '二维码展示', '', 'admin', 'platform.version', 'index', 'type=3', 'editor', '', 0, 0),
(148, 7, '开放平台', 'fa fa-cogs', 'admin', '', '', '', '', '', 0, 0),
(149, 148, '快捷登录', '', 'admin', 'system.oauth', 'index', '', 'editor', '', 0, 0),
(150, 148, '支付管理', '', 'admin', 'system.payment', 'index', '', 'editor', '', 0, 0),
(154, 94, '推广设置', '', 'admin', 'users.setting', 'spread', '', '', '', 0, 0),
(155, 116, '装修店铺', '', 'admin', 'platform.shop', 'select', '', 'index,manage', '', 0, 0),
(156, 30, '举报管理', '', 'admin', 'users.report', 'index', '', 'detail', '', 0, 0),
(157, 30, '建议管理', '', 'admin', 'users.suggest', 'index', '', 'detail', '', 0, 0),
(158, 136, '充值设置', '', 'admin', 'order.rechange', 'setting', '', '', '', 0, 0),
(159, 69, '联系方式', '', 'admin', 'system.setting', 'address', '', '', '', 0, 100);

-- --------------------------------------------------------

--
-- 表的结构 `mall_system_purview`
--

CREATE TABLE `mall_system_purview` (
  `id` int(11) NOT NULL,
  `pid` int(11) NOT NULL DEFAULT 0 ,
  `name` varchar(128) NOT NULL DEFAULT '' ,
  `module` varchar(255) NOT NULL DEFAULT '' ,
  `controller` varchar(255) NOT NULL ,
  `method` varchar(255) NOT NULL ,
  `param` varchar(255) NOT NULL DEFAULT '' ,
  `status` tinyint(1) NOT NULL DEFAULT 0 
) ENGINE=InnoDB DEFAULT CHARSET=utf8mb4;

--
-- 转存表中的数据 `mall_system_purview`
--

INSERT INTO `mall_system_purview` (`id`, `pid`, `name`, `module`, `controller`, `method`, `param`, `status`) VALUES
(1, 0, '平台', '', '', '', '', 0),
(2, 0, '商品', '', '', '', '', 0),
(3, 0, '订单', '', '', '', '', 0),
(4, 0, '会员', '', '', '', '', 0),
(5, 0, '营销', '', '', '', '', 0),
(6, 0, '统计', '', '', '', '', 0),
(7, 0, '系统', '', '', '', '', 0),
(8, 0, '微信公众号', '', '', '', '', 0),
(9, 0, '微信小程序', '', '', '', '', 0),
(13, 1, '控制面板', 'admin', '', '', '', 0),
(14, 13, '站点首页', 'admin', 'platform.index', 'index', '', 0),
(15, 13, '系统信息', 'admin', 'platform.index', 'info', '', 0),
(16, 13, '清理缓存', 'admin', 'platform.index', 'cache', '', 0),
(17, 2, '商品管理', 'admin', '', '', '', 0),
(18, 17, '列表', 'admin', 'products.index', 'index', '', 0),
(19, 17, '编辑商品', 'admin', 'products.index', 'editor', '', 0),
(20, 17, '删除', 'admin', 'products.index', 'delete', '', 0),
(21, 17, '字段编辑', 'admin', 'products.index', 'field', '', 0),
(22, 2, '商品分类', 'admin', '', '', '', 0),
(23, 22, '列表', 'admin', 'products.category', 'index', '', 0),
(24, 22, '编辑', 'admin', 'products.category', 'editor', '', 0),
(25, 22, '删除', 'admin', 'products.category', 'delete', '', 0),
(26, 22, '字段编辑', 'admin', 'products.category', 'field', '', 0),
(27, 2, ' 品牌管理', 'admin', '', '', '', 0),
(28, 27, '列表', 'admin', 'products.brand', 'index', '', 0),
(29, 27, '编辑', 'admin', 'products.brand', 'editor', '', 0),
(30, 27, '删除', 'admin', 'products.brand', 'delete', '', 0),
(31, 27, '字段编辑', 'admin', 'products.brand', 'field', '', 0),
(32, 2, ' 规格管理', 'admin', '', '', '', 0),
(33, 32, '列表', 'admin', 'products.attribute', 'index', '', 0),
(34, 32, '编辑', 'admin', 'products.attribute', 'editor', '', 0),
(35, 32, '删除', 'admin', 'products.attribute', 'delete', '', 0),
(36, 2, ' 模型管理', 'admin', '', '', '', 0),
(37, 36, '列表', 'admin', 'products.model', 'index', '', 0),
(38, 36, '编辑', 'admin', 'products.model', 'editor', '', 0),
(39, 36, '删除', 'admin', 'products.model', 'delete', '', 0),
(40, 3, ' 订单管理', 'admin', '', '', '', 0),
(41, 40, '列表', 'admin', 'order.index', 'index', '', 0),
(42, 40, '详情', 'admin', 'order.index', 'detail', '', 0),
(43, 40, '支付', 'admin', 'order.index', 'payment', '', 0),
(44, 40, '发货', 'admin', 'order.index', 'distribution', '', 0),
(45, 40, '退款', 'admin', 'order.index', 'refundment', '', 0),
(46, 40, '完成', 'admin', 'order.index', 'complete', '', 0),
(47, 40, '删除', 'admin', 'order.index', 'delete', '', 0),
(48, 3, '收款管理', 'admin', '', '', '', 0),
(49, 48, '列表', 'admin', 'order.collection', 'index', '', 0),
(50, 48, '详情', 'admin', 'order.collection', 'detail', '', 0),
(51, 3, '发货管理', 'admin', '', '', '', 0),
(52, 51, '列表', 'admin', 'order.delivery', 'index', '', 0),
(53, 51, '详情', 'admin', 'order.delivery', 'detail', '', 0),
(54, 3, '退款管理', 'admin', '', '', '', 0),
(55, 54, '列表', 'admin', 'order.refundment', 'index', '', 0),
(56, 54, '详情', '', 'order.refundment', 'detail', '', 0),
(57, 4, '评价管理', 'admin', '', '', '', 0),
(58, 57, '列表', 'admin', 'comment.index', 'index', '', 0),
(59, 57, '详情', 'admin', 'comment.index', 'detail', '', 0),
(60, 57, '删除', 'admin', 'comment.index', 'delete', '', 0),
(61, 4, '咨询管理', 'admin', '', '', '', 0),
(62, 61, '列表', 'admin', 'comment.consult', 'index', '', 0),
(63, 61, '详情', 'admin', 'comment.consult', 'detail', '', 0),
(64, 61, '删除', 'admin', 'comment.consult', 'delete', '', 0),
(81, 1, '文章管理', 'admin', '', '', '', 0),
(82, 81, '列表', 'admin', 'platform.archives', 'index', '', 0),
(83, 81, '编辑', 'admin', 'platform.archives', 'editor', '', 0),
(84, 81, '删除', 'admin', 'platform.archives', 'delete', '', 0),
(85, 81, '字段编辑', 'admin', 'platform.archives', 'field', '', 0),
(86, 1, '文章分类', 'admin', '', '', '', 0),
(87, 86, '列表', 'admin', 'platform.category', 'index', '', 0),
(88, 86, '编辑', 'admin', 'platform.category', 'editor', '', 0),
(89, 86, '删除', 'admin', 'platform.category', 'delete', '', 0),
(90, 86, '字段编辑', 'admin', 'platform.category', 'field', '', 0),
(91, 1, '单页管理', 'admin', '', '', '', 0),
(92, 91, '列表', 'admin', 'platform.page', 'index', '', 0),
(93, 91, '编辑', 'admin', 'platform.page', 'editor', '', 0),
(94, 91, '删除', 'admin', 'platform.page', 'delete', '', 0),
(95, 91, '字段编辑', 'admin', 'platform.page', 'field', '', 0),
(96, 4, '会员管理', 'admin', '', '', '', 0),
(97, 96, '列表', 'admin', 'users.index', 'index', '', 0),
(98, 96, '编辑', 'admin', 'users.index', 'editor', '', 0),
(99, 96, '删除', 'admin', 'users.index', 'delete', '', 0),
(100, 4, '会员分组', 'admin', '', '', '', 0),
(101, 100, '列表', 'admin', 'users.group', 'index', '', 0),
(102, 100, '编辑', 'admin', 'users.group', 'editor', '', 0),
(103, 100, '删除', 'admin', 'users.group', 'delete', '', 0),
(104, 1, '导航管理', 'admin', '', '', '', 0),
(105, 104, '列表', 'admin', 'operate.navigation', 'index', '', 0),
(106, 104, '编辑', 'admin', 'operate.navigation', 'editor', '', 0),
(107, 104, '删除', 'admin', 'operate.navigation', 'delete', '', 0),
(108, 92, '字段编辑', 'admin', 'operate.navigation', 'field', '', 0),
(113, 1, '数据管理', 'admin', '', '', '', 0),
(114, 113, '列表', 'admin', 'platform.data', 'index', '', 0),
(115, 113, '编辑', 'admin', 'platform.data', 'editor', '', 0),
(116, 113, '删除', 'admin', 'platform.data', 'delete', '', 0),
(117, 1, '词组管理', 'admin', '', '', '', 0),
(118, 117, '列表', 'admin', 'platform.keywords', 'index', '', 0),
(119, 117, '编辑', 'admin', 'platform.keywords', 'editor', '', 0),
(120, 117, '删除', 'admin', 'platform.keywords', 'delete', '', 0),
(121, 7, '站点管理', 'admin', '', '', '', 0),
(122, 121, '站点设置', 'admin', 'system.setting', 'index', '', 0),
(123, 121, '邮箱设置', 'admin', 'system.setting', 'email', '', 0),
(124, 2, '配送管理', 'admin', '', '', '', 0),
(125, 124, '列表', 'admin', 'products.distribution', 'index', '', 0),
(126, 124, '编辑', 'admin', 'products.distribution', 'editor', '', 0),
(127, 124, '删除', 'admin', 'products.distribution', 'delete', '', 0),
(128, 124, '字段编辑', 'admin', 'products.distribution', 'field', '', 0),
(129, 2, '物流管理', 'admin', '', '', '', 0),
(130, 129, '列表', 'admin', 'products.freight', 'index', '', 0),
(131, 129, '编辑', 'admin', 'products.freight', 'editor', '', 0),
(132, 129, '删除', 'admin', 'products.freight', 'delete', '', 0),
(133, 129, '字段编辑', 'admin', 'products.freight', 'field', '', 0),
(134, 2, '地区管理', 'admin', '', '', '', 0),
(135, 134, '列表', 'admin', 'products.area', 'index', '', 0),
(136, 134, '编辑', 'admin', 'products.area', 'editor', '', 0),
(137, 134, '删除', 'admin', 'products.area', 'delete', '', 0),
(138, 134, '字段编辑', 'admin', 'products.area', 'field', '', 0),
(139, 2, '发货管理', 'admin', '', '', '', 0),
(140, 139, '列表', 'admin', 'products.deliver', 'index', '', 0),
(141, 139, '编辑', 'admin', 'products.deliver', 'editor', '', 0),
(142, 139, '删除', 'admin', 'products.deliver', 'delete', '', 0),
(147, 7, '用户管理', 'admin', '', '', '', 0),
(148, 147, '列表', 'admin', 'role.users', 'index', '', 0),
(149, 147, '编辑', 'admin', 'role.users', 'editor', '', 0),
(150, 147, '删除', 'admin', 'role.users', 'delete', '', 0),
(151, 147, '字段编辑', 'admin', 'role.users', 'field', '', 0),
(152, 7, '权限管理', 'admin', '', '', '', 0),
(153, 152, '列表', 'admin', 'role.purview', 'index', '', 0),
(154, 152, '编辑', 'admin', 'role.purview', 'editor', '', 0),
(155, 152, '删除', 'admin', 'role.purview', 'delete', '', 0),
(156, 7, '系统日志', 'admin', '', '', '', 0),
(157, 156, '登录日志', 'admin', 'log.index', 'login', '', 0),
(158, 211, '资金日志', 'admin', 'users.finance', 'fund', '', 0),
(159, 211, '积分日志', 'admin', 'users.finance', 'point', '', 0),
(160, 211, '经验日志', 'admin', 'users.finance', 'exp', '', 0),
(161, 152, '字段编辑', 'admin', 'role.purview', 'field', '', 0),
(162, 5, '优惠劵管理', 'admin', '', '', '', 0),
(163, 162, '列表', 'admin', 'promotion.bonus', 'index', '', 0),
(164, 162, '编辑', 'admin', 'promotion.bonus', 'editor', '', 0),
(165, 162, '删除', 'admin', 'promotion.bonus', 'delete', '', 0),
(166, 162, '字段编辑', 'admin', 'promotion.bonus', 'field', '', 0),
(168, 6, '销售排行', 'admin', '', '', '', 0),
(169, 168, '销售统计', 'admin', 'statistics.sale', 'index', '', 0),
(170, 168, '购买排行', 'admin', 'statistics.sale', 'ranking', '', 0),
(171, 168, '销售明细', 'admin', 'statistics.sale', 'sale_list', '', 0),
(172, 168, '销售排行', 'admin', 'statistics.sale', 'sale_order', '', 0),
(173, 218, '搜索分析', 'admin', 'statistics.search', 'index', '', 0),
(174, 218, '搜索排行', 'admin', 'statistics.search', 'ranking', '', 0),
(175, 218, '搜索明细', 'admin', 'statistics.search', 'detailed', '', 0),
(176, 6, '数据统计', 'admin', '', '', '', 0),
(177, 176, '订单统计', 'admin', 'statistics.data', 'order', '', 0),
(179, 176, '注册统计', 'admin', 'statistics.data', 'register', '', 0),
(180, 176, '销售统计', 'admin', 'statistics.data', 'sale', '', 0),
(181, 176, '消费统计', 'admin', 'statistics.data', 'spanding', '', 0),
(184, 218, '清空搜索排行', 'admin', 'statistics.search', 'search_goods_clear', '', 0),
(185, 218, '清空搜索明细', 'admin', 'statistics.search', 'detailed_clear', '', 0),
(186, 5, '订单活动', 'admin', '', '', '', 0),
(187, 186, '列表', 'admin', 'promotion.index', 'index', '', 0),
(188, 186, '编辑', 'admin', 'promotion.index', 'editor', '', 0),
(189, 186, '删除', 'admin', 'promotion.index', 'delete', '', 0),
(209, 96, '会员日志', 'admin', 'users.index', 'log', '', 0),
(210, 96, '会员财务', 'admin', 'users.index', 'finance', '', 0),
(211, 4, '财务管理', 'admin', '', '', '', 0),
(212, 211, '提现申请', 'admin', 'users.finance', 'apply', '', 0),
(213, 211, '佣金日志', 'admin', 'users.finance', 'index', '', 0),
(214, 211, '处理提现申请', 'admin', 'users.finance', 'handle', '', 0),
(218, 6, ' 搜索统计', '', '', '', '', 0),
(220, 121, '上传设置', 'admin', 'system.setting', 'upload', '', 0),
(221, 7, ' 短信管理', '', '', '', '', 0),
(222, 221, '短信设置', 'admin', 'system.sms', 'setting', '', 0),
(223, 221, '短信模板', 'admin', 'system.sms', 'template', '', 0),
(224, 221, '编辑模板', 'admin', 'system.sms', 'template_editor', '', 0),
(225, 1, '图片管理', 'admin', '', '', '', 0),
(226, 225, '列表', 'admin', 'platform.images', 'index', '', 0),
(227, 225, '删除', 'admin', 'platform.images', 'delete', '', 0),
(228, 225, '字段编辑', 'admin', 'platform.images', 'field', '', 0),
(229, 1, '资源管理', 'admin', '', '', '', 0),
(230, 229, '列表', 'admin', 'platform.media', 'index', '', 0),
(231, 229, '删除', 'admin', 'platform.media', 'delete', '', 0),
(232, 229, '字段编辑', 'admin', 'platform.media', 'field', '', 0),
(233, 1, '版本管理', 'admin', '', '', '', 0),
(234, 233, '列表', 'admin', 'platform.version', 'index', '', 0),
(235, 233, '编辑', 'admin', 'platform.version', 'editor', '', 0),
(236, 233, '删除', 'admin', 'platform.version', 'delete', '', 0),
(247, 3, '订单设置', 'admin', '', '', '', 0),
(248, 247, '基本设置', 'admin', 'order.setting', 'index', '', 0),
(255, 4, '会员标签', 'admin', '', '', '', 0),
(256, 255, '列表', 'admin', 'users.tags', 'index', '', 0),
(257, 255, '编辑', 'admin', 'users.tags', 'editor', '', 0),
(258, 255, '删除', 'admin', 'users.tags', 'delete', '', 0),
(259, 96, '会员标签', 'admin', 'users.index', 'tags', '', 0),
(260, 4, '会员设置', 'admin', '', '', '', 0),
(261, 260, '基础设置', 'admin', 'users.setting', 'base', '', 0),
(262, 260, '注册协议', 'admin', 'users.setting', 'register', '', 0),
(264, 211, '退款日志', 'admin', 'users.finance', 'refund', '', 0),
(265, 121, '物流设置', 'admin', 'system.setting', 'delivery', '', 0),
(266, 7, '授权管理', 'admin', '', '', '', 0),
(267, 266, '系统授权', 'admin', 'authorize.upgrade', 'index', '', 0),
(268, 266, '系统升级', 'admin', 'authorize.upgrade', 'system', '', 0),
(269, 40, '物流', 'admin', 'order.index', 'express', '', 0),
(270, 7, '数据管理', 'admin', '', '', '', 0),
(271, 270, '数据优化', 'admin', 'system.data', 'optimize', '', 0),
(272, 270, '数据备份', 'admin', 'system.data', 'backups', '', 0),
(273, 270, '导入数据', 'admin', 'system.data', 'import', '', 0),
(274, 270, '删除备份', 'admin', 'system.data', 'delete', '', 0),
(275, 215, '佣金明细', 'admin', 'users.spread', 'log', '', 0),
(279, 8, '公众号设置', 'admin', '', '', '', 0),
(280, 279, '接口设置', 'admin', 'wechat.index', 'api', '', 0),
(281, 279, '支付设置', 'admin', 'wechat.index', 'pay', '', 0),
(282, 8, '粉丝管理', '', '', '', '', 0),
(283, 282, '列表', 'admin', 'wechat.fans', 'index', '', 0),
(284, 282, '同步粉丝', 'admin', 'wechat.fans', 'sync_fans', '', 0),
(285, 282, '同步黑名单', 'admin', 'wechat.fans', 'sync_black', '', 0),
(286, 282, '同步标签', 'admin', 'wechat.fans', 'sync_tags', '', 0),
(287, 282, '加入黑名单', 'admin', 'wechat.fans', 'add_black', '', 0),
(288, 282, '移出黑名单', 'admin', 'wechat.fans', 'remove_black', '', 0),
(289, 282, '删除', 'admin', 'wechat.fans', 'delete', '', 0),
(290, 8, '图文管理', 'admin', '', '', '', 0),
(291, 290, '列表', 'admin', 'wechat.article', 'index', '', 0),
(292, 290, '编辑', 'admin', 'wechat.article', 'editor', '', 0),
(293, 290, '删除', 'admin', 'wechat.article', 'delete', '', 0),
(294, 279, '菜单管理', 'admin', 'wechat.index', 'menu', '', 0),
(295, 8, '回复管理', 'admin', '', '', '', 0),
(296, 295, '自动回复', 'admin', 'wechat.reply', 'index', '', 0),
(297, 295, '关注回复', 'admin', 'wechat.reply', 'subscribe', '', 0),
(298, 295, '默认回复', 'admin', 'wechat.reply', 'defaults', '', 0),
(299, 295, '编辑字段', 'admin', 'wechat.reply', 'field', '', 0),
(300, 295, '编辑', 'admin', 'wechat.reply', 'editor', '', 0),
(301, 295, '删除', 'admin', 'wechat.reply', 'delete', '', 0),
(302, 9, '小程序设置', 'admin', '', '', '', 0),
(303, 302, '支付设置', 'admin', 'wechat.mini', 'pay', '', 0),
(304, 302, '基本设置', 'admin', 'wechat.mini', 'base', '', 0),
(305, 9, '小程序码', 'admin', '', '', '', 0),
(306, 305, '列表', 'admin', 'wechat.qrcode', 'index', '', 0),
(307, 305, '删除', 'admin', 'wechat.qrcode', 'delete', '', 0),
(308, 305, '清空', 'admin', 'wechat.qrcode', 'remove', '', 0),
(310, 9, '订阅消息', 'admin', '', '', '', 0),
(311, 310, '列表', 'admin', 'wechat.subscribe', 'index', '', 0),
(312, 310, '编辑', 'admin', 'wechat.subscribe', 'editor', '', 0),
(313, 310, '删除', 'admin', 'wechat.subscribe', 'delete', '', 0),
(314, 7, '系统任务', 'admin', '', '', '', 0),
(315, 314, '列表', 'admin', 'system.task', 'index', '', 0),
(316, 314, '编辑', 'admin', 'system.task', 'editor', '', 0),
(317, 314, '重置', 'admin', 'system.task', 'reset', '', 0),
(318, 314, '删除', 'admin', 'system.task', 'delete', '', 0),
(319, 314, '设置', 'admin', 'system.task', 'setting', '', 0),
(320, 260, '签到设置', 'admin', 'users.setting', 'sign', '', 0),
(321, 7, '门店管理', 'admin', '', '', '', 0),
(322, 321, '列表', 'admin', 'system.store', 'index', '', 0),
(323, 321, '编辑', 'admin', 'system.store', 'editor', '', 0),
(324, 321, '删除', 'admin', 'system.store', 'delete', '', 0),
(326, 7, ' 快捷登录', 'admin', '', '', '', 0),
(327, 326, '列表', 'admin', 'system.oauth', 'index', '', 0),
(328, 326, '编辑', 'admin', 'system.oauth', 'editor', '', 0),
(329, 326, '编辑字段', 'admin', 'system.oauth', 'field', '', 0),
(330, 7, '支付管理', 'admin', '', '', '', 0),
(331, 330, '列表', 'admin', 'system.payment', 'index', '', 0),
(332, 330, '编辑', 'admin', 'system.payment', 'editor', '', 0),
(333, 330, '编辑字段', 'admin', 'system.payment', 'field', '', 0),
(351, 4, '举报管理', 'admin', '', '', '', 0),
(352, 351, '列表', 'admin', 'users.report', 'index', '', 0),
(353, 351, '详情', 'admin', 'users.report', 'detail', '', 0),
(354, 351, '删除', 'admin', 'users.report', 'delete', '', 0),
(355, 4, '建议管理', 'admin', '', '', '', 0),
(356, 355, '列表', 'admin', 'users.suggest', 'index', '', 0),
(357, 355, '详情', 'admin', 'users.suggest', 'detail', '', 0),
(358, 355, '删除', 'admin', 'users.suggest', 'delete', '', 0),
(361, 96, '会员地址', 'admin', 'users.index', 'address', '', 0),
(362, 96, '会员收藏', 'admin', 'users.index', 'collect', '', 0),
(363, 276, '设置', 'admin', 'order.rechange', 'setting', '', 0),
(364, 121, '联系方式', 'admin', 'system.setting', 'address', '', 0);

-- --------------------------------------------------------

--
-- 表的结构 `mall_system_queue`
--

CREATE TABLE `mall_system_queue` (
  `id` bigint(20) NOT NULL,
  `type` tinyint(1) DEFAULT 1 ,
  `value` int(11) NOT NULL DEFAULT 0 ,
  `title` varchar(50) NOT NULL DEFAULT '' ,
  `command` varchar(500) DEFAULT '' ,
  `exec_data` text DEFAULT NULL ,
  `exec_type` tinyint(1) NOT NULL DEFAULT 0 ,
  `exec_time` bigint(20) DEFAULT 0 ,
  `exec_desc` varchar(500) DEFAULT '' ,
  `start_time` decimal(20,4) DEFAULT 0.0000 ,
  `end_time` decimal(20,4) DEFAULT 0.0000 ,
  `count` int(11) DEFAULT 0 ,
  `status` tinyint(1) DEFAULT 1 ,
  `create_time` int(10) NOT NULL DEFAULT 0
) ENGINE=InnoDB DEFAULT CHARSET=utf8mb4 ;

--
-- 转存表中的数据 `mall_system_queue`
--

INSERT INTO `mall_system_queue` (`id`, `type`, `value`, `title`, `command`, `exec_data`, `exec_type`, `exec_time`, `exec_desc`, `start_time`, `end_time`, `count`, `status`, `create_time`) VALUES
(1, 1, 1, '自动取消超时未付款订单', 'Order::cancle', '', 1, 1619411627, '执行完成,处理订单数:0 条', '1619407968.9060', '1619407969.0546', 6, 1, 1604838764),
(2, 2, 1, '订单自动超时自动收货', 'Order::sign', '', 1, 1619410699, '执行完成,处理订单数:0 条', '1619410580.3842', '1619410580.3918', 42, 1, 1619405234),
(3, 0, 1, '未评价订单自动完成', 'Order::complete', '', 1, 1619487084, '执行完成,处理订单数:0 条', '1619400625.3130', '1619400625.7156', 3, 1, 1604838757),
(4, 0, 1, '自动清理购物车', 'Cart::clear', '', 1, 1619487084, '执行完成,清理购物车数据:0 条', '1619400626.0675', '1619400626.9343', 2, 1, 1604838796),
(5, 2, 1, '自动清理临时分享图片', 'Share::clear', '', 0, 1619400746, '执行完成,清理临时分享图片:14 条', '1619400627.2180', '1619400628.0947', 1, 3, 1609739758);

-- --------------------------------------------------------

--
-- 表的结构 `mall_system_users`
--

CREATE TABLE `mall_system_users` (
  `id` smallint(8) NOT NULL,
  `role_id` smallint(8) NOT NULL DEFAULT 0 ,
  `avatar` varchar(128) NOT NULL DEFAULT '' ,
  `username` varchar(255) NOT NULL DEFAULT '' ,
  `password` varchar(64) NOT NULL ,
  `salt` char(6) NOT NULL DEFAULT '',
  `email` varchar(64) NOT NULL DEFAULT '' ,
  `ip` varchar(32) NOT NULL DEFAULT '0' ,
  `status` tinyint(1) NOT NULL DEFAULT 1 ,
  `lock` tinyint(1) NOT NULL DEFAULT 0 ,
  `count` bigint(20) NOT NULL DEFAULT 0 ,
  `time` int(10) NOT NULL DEFAULT 0
) ENGINE=InnoDB DEFAULT CHARSET=utf8mb4;

--
-- 转存表中的数据 `mall_system_users`
--

INSERT INTO `mall_system_users` (`id`, `role_id`, `avatar`, `username`, `password`, `salt`, `email`, `ip`, `status`, `lock`, `count`, `time`) VALUES
(1, 1, '', 'admin', '7fef6171469e80d32c0559f88b377245', '', 'admin@qq.com', '127.0.0.1', 0, 1, 1288, 1629256229),
(2, 3, '', 'demo', '7fef6171469e80d32c0559f88b377245', '', 'demo@qq.com', '127.0.0.1', 0, 0, 6, 1615450000);

-- --------------------------------------------------------

--
-- 表的结构 `mall_system_users_log`
--

CREATE TABLE `mall_system_users_log` (
  `id` bigint(20) NOT NULL,
  `user_id` bigint(20) NOT NULL DEFAULT 0 ,
  `type` tinyint(1) NOT NULL DEFAULT 0,
  `intro` text NOT NULL ,
  `ip` varchar(30) NOT NULL DEFAULT '' ,
  `time` int(10) NOT NULL DEFAULT 0 
) ENGINE=InnoDB DEFAULT CHARSET=utf8mb4;

--
-- 转存表中的数据 `mall_system_users_log`
--

INSERT INTO `mall_system_users_log` (`id`, `user_id`, `type`, `intro`, `ip`, `time`) VALUES
(1, 1, 0, '状态：用户 [ admin ] 登录成功 时间：2021-06-20 07:53:05 登录地点：113.103.115.43', '113.103.115.43', 1624146785),
(2, 1, 0, '状态：用户 [ admin ] 登录成功 时间：2021-06-20 09:19:50 登录地点：113.103.115.43', '113.103.115.43', 1624151990),
(3, 1, 0, '状态：用户 [ admin ] 登录成功 时间：2021-06-20 09:41:10 登录地点：113.103.115.43', '113.103.115.43', 1624153270),
(4, 1, 0, '状态：用户 [ admin ] 登录成功 时间：2021-06-20 14:34:31 登录地点：113.103.115.43', '113.103.115.43', 1624170871),
(5, 1, 0, '状态：用户 [ admin ] 登录成功 时间：2021-06-20 14:44:18 登录地点：113.103.115.43', '113.103.115.43', 1624171458),
(6, 1, 0, '状态：用户 [ admin ] 登录成功 时间：2021-06-20 15:04:19 登录地点：113.103.115.43', '113.103.115.43', 1624172659),
(7, 1, 0, '状态：用户 [ admin ] 登录成功 时间：2021-06-21 09:38:06 登录地点：113.103.115.43', '113.103.115.43', 1624239486),
(8, 1, 0, '状态：用户 [ admin ] 登录成功 时间：2021-06-21 10:19:47 登录地点：113.103.115.43', '113.103.115.43', 1624241987),
(9, 1, 0, '状态：用户 [ admin ] 登录成功 时间：2021-06-21 10:24:35 登录地点：113.103.115.43', '113.103.115.43', 1624242275),
(10, 1, 0, '状态：用户 [ admin ] 登录成功 时间：2021-06-21 16:30:00 登录地点：113.103.115.43', '113.103.115.43', 1624264200),
(11, 1, 0, '状态：用户 [ admin ] 登录成功 时间：2021-06-21 20:09:46 登录地点：113.103.114.170', '113.103.114.170', 1624277386),
(12, 1, 0, '状态：用户 [ admin ] 登录成功 时间：2021-06-22 09:59:41 登录地点：113.103.114.170', '113.103.114.170', 1624327181),
(13, 1, 0, '状态：用户 [ admin ] 登录成功 时间：2021-06-27 11:14:50 登录地点：113.101.44.145', '113.101.44.145', 1624763690),
(14, 1, 0, '状态：用户 [ admin ] 登录成功 时间：2021-06-27 14:13:46 登录地点：113.103.114.171', '113.103.114.171', 1624774426),
(15, 1, 0, '状态：用户 [ admin ] 登录成功 时间：2021-06-28 11:16:20 登录地点：113.103.112.12', '113.103.112.12', 1624850180),
(16, 1, 0, '状态：用户 [ admin ] 登录成功 时间：2021-06-28 16:08:00 登录地点：113.103.113.191', '113.103.113.191', 1624867680),
(17, 1, 0, '状态：用户 [ admin ] 登录成功 时间：2021-06-29 08:42:10 登录地点：113.103.113.191', '113.103.113.191', 1624927330),
(18, 1, 0, '状态：用户 [ admin ] 登录成功 时间：2021-06-29 09:04:29 登录地点：113.103.113.191', '113.103.113.191', 1624928669),
(19, 1, 0, '状态：用户 [ admin ] 登录成功 时间：2021-06-29 11:09:40 登录地点：113.103.113.191', '113.103.113.191', 1624936180),
(20, 1, 0, '状态：用户 [ admin ] 登录成功 时间：2021-06-29 11:19:58 登录地点：113.103.113.191', '113.103.113.191', 1624936798),
(21, 1, 0, '状态：用户 [ admin ] 登录成功 时间：2021-06-29 17:06:04 登录地点：113.103.113.191', '113.103.113.191', 1624957564),
(22, 1, 0, '状态：用户 [ admin ] 登录成功 时间：2021-06-29 17:26:05 登录地点：127.0.0.1', '127.0.0.1', 1624958765),
(23, 1, 0, '状态：用户 [ admin ] 登录成功 时间：2021-06-30 10:56:52 登录地点：127.0.0.1', '127.0.0.1', 1625021812),
(24, 1, 0, '状态：用户 [ admin ] 登录成功 时间：2021-07-01 01:46:21 登录地点：127.0.0.1', '127.0.0.1', 1625075181),
(25, 1, 0, '状态：用户 [ admin ] 登录成功 时间：2021-07-01 13:30:31 登录地点：127.0.0.1', '127.0.0.1', 1625117431),
(26, 1, 0, '状态：用户 [ admin ] 登录成功 时间：2021-07-02 00:49:16 登录地点：127.0.0.1', '127.0.0.1', 1625158156),
(27, 1, 0, '状态：用户 [ admin ] 登录成功 时间：2021-07-02 03:38:12 登录地点：127.0.0.1', '127.0.0.1', 1625168292),
(28, 1, 0, '状态：用户 [ admin ] 登录成功 时间：2021-07-02 06:14:23 登录地点：127.0.0.1', '127.0.0.1', 1625177663),
(29, 1, 0, '状态：用户 [ admin ] 登录成功 时间：2021-07-02 21:35:56 登录地点：127.0.0.1', '127.0.0.1', 1625232956),
(30, 1, 0, '状态：用户 [ admin ] 登录成功 时间：2021-07-03 00:50:07 登录地点：127.0.0.1', '127.0.0.1', 1625244607),
(31, 1, 0, '状态：用户 [ admin ] 登录成功 时间：2021-07-03 06:37:49 登录地点：127.0.0.1', '127.0.0.1', 1625265469),
(32, 1, 0, '状态：用户 [ admin ] 登录成功 时间：2021-07-03 11:54:43 登录地点：127.0.0.1', '127.0.0.1', 1625284483),
(33, 1, 0, '状态：用户 [ admin ] 登录成功 时间：2021-07-03 21:30:06 登录地点：127.0.0.1', '127.0.0.1', 1625319006),
(34, 1, 0, '状态：用户 [ admin ] 登录成功 时间：2021-07-04 11:16:57 登录地点：127.0.0.1', '127.0.0.1', 1625368617),
(35, 1, 0, '状态：用户 [ admin ] 登录成功 时间：2021-07-04 13:45:02 登录地点：127.0.0.1', '127.0.0.1', 1625377502),
(36, 1, 0, '状态：用户 [ admin ] 登录成功 时间：2021-07-04 15:46:44 登录地点：127.0.0.1', '127.0.0.1', 1625384804),
(37, 1, 0, '状态：用户 [ admin ] 登录成功 时间：2021-07-05 10:31:46 登录地点：127.0.0.1', '127.0.0.1', 1625452306),
(38, 1, 0, '状态：用户 [ admin ] 登录成功 时间：2021-07-05 16:08:56 登录地点：127.0.0.1', '127.0.0.1', 1625472536),
(39, 1, 0, '状态：用户 [ admin ] 登录成功 时间：2021-07-11 01:19:17 登录地点：127.0.0.1', '127.0.0.1', 1625937557),
(40, 1, 0, '状态：用户 [ admin ] 登录成功 时间：2021-07-11 09:22:37 登录地点：127.0.0.1', '127.0.0.1', 1625966557),
(41, 1, 0, '状态：用户 [ admin ] 登录成功 时间：2021-07-12 00:33:08 登录地点：127.0.0.1', '127.0.0.1', 1626021188),
(42, 1, 0, '状态：用户 [ admin ] 登录成功 时间：2021-07-25 22:12:14 登录地点：127.0.0.1', '127.0.0.1', 1627222334),
(43, 1, 0, '状态：用户 [ admin ] 登录成功 时间：2021-07-26 09:41:49 登录地点：127.0.0.1', '127.0.0.1', 1627263709),
(44, 1, 0, '状态：用户 [ admin ] 登录成功 时间：2021-07-26 19:54:11 登录地点：127.0.0.1', '127.0.0.1', 1627300451),
(45, 1, 0, '状态：用户 [ admin ] 登录成功 时间：2021-07-26 23:04:07 登录地点：127.0.0.1', '127.0.0.1', 1627311847),
(46, 1, 0, '状态：用户 [ admin ] 登录成功 时间：2021-07-31 19:30:57 登录地点：127.0.0.1', '127.0.0.1', 1627731057),
(47, 1, 0, '状态：用户 [ admin ] 登录成功 时间：2021-08-04 09:45:24 登录地点：127.0.0.1', '127.0.0.1', 1628041524),
(48, 1, 0, '状态：用户 [ admin ] 登录成功 时间：2021-08-08 16:07:34 登录地点：127.0.0.1', '127.0.0.1', 1628410054),
(49, 1, 0, '状态：用户 [ admin ] 登录成功 时间：2021-08-10 20:45:06 登录地点：127.0.0.1', '127.0.0.1', 1628599506),
(50, 1, 0, '状态：用户 [ admin ] 登录成功 时间：2021-08-11 23:06:52 登录地点：127.0.0.1', '127.0.0.1', 1628694412),
(51, 1, 0, '状态：用户 [ admin ] 登录成功 时间：2021-08-12 10:49:52 登录地点：127.0.0.1', '127.0.0.1', 1628736592),
(52, 1, 0, '状态：用户 [ admin ] 登录成功 时间：2021-08-12 19:45:32 登录地点：127.0.0.1', '127.0.0.1', 1628768732),
(53, 1, 0, '状态：用户 [ admin ] 登录成功 时间：2021-08-18 11:10:29 登录地点：127.0.0.1', '127.0.0.1', 1629256229);

-- --------------------------------------------------------

--
-- 表的结构 `mall_users`
--

CREATE TABLE `mall_users` (
  `id` bigint(20) UNSIGNED NOT NULL,
  `group_id` bigint(20) DEFAULT 0 ,
  `username` varchar(20) NOT NULL ,
  `password` varchar(40) NOT NULL ,
  `email` varchar(255) DEFAULT '' ,
  `avatar` varchar(255) DEFAULT '' ,
  `nickname` varchar(255) NOT NULL DEFAULT '' ,
  `realname` varchar(50) DEFAULT '' ,
  `mobile` varchar(20) DEFAULT '' ,
  `birthday` int(10) NOT NULL DEFAULT 0 ,
  `sex` tinyint(1) NOT NULL DEFAULT 1 ,
  `exp` bigint(20) NOT NULL DEFAULT 0 ,
  `point` bigint(20) NOT NULL DEFAULT 0 ,
  `status` tinyint(1) NOT NULL DEFAULT 1 ,
  `tags` varchar(255) NOT NULL DEFAULT '' ,
  `is_spread` tinyint(1) NOT NULL DEFAULT 0 ,
  `spread_id` bigint(20) NOT NULL DEFAULT 0 ,
  `spread_time` int(10) NOT NULL DEFAULT 0 ,
  `pay_count` bigint(20) NOT NULL DEFAULT 0 ,
  `spread_count` bigint(20) NOT NULL DEFAULT 0 ,
  `amount` decimal(15,2) NOT NULL DEFAULT 0.00 ,
  `spread_amount` decimal(15,2) NOT NULL DEFAULT 0.00 ,
  `sign_count` int(11) NOT NULL DEFAULT 0 ,
  `create_ip` varchar(128) NOT NULL DEFAULT '' ,
  `last_ip` varchar(128) NOT NULL DEFAULT '' ,
  `create_time` int(10) NOT NULL DEFAULT 0 ,
  `last_login` int(10) DEFAULT 0 
) ENGINE=InnoDB DEFAULT CHARSET=utf8mb4 ;

--
-- 转存表中的数据 `mall_users`
--

INSERT INTO `mall_users` (`id`, `group_id`, `username`, `password`, `email`, `avatar`, `nickname`, `realname`, `mobile`, `birthday`, `sex`, `exp`, `point`, `status`, `tags`, `is_spread`, `spread_id`, `spread_time`, `pay_count`, `spread_count`, `amount`, `spread_amount`, `sign_count`, `create_ip`, `last_ip`, `create_time`, `last_login`) VALUES
(1, 6, 'demo', '7fef6171469e80d32c0559f88b377245', '', '', '', '', '18026740326', 0, 0, 0, 535, 0, '', 1, 0, 0, 0, 0, '10711.00', '0.00', 1, '', '127.0.0.1', 1624242612, 1628771855),
(2, 1, 'test', '7fef6171469e80d32c0559f88b377245', 'test@qq.com', '', 'test', '', '18026740325', 0, 0, 0, 0, 0, '', 1, 0, 1625290691, 0, 0, '0.00', '0.00', 0, '', '127.0.0.1', 1625168337, 1625168507);

-- --------------------------------------------------------

--
-- 表的结构 `mall_users_address`
--

CREATE TABLE `mall_users_address` (
  `id` bigint(20) UNSIGNED NOT NULL,
  `user_id` bigint(20) NOT NULL DEFAULT 0 ,
  `accept_name` varchar(20) NOT NULL DEFAULT '' ,
  `zip` varchar(6) DEFAULT '' ,
  `mobile` varchar(20) DEFAULT '' ,
  `phone` varchar(20) DEFAULT '' ,
  `country` bigint(20) DEFAULT 0 ,
  `province` bigint(20) NOT NULL DEFAULT 0 ,
  `city` bigint(20) NOT NULL DEFAULT 0 ,
  `area` bigint(20) NOT NULL DEFAULT 0 ,
  `address` varchar(250) NOT NULL ,
  `is_default` tinyint(1) NOT NULL DEFAULT 0 ,
  `extends_info` text DEFAULT NULL,
  `create_time` int(10) NOT NULL DEFAULT 0
) ENGINE=InnoDB DEFAULT CHARSET=utf8mb4 ;

--
-- 转存表中的数据 `mall_users_address`
--

INSERT INTO `mall_users_address` (`id`, `user_id`, `accept_name`, `zip`, `mobile`, `phone`, `country`, `province`, `city`, `area`, `address`, `is_default`, `extends_info`, `create_time`) VALUES
(1, 1, '余越', '', '18963214578', '', 0, 1, 2, 3, '东栋大楼', 1, '{\"areaCode\":[1,2,3]}', 1624674514);

-- --------------------------------------------------------

--
-- 表的结构 `mall_users_bonus`
--

CREATE TABLE `mall_users_bonus` (
  `id` int(11) NOT NULL,
  `user_id` int(11) NOT NULL DEFAULT 0,
  `order_id` int(11) NOT NULL DEFAULT 0,
  `bonus_id` int(11) NOT NULL ,
  `type` tinyint(1) UNSIGNED NOT NULL DEFAULT 0 ,
  `used_time` int(10) NOT NULL DEFAULT 0 ,
  `status` tinyint(1) NOT NULL DEFAULT 0 ,
  `create_time` int(10) NOT NULL DEFAULT 0
) ENGINE=InnoDB DEFAULT CHARSET=utf8mb4 ;

-- --------------------------------------------------------

--
-- 表的结构 `mall_users_comment`
--

CREATE TABLE `mall_users_comment` (
  `id` bigint(20) UNSIGNED NOT NULL,
  `goods_id` bigint(20) NOT NULL ,
  `order_no` varchar(20) NOT NULL ,
  `user_id` bigint(20) NOT NULL ,
  `admin_id` bigint(20) NOT NULL DEFAULT 0,
  `contents` text DEFAULT NULL ,
  `reply_content` text DEFAULT NULL ,
  `point` tinyint(1) NOT NULL DEFAULT 0 ,
  `describes` tinyint(1) NOT NULL DEFAULT 0 ,
  `service` tinyint(1) NOT NULL DEFAULT 0 ,
  `logistics` tinyint(1) NOT NULL DEFAULT 0 ,
  `status` tinyint(1) NOT NULL DEFAULT 0 ,
  `comment_time` int(10) NOT NULL DEFAULT 0 ,
  `reply_time` int(10) NOT NULL DEFAULT 0 ,
  `create_time` int(10) NOT NULL DEFAULT 0 
) ENGINE=InnoDB DEFAULT CHARSET=utf8mb4 ;

-- --------------------------------------------------------

--
-- 表的结构 `mall_users_consult`
--

CREATE TABLE `mall_users_consult` (
  `id` bigint(20) NOT NULL,
  `pid` bigint(20) NOT NULL DEFAULT 0,
  `admin_id` bigint(20) DEFAULT 0 ,
  `user_id` bigint(20) DEFAULT 0 ,
  `goods_id` bigint(20) NOT NULL DEFAULT 0 ,
  `content` text DEFAULT NULL ,
  `status` tinyint(1) DEFAULT 0 ,
  `create_time` int(10) DEFAULT 0 ,
  `reply_time` int(10) DEFAULT 0 
) ENGINE=InnoDB DEFAULT CHARSET=utf8mb4 ;

-- --------------------------------------------------------

--
-- 表的结构 `mall_users_favorite`
--

CREATE TABLE `mall_users_favorite` (
  `id` bigint(20) NOT NULL,
  `user_id` bigint(20) NOT NULL DEFAULT 0 ,
  `goods_id` bigint(20) NOT NULL DEFAULT 0 ,
  `create_time` int(10) NOT NULL DEFAULT 0 
) ENGINE=InnoDB DEFAULT CHARSET=utf8mb4;

--
-- 转存表中的数据 `mall_users_favorite`
--

INSERT INTO `mall_users_favorite` (`id`, `user_id`, `goods_id`, `create_time`) VALUES
(1, 1, 1, 1624674479);

-- --------------------------------------------------------

--
-- 表的结构 `mall_users_group`
--

CREATE TABLE `mall_users_group` (
  `id` bigint(20) UNSIGNED NOT NULL ,
  `name` varchar(32) NOT NULL ,
  `discount` decimal(15,2) NOT NULL DEFAULT 100.00 ,
  `minexp` bigint(20) DEFAULT NULL ,
  `maxexp` bigint(20) DEFAULT NULL 
) ENGINE=InnoDB DEFAULT CHARSET=utf8mb4 ;

--
-- 转存表中的数据 `mall_users_group`
--

INSERT INTO `mall_users_group` (`id`, `name`, `discount`, `minexp`, `maxexp`) VALUES
(1, '注册会员', '100.00', 0, 10000),
(2, '普通会员', '100.00', 10001, 100000),
(3, '铜牌会员', '100.00', 100001, 1000000),
(4, '银牌会员', '100.00', 1000001, 10000000),
(5, '金牌会员', '100.00', 10000001, 100000000),
(6, '钻石会员', '100.00', 100000001, 500000000);

-- --------------------------------------------------------

--
-- 表的结构 `mall_users_log`
--

CREATE TABLE `mall_users_log` (
  `id` bigint(20) UNSIGNED NOT NULL,
  `order_no` varchar(255) NOT NULL DEFAULT '' ,
  `user_id` int(10) NOT NULL DEFAULT 0 ,
  `admin_id` bigint(20) DEFAULT 0 ,
  `action` tinyint(1) NOT NULL DEFAULT 0 ,
  `operation` tinyint(1) NOT NULL DEFAULT 0 ,
  `amount` decimal(15,2) NOT NULL DEFAULT 0.00 ,
  `point` int(10) NOT NULL DEFAULT 0 ,
  `exp` int(10) NOT NULL DEFAULT 0 ,
  `description` text DEFAULT NULL ,
  `create_time` int(10) NOT NULL DEFAULT 0 
) ENGINE=InnoDB DEFAULT CHARSET=utf8mb4 ;

--
-- 转存表中的数据 `mall_users_log`
--

INSERT INTO `mall_users_log` (`id`, `order_no`, `user_id`, `admin_id`, `action`, `operation`, `amount`, `point`, `exp`, `description`, `create_time`) VALUES
(1, '', 1, 0, 1, 0, '0.00', 1, 0, '签到奖励', 1624886254),
(2, '', 1, 1, 1, 0, '0.00', 11111, 0, '管理员对您的【积分】执行了充值操作,操作数值【11111】', 1625403211),
(3, '', 1, 0, 1, 1, '0.00', 20, 0, '您在抽奖活动消费了 20 积分', 0),
(4, '', 1, 0, 1, 1, '0.00', 20, 0, '您在抽奖活动消费了 20 积分', 0),
(5, '', 1, 0, 1, 1, '0.00', 20, 0, '您在抽奖活动消费了 20 积分', 0),
(6, '', 1, 0, 1, 1, '0.00', 20, 0, '您在抽奖活动消费了 20 积分', 0),
(10, '', 1, 0, 1, 1, '0.00', 20, 0, '您在抽奖活动消费了 20 积分', 0),
(11, '', 1, 0, 1, 0, '0.00', 20, 0, '您在抽奖活动抽中了 10 积分', 0),
(12, '', 1, 0, 1, 1, '0.00', 20, 0, '您在抽奖活动消费了 20 积分', 0),
(13, '', 1, 0, 1, 1, '0.00', 20, 0, '您在抽奖活动消费了 20 积分', 0),
(14, '', 1, 0, 1, 0, '0.00', 20, 0, '您在抽奖活动抽中了 5 积分', 0),
(15, '', 1, 0, 1, 1, '0.00', 20, 0, '您在抽奖活动消费了 20 积分', 0),
(16, '', 1, 0, 1, 1, '0.00', 20, 0, '您在抽奖活动消费了 20 积分', 0),
(17, '', 1, 0, 1, 0, '0.00', 20, 0, '您在抽奖活动抽中了 20 积分', 0),
(18, '', 1, 0, 1, 1, '0.00', 20, 0, '您在抽奖活动消费了 20 积分', 0),
(19, '', 1, 0, 1, 0, '0.00', 20, 0, '您在抽奖活动抽中了 10 积分', 0),
(20, '', 1, 0, 1, 1, '0.00', 20, 0, '您在抽奖活动消费了 20 积分', 0),
(21, '', 1, 0, 1, 1, '0.00', 20, 0, '您在抽奖活动消费了 20 积分', 0),
(22, '', 1, 0, 1, 1, '0.00', 20, 0, '您在抽奖活动消费了 20 积分', 0),
(23, '', 1, 0, 1, 1, '0.00', 20, 0, '您在抽奖活动消费了 20 积分', 0),
(24, '', 1, 0, 1, 1, '0.00', 20, 0, '您在抽奖活动消费了 20 积分', 0),
(25, '', 1, 0, 1, 1, '0.00', 20, 0, '您在抽奖活动消费了 20 积分', 0),
(26, '', 1, 0, 1, 0, '0.00', 20, 0, '您在抽奖活动抽中了 5 积分', 0),
(27, '', 1, 0, 1, 1, '0.00', 20, 0, '您在抽奖活动消费了 20 积分', 0),
(28, '', 1, 0, 1, 1, '0.00', 20, 0, '您在抽奖活动消费了 20 积分', 0),
(29, '', 1, 0, 1, 1, '0.00', 20, 0, '您在抽奖活动消费了 20 积分', 0),
(30, '', 1, 0, 1, 1, '0.00', 20, 0, '您在抽奖活动消费了 20 积分', 0),
(31, '', 1, 0, 1, 0, '0.00', 20, 0, '您参与抽奖活动抽中了 5 积分', 0),
(32, '', 1, 0, 1, 1, '0.00', 20, 0, '您在抽奖活动消费了 20 积分', 0),
(33, '', 1, 0, 1, 1, '0.00', 20, 0, '您在抽奖活动消费了 20 积分', 0),
(34, '', 1, 1, 0, 0, '11111.00', 0, 0, '管理员对您的【金额】执行了充值操作,操作数值【11111】', 1627263795);

-- --------------------------------------------------------

--
-- 表的结构 `mall_users_luckdraw`
--

CREATE TABLE `mall_users_luckdraw` (
  `id` int(11) NOT NULL,
  `user_id` int(11) NOT NULL DEFAULT 0 ,
  `type` tinyint(1) NOT NULL DEFAULT 0 ,
  `description` varchar(255) CHARACTER SET utf8 NOT NULL DEFAULT '' ,
  `point` int(11) NOT NULL DEFAULT 0 ,
  `result` longtext DEFAULT NULL ,
  `create_time` int(11) NOT NULL DEFAULT 0 
) ENGINE=InnoDB DEFAULT CHARSET=utf8mb4 ;

--
-- 转存表中的数据 `mall_users_luckdraw`
--

INSERT INTO `mall_users_luckdraw` (`id`, `user_id`, `type`, `description`, `point`, `result`, `create_time`) VALUES
(1, 1, 1, '您参与抽奖活动抽中了 5 积分', 5, '{\"prizeId\":61,\"name\":\"5积分\",\"store_nums\":998,\"chance\":50,\"type\":1,\"value\":5}', 1625421461),
(2, 1, 0, '很遗憾，没有中奖，请再接再厉！', 0, '{\"prizeId\":62,\"name\":\"谢谢参与\",\"store_nums\":1000,\"chance\":50,\"type\":0,\"value\":0}', 1625421502),
(3, 1, 0, '很遗憾，没有中奖，请再接再厉！', 0, '{\"prizeId\":67,\"name\":\"谢谢参与\",\"store_nums\":999,\"chance\":50,\"type\":0,\"value\":0}', 1625421505);

-- --------------------------------------------------------

--
-- 表的结构 `mall_users_rechange`
--

CREATE TABLE `mall_users_rechange` (
  `id` bigint(20) NOT NULL,
  `user_id` bigint(20) NOT NULL ,
  `pay_type` int(11) NOT NULL DEFAULT 0 ,
  `order_no` varchar(255) NOT NULL DEFAULT '' ,
  `order_amount` decimal(15,2) NOT NULL DEFAULT 0.00 ,
  `payment_name` varchar(80) NOT NULL ,
  `status` tinyint(1) NOT NULL DEFAULT 0 ,
  `transaction_id` varchar(255) NOT NULL DEFAULT '' ,
  `create_time` int(10) NOT NULL DEFAULT 0 ,
  `pay_time` int(10) NOT NULL DEFAULT 0 
) ENGINE=InnoDB DEFAULT CHARSET=utf8mb4 ;

--
-- 转存表中的数据 `mall_users_rechange`
--

INSERT INTO `mall_users_rechange` (`id`, `user_id`, `pay_type`, `order_no`, `order_amount`, `payment_name`, `status`, `transaction_id`, `create_time`, `pay_time`) VALUES
(1, 1, 14, 'P2021072619534744904', '10.00', '支付宝wap支付', 0, '', 1627300427, 0);

-- --------------------------------------------------------

--
-- 表的结构 `mall_users_report`
--

CREATE TABLE `mall_users_report` (
  `id` bigint(20) NOT NULL,
  `admin_id` bigint(20) DEFAULT 0 ,
  `user_id` bigint(20) DEFAULT 0 ,
  `goods_id` bigint(20) NOT NULL DEFAULT 0 ,
  `content` text DEFAULT NULL ,
  `reply_content` text DEFAULT NULL ,
  `status` tinyint(1) DEFAULT 0 ,
  `create_time` int(10) DEFAULT 0 ,
  `reply_time` int(10) DEFAULT 0 
) ENGINE=InnoDB DEFAULT CHARSET=utf8mb4 ;

-- --------------------------------------------------------

--
-- 表的结构 `mall_users_share_temp`
--

CREATE TABLE `mall_users_share_temp` (
  `id` bigint(20) NOT NULL,
  `user_id` int(20) NOT NULL DEFAULT 0 ,
  `type` tinyint(1) NOT NULL DEFAULT 0 ,
  `path` varchar(255) NOT NULL DEFAULT '' ,
  `create_time` int(10) NOT NULL DEFAULT 0 
) ENGINE=InnoDB DEFAULT CHARSET=utf8mb4 ;

--
-- 转存表中的数据 `mall_users_share_temp`
--

INSERT INTO `mall_users_share_temp` (`id`, `user_id`, `type`, `path`, `create_time`) VALUES
(1, 1, 1, '/uploads/images/20210628/52b1ea1f15aab076461c519f2b1f7e09.png', 1624885197);

-- --------------------------------------------------------

--
-- 表的结构 `mall_users_sign`
--

CREATE TABLE `mall_users_sign` (
  `id` int(11) NOT NULL,
  `user_id` int(11) NOT NULL DEFAULT 0 ,
  `description` varchar(255) CHARACTER SET utf8 NOT NULL DEFAULT '' ,
  `point` int(11) NOT NULL DEFAULT 0 ,
  `create_time` int(11) NOT NULL DEFAULT 0 
) ENGINE=InnoDB DEFAULT CHARSET=utf8mb4 ;

--
-- 转存表中的数据 `mall_users_sign`
--

INSERT INTO `mall_users_sign` (`id`, `user_id`, `description`, `point`, `create_time`) VALUES
(1, 1, '签到奖励', 1, 1624886254);

-- --------------------------------------------------------

--
-- 表的结构 `mall_users_sms`
--

CREATE TABLE `mall_users_sms` (
  `id` int(11) NOT NULL,
  `user_id` int(11) NOT NULL DEFAULT 0 ,
  `mobile` varchar(255) NOT NULL DEFAULT '' ,
  `code` varchar(32) NOT NULL DEFAULT '' ,
  `status` tinyint(1) NOT NULL DEFAULT 0 ,
  `create_time` int(10) NOT NULL DEFAULT 0 
) ENGINE=InnoDB DEFAULT CHARSET=utf8mb4;

-- --------------------------------------------------------

--
-- 表的结构 `mall_users_suggest`
--

CREATE TABLE `mall_users_suggest` (
  `id` bigint(20) NOT NULL,
  `admin_id` bigint(20) DEFAULT 0 ,
  `user_id` bigint(20) DEFAULT 0 ,
  `title` varchar(255) NOT NULL DEFAULT '' ,
  `content` text DEFAULT NULL ,
  `reply_content` text DEFAULT NULL ,
  `status` tinyint(1) DEFAULT 0 ,
  `create_time` int(10) DEFAULT 0 ,
  `reply_time` int(10) DEFAULT 0 
) ENGINE=InnoDB DEFAULT CHARSET=utf8mb4 ;

-- --------------------------------------------------------

--
-- 表的结构 `mall_users_tags`
--

CREATE TABLE `mall_users_tags` (
  `id` int(11) NOT NULL,
  `name` varchar(128) NOT NULL ,
  `intro` text NOT NULL ,
  `create_time` int(10) NOT NULL DEFAULT 0 
) ENGINE=InnoDB DEFAULT CHARSET=utf8mb4 ;

-- --------------------------------------------------------

--
-- 表的结构 `mall_users_token`
--

CREATE TABLE `mall_users_token` (
  `id` bigint(20) UNSIGNED NOT NULL,
  `user_id` bigint(20) NOT NULL DEFAULT 0 ,
  `token` varchar(255) NOT NULL DEFAULT '',
  `referer` tinyint(1) NOT NULL DEFAULT 0 ,
  `type` tinyint(1) NOT NULL DEFAULT 0 ,
  `brand` varchar(128) NOT NULL DEFAULT '' ,
  `model` varchar(255) NOT NULL DEFAULT '' ,
  `ip` varchar(255) NOT NULL DEFAULT '' ,
  `expire_time` int(10) NOT NULL DEFAULT 0 
) ENGINE=InnoDB DEFAULT CHARSET=utf8mb4 ;

--
-- 转存表中的数据 `mall_users_token`
--

INSERT INTO `mall_users_token` (`id`, `user_id`, `token`, `referer`, `type`, `brand`, `model`, `ip`, `expire_time`) VALUES
(14, 1, 'f97e56e049148ed47fd99e0784cbd9d364e51fa9', 0, 0, '', '', '113.103.113.191', 1624893789),
(15, 1, '002c6e7feb9baa0d276d013e5dd4f6f398ddb5fa', 0, 0, '', '', '113.103.113.191', 1624892670),
(16, 1, 'f1be8c60a993b15e00624acf52c283ecb3b57a61', 0, 0, '', '', '113.103.113.191', 1624899996),
(17, 1, '98e0872306e3cc7d23f552541e14f330e488b9bb', 0, 0, '', '', '113.103.113.191', 1624893941),
(18, 1, 'ff3b3e57863c78d82724891eb8e2190298bf0221', 0, 0, '', '', '113.103.113.191', 1624893997),
(19, 1, 'c3238ec982057c0917dc16658893a9a1cb09bee0', 0, 0, '', '', '113.103.113.191', 1624894037),
(20, 1, '023b81a54ed5174d079ab805b011cca7a4ca3703', 0, 0, '', '', '113.103.113.191', 1624896703),
(21, 1, '2300398f6a6aebf1b497965adf99a4254bfd1294', 0, 0, '', '', '113.103.113.191', 1624897557),
(22, 1, '7b1049f1bfc4b066c17940064cfd7f7c037ba0a9', 0, 0, '', '', '113.103.113.191', 1624898443),
(23, 1, '92d1a6c474124dcd3f184d118ee20efbbf259a30', 0, 0, '', '', '113.103.113.191', 1624899857),
(24, 1, '2793cc97706888ab1297b07511c88507bf1ee7bf', 0, 0, '', '', '113.103.113.191', 1624933892),
(25, 1, 'beb1fe78db8f6d9b3aba36562b8f5252a2e0dcd8', 0, 0, '', '', '113.103.113.191', 1624940063),
(26, 1, '05c3462858a36bd5ed76d3366cde57077e92423d', 0, 0, '', '', '113.103.113.191', 1624956240),
(27, 2, 'dd9fed6872cbf40df0f8237cbfec548c4531b625', 0, 0, '', '', '127.0.0.1', 1625168507),
(28, 1, '7979bb4b0b10680d5deab475170e1203fbe65841', 0, 0, '', '', '127.0.0.1', 1625168532),
(29, 1, '5177b900a318e3eb2c59aba1802e6b8c2890ba95', 0, 0, '', '', '127.0.0.1', 1625304697),
(30, 1, '79a23505a86041a2ba62c9af984af7c1b9ea296e', 0, 0, '', '', '127.0.0.1', 1625402721),
(31, 1, '248c278787c80fa05e32ede1909b49fe67b0db80', 0, 0, '', '', '127.0.0.1', 1625420154),
(32, 1, '4d449433fba13b61c47e41bebf8c329befdcb555', 0, 0, '', '', '127.0.0.1', 1627269158),
(33, 1, 'c9d39598d8dee2dd568078c3235b5e2aa8946007', 0, 0, '', '', '127.0.0.1', 1627298058),
(34, 1, 'ea0f51ae2cd771c075c093a1b1a60c96d8113aef', 0, 0, '', '', '127.0.0.1', 1627311877),
(35, 1, '36a07c46c93bdfca0d0184efe0bae099288ecc40', 0, 0, '', '', '127.0.0.1', 1628741395),
(36, 1, '6db336908600058f4d3994e0a1012bdc998069bc', 0, 0, '', '', '127.0.0.1', 1628771856);

-- --------------------------------------------------------

--
-- 表的结构 `mall_users_withdraw_log`
--

CREATE TABLE `mall_users_withdraw_log` (
  `id` bigint(20) NOT NULL,
  `user_id` bigint(20) DEFAULT NULL,
  `withdraw_type` tinyint(1) DEFAULT 0 ,
  `bank_name` varchar(128) NOT NULL DEFAULT '' ,
  `bank_real_name` varchar(32) NOT NULL DEFAULT '' ,
  `type` tinyint(1) DEFAULT 1 ,
  `code` varchar(32) DEFAULT '' ,
  `address` varchar(256) DEFAULT '' ,
  `account` varchar(64) DEFAULT '' ,
  `price` decimal(15,2) DEFAULT 0.00 ,
  `mark` varchar(512) DEFAULT NULL,
  `msg` varchar(255) DEFAULT '' ,
  `status` tinyint(2) DEFAULT 0 ,
  `create_time` int(10) DEFAULT 0 ,
  `update_time` int(10) DEFAULT 0 
) ENGINE=InnoDB DEFAULT CHARSET=utf8mb4 ;

-- --------------------------------------------------------

--
-- 表的结构 `mall_version`
--

CREATE TABLE `mall_version` (
  `id` int(11) NOT NULL ,
  `type` varchar(32) DEFAULT '' ,
  `title` varchar(255) DEFAULT '' ,
  `sign` varchar(32) DEFAULT '' ,
  `version` varchar(255) DEFAULT '' ,
  `url` longtext DEFAULT NULL ,
  `status` tinyint(1) NOT NULL DEFAULT 0 ,
  `content` longtext DEFAULT NULL ,
  `create_time` int(11) NOT NULL 
) ENGINE=InnoDB DEFAULT CHARSET=utf8mb4;

--
-- 转存表中的数据 `mall_version`
--

INSERT INTO `mall_version` (`id`, `type`, `title`, `sign`, `version`, `url`, `status`, `content`, `create_time`) VALUES
(1, '3', '公众号商城', 'wechat', '1.0', 'http://pc.a3-mall.com/wap', 0, '', 1608143950),
(2, '3', '小程序商城', 'mini', '1.0', 'http://pc.a3-mall.com/wap', 0, NULL, 1608143977);

-- --------------------------------------------------------

--
-- 表的结构 `mall_wechat_keys`
--

CREATE TABLE `mall_wechat_keys` (
  `id` bigint(20) NOT NULL,
  `appid` char(100) NOT NULL DEFAULT '' ,
  `type` varchar(20) NOT NULL DEFAULT '' ,
  `keys` varchar(100) DEFAULT NULL ,
  `content` text DEFAULT NULL ,
  `image_url` varchar(255) DEFAULT '' ,
  `voice_url` varchar(255) DEFAULT '' ,
  `music_title` varchar(100) DEFAULT '' ,
  `music_url` varchar(255) DEFAULT '' ,
  `music_image` varchar(255) DEFAULT '' ,
  `music_desc` varchar(255) DEFAULT '' ,
  `video_title` varchar(100) DEFAULT '' ,
  `video_url` varchar(255) DEFAULT '' ,
  `video_desc` varchar(255) DEFAULT '' ,
  `news_id` bigint(20) DEFAULT 0 ,
  `sort` bigint(20) DEFAULT 0 ,
  `status` tinyint(1) DEFAULT 1 ,
  `admin_id` int(11) NOT NULL DEFAULT 0,
  `create_time` int(10) NOT NULL DEFAULT 0
) ENGINE=InnoDB DEFAULT CHARSET=utf8mb4 ;

-- --------------------------------------------------------

--
-- 表的结构 `mall_wechat_media`
--

CREATE TABLE `mall_wechat_media` (
  `id` bigint(20) UNSIGNED NOT NULL,
  `appid` varchar(100) DEFAULT '' ,
  `md5` varchar(32) DEFAULT '' ,
  `type` varchar(20) DEFAULT '' ,
  `media_id` varchar(100) DEFAULT '' ,
  `local_url` varchar(300) DEFAULT '' ,
  `media_url` varchar(300) DEFAULT '' ,
  `create_time` int(10) NOT NULL DEFAULT 0
) ENGINE=InnoDB DEFAULT CHARSET=utf8mb4 ;

-- --------------------------------------------------------

--
-- 表的结构 `mall_wechat_mini_subscribe_message`
--

CREATE TABLE `mall_wechat_mini_subscribe_message` (
  `id` int(11) NOT NULL,
  `temp_id` varchar(255) DEFAULT NULL ,
  `sign` varchar(32) DEFAULT NULL ,
  `name` varchar(64) DEFAULT NULL ,
  `content` longtext DEFAULT NULL ,
  `status` tinyint(1) NOT NULL DEFAULT 0 ,
  `create_time` int(10) NOT NULL DEFAULT 0 
) ENGINE=InnoDB DEFAULT CHARSET=utf8mb4 ;

--
-- 转存表中的数据 `mall_wechat_mini_subscribe_message`
--

INSERT INTO `mall_wechat_mini_subscribe_message` (`id`, `temp_id`, `sign`, `name`, `content`, `status`, `create_time`) VALUES
(6, 'os114FRH6aS4_8doQePUPf8Z2itIxqcvVTL8bkkMLfc', 'order_pay_success', '订单支付成功通知', '{\"name\":[\"订单编号\",\"订单金额\",\"支付时间\",\"订单状态\"],\"field\":[\"order_no\",\"order_amount\",\"pay_time\",\"pay_status\"],\"value\":[\"{{character_string8.DATA}}\",\"{{amount2.DATA}}\",\"{{date3.DATA}}\",\"{{phrase11.DATA}}\"]}', 0, 1604170397),
(7, '2Sm-TqeSD_FzRAHzCxd28r1KcPilH8akFx33ylR4KOw', 'order_complete', '订单完成通知', '{\"name\":[\"订单号\",\"金额\",\"订单状态\"],\"field\":[\"order_no\",\"order_amount\",\"{{custom}}\"],\"value\":[\"{{character_string5.DATA}}\",\"{{amount2.DATA}}\",\"{{phrase6.DATA}}\"]}', 0, 1604170511),
(8, 'i6fUQoMOzPBPOhUxhu8ag_qjfJuVUhIB7CXIzxaYZX0', 'delivery_notice', '配送通知', '{\"name\":[\"订单编号\",\"快递单号\",\"温馨提示\"],\"field\":[\"order_no\",\"distribution_code\",\"{{custom}}\"],\"value\":[\"{{character_string1.DATA}}\",\"{{character_string4.DATA}}\",\"{{thing3.DATA}}\"]}', 0, 1604170666),
(9, 'PeG3mGQoUYYNtJtli2GKiIO0oOwYOnKH_G1u-Qv-MN4', 'refund_notice', '退款通知', '{\"name\":[\"退款单号\",\"退款时间\",\"退款说明\",\"退款金额\"],\"field\":[\"order_no\",\"dispose_time\",\"pay_status\",\"amount\"],\"value\":[\"{{character_string4.DATA}}\",\"{{time2.DATA}}\",\"{{thing3.DATA}}\",\"{{amount1.DATA}}\"]}', 0, 1604170787);

-- --------------------------------------------------------

--
-- 表的结构 `mall_wechat_news`
--

CREATE TABLE `mall_wechat_news` (
  `id` bigint(20) UNSIGNED NOT NULL,
  `admin_id` int(11) DEFAULT 0 ,
  `media_id` varchar(100) DEFAULT '' ,
  `local_url` varchar(300) DEFAULT '' ,
  `article_id` varchar(60) DEFAULT '' ,
  `is_deleted` tinyint(1) UNSIGNED DEFAULT 0 ,
  `create_time` int(10) DEFAULT 0 ,
  `update_time` int(10) DEFAULT 0
) ENGINE=InnoDB DEFAULT CHARSET=utf8mb4 ;

-- --------------------------------------------------------

--
-- 表的结构 `mall_wechat_news_article`
--

CREATE TABLE `mall_wechat_news_article` (
  `id` bigint(20) UNSIGNED NOT NULL,
  `title` varchar(50) DEFAULT '' ,
  `local_url` varchar(300) DEFAULT '' ,
  `show_cover_pic` tinyint(4) UNSIGNED DEFAULT 0 ,
  `author` varchar(20) DEFAULT '' ,
  `digest` varchar(300) DEFAULT '' ,
  `content` longtext DEFAULT NULL ,
  `content_source_url` varchar(200) DEFAULT '' ,
  `visit` bigint(20) UNSIGNED DEFAULT 0 ,
  `create_time` int(10) NOT NULL DEFAULT 0
) ENGINE=InnoDB DEFAULT CHARSET=utf8mb4 ;

-- --------------------------------------------------------

--
-- 表的结构 `mall_wechat_qrcode`
--

CREATE TABLE `mall_wechat_qrcode` (
  `id` bigint(20) NOT NULL,
  `goods_id` bigint(20) NOT NULL DEFAULT 0 ,
  `user_id` bigint(20) NOT NULL DEFAULT 0 ,
  `type` tinyint(1) NOT NULL DEFAULT 0 ,
  `page` varchar(255) NOT NULL DEFAULT '' ,
  `path` varchar(255) NOT NULL DEFAULT '' ,
  `create_time` int(10) NOT NULL DEFAULT 0 
) ENGINE=InnoDB DEFAULT CHARSET=utf8mb4;

-- --------------------------------------------------------

--
-- 表的结构 `mall_wechat_users`
--

CREATE TABLE `mall_wechat_users` (
  `id` bigint(20) UNSIGNED NOT NULL,
  `user_id` bigint(20) NOT NULL DEFAULT 0,
  `appid` varchar(50) DEFAULT '' ,
  `unionid` varchar(100) DEFAULT '' ,
  `openid` varchar(100) DEFAULT '' ,
  `mp_openid` varchar(100) NOT NULL DEFAULT '' ,
  `weixin_openid` varchar(255) NOT NULL DEFAULT '' ,
  `open_weixin` varchar(100) DEFAULT '' ,
  `open_qq` varchar(255) NOT NULL DEFAULT '' ,
  `tagid_list` varchar(100) DEFAULT '' ,
  `is_black` tinyint(1) UNSIGNED DEFAULT 0 ,
  `subscribe` tinyint(1) UNSIGNED DEFAULT 0 ,
  `nickname` varchar(200) DEFAULT '' ,
  `sex` tinyint(1) UNSIGNED DEFAULT 0 ,
  `country` varchar(50) DEFAULT '' ,
  `province` varchar(50) DEFAULT '' ,
  `city` varchar(50) DEFAULT '' ,
  `language` varchar(50) DEFAULT '' ,
  `headimgurl` varchar(500) DEFAULT '' ,
  `subscribe_time` int(10) UNSIGNED DEFAULT 0 ,
  `subscribe_create_time` int(10) DEFAULT 0 ,
  `mp_create_time` int(10) NOT NULL DEFAULT 0 ,
  `remark` varchar(50) DEFAULT '' ,
  `subscribe_scene` varchar(200) DEFAULT '' ,
  `qr_scene` varchar(100) DEFAULT '' ,
  `qr_scene_str` varchar(200) DEFAULT '' ,
  `create_time` int(10) NOT NULL DEFAULT 0
) ENGINE=InnoDB DEFAULT CHARSET=utf8mb4 ;

-- --------------------------------------------------------

--
-- 表的结构 `mall_wechat_users_tags`
--

CREATE TABLE `mall_wechat_users_tags` (
  `id` bigint(20) NOT NULL ,
  `appid` varchar(50) DEFAULT '' ,
  `name` varchar(35) DEFAULT NULL ,
  `count` bigint(20) UNSIGNED DEFAULT 0 ,
  `create_at` timestamp NULL DEFAULT current_timestamp() 
) ENGINE=InnoDB DEFAULT CHARSET=utf8mb4 ;

--
-- 转储表的索引
--

--
-- 表的索引 `mall_archives`
--
ALTER TABLE `mall_archives`
  ADD PRIMARY KEY (`id`);

--
-- 表的索引 `mall_area`
--
ALTER TABLE `mall_area`
  ADD PRIMARY KEY (`id`),
  ADD KEY `name,level` (`name`);

--
-- 表的索引 `mall_attachments`
--
ALTER TABLE `mall_attachments`
  ADD PRIMARY KEY (`id`);

--
-- 表的索引 `mall_card`
--
ALTER TABLE `mall_card`
  ADD PRIMARY KEY (`id`);

--
-- 表的索引 `mall_card_order`
--
ALTER TABLE `mall_card_order`
  ADD PRIMARY KEY (`id`),
  ADD KEY `order_no` (`order_no`),
  ADD KEY `user_id` (`user_id`),
  ADD KEY `create_time` (`create_time`);

--
-- 表的索引 `mall_card_template`
--
ALTER TABLE `mall_card_template`
  ADD PRIMARY KEY (`id`),
  ADD KEY `tempate_id` (`tempate_id`),
  ADD KEY `user_id` (`user_id`);

--
-- 表的索引 `mall_cart`
--
ALTER TABLE `mall_cart`
  ADD PRIMARY KEY (`id`),
  ADD KEY `user_id` (`user_id`),
  ADD KEY `goods_id` (`goods_id`);

--
-- 表的索引 `mall_category`
--
ALTER TABLE `mall_category`
  ADD PRIMARY KEY (`id`),
  ADD KEY `pid` (`pid`);

--
-- 表的索引 `mall_chat_friends`
--
ALTER TABLE `mall_chat_friends`
  ADD PRIMARY KEY (`id`),
  ADD KEY `user_id` (`user_id`);

--
-- 表的索引 `mall_chat_group`
--
ALTER TABLE `mall_chat_group`
  ADD PRIMARY KEY (`id`);

--
-- 表的索引 `mall_chat_message`
--
ALTER TABLE `mall_chat_message`
  ADD PRIMARY KEY (`id`),
  ADD KEY `goods_id` (`goods_id`),
  ADD KEY `user_id` (`user_id`),
  ADD KEY `order_id` (`order_id`);

--
-- 表的索引 `mall_chat_phrase`
--
ALTER TABLE `mall_chat_phrase`
  ADD PRIMARY KEY (`id`);

--
-- 表的索引 `mall_chat_rating`
--
ALTER TABLE `mall_chat_rating`
  ADD PRIMARY KEY (`id`),
  ADD KEY `servicer_id` (`service_id`),
  ADD KEY `user_id` (`user_id`);

--
-- 表的索引 `mall_chat_service`
--
ALTER TABLE `mall_chat_service`
  ADD PRIMARY KEY (`id`);

--
-- 表的索引 `mall_chat_service_log`
--
ALTER TABLE `mall_chat_service_log`
  ADD PRIMARY KEY (`id`);

--
-- 表的索引 `mall_chat_session`
--
ALTER TABLE `mall_chat_session`
  ADD PRIMARY KEY (`id`),
  ADD KEY `aid` (`user_id`),
  ADD KEY `time` (`create_time`);

--
-- 表的索引 `mall_data`
--
ALTER TABLE `mall_data`
  ADD PRIMARY KEY (`id`);

--
-- 表的索引 `mall_data_item`
--
ALTER TABLE `mall_data_item`
  ADD PRIMARY KEY (`id`);

--
-- 表的索引 `mall_data_type`
--
ALTER TABLE `mall_data_type`
  ADD PRIMARY KEY (`id`);

--
-- 表的索引 `mall_deliver`
--
ALTER TABLE `mall_deliver`
  ADD PRIMARY KEY (`id`);

--
-- 表的索引 `mall_distribution`
--
ALTER TABLE `mall_distribution`
  ADD PRIMARY KEY (`id`),
  ADD KEY `status` (`status`),
  ADD KEY `sort` (`sort`);

--
-- 表的索引 `mall_freight`
--
ALTER TABLE `mall_freight`
  ADD PRIMARY KEY (`id`),
  ADD KEY `sort` (`sort`);

--
-- 表的索引 `mall_goods`
--
ALTER TABLE `mall_goods`
  ADD PRIMARY KEY (`id`),
  ADD KEY `sort` (`sort`),
  ADD KEY `brand_id` (`brand_id`),
  ADD KEY `is_del` (`status`),
  ADD KEY `model_id` (`model_id`);

--
-- 表的索引 `mall_goods_attribute`
--
ALTER TABLE `mall_goods_attribute`
  ADD PRIMARY KEY (`id`),
  ADD KEY `attr_id` (`attr_id`);

--
-- 表的索引 `mall_goods_extends`
--
ALTER TABLE `mall_goods_extends`
  ADD PRIMARY KEY (`id`),
  ADD KEY `goods_id` (`goods_id`);

--
-- 表的索引 `mall_goods_item`
--
ALTER TABLE `mall_goods_item`
  ADD PRIMARY KEY (`id`);

--
-- 表的索引 `mall_goods_model`
--
ALTER TABLE `mall_goods_model`
  ADD PRIMARY KEY (`id`),
  ADD KEY `goods_id` (`goods_id`),
  ADD KEY `attribute_id` (`attribute_id`,`attribute_value`),
  ADD KEY `order` (`sort`);

--
-- 表的索引 `mall_luckdraw`
--
ALTER TABLE `mall_luckdraw`
  ADD PRIMARY KEY (`id`);

--
-- 表的索引 `mall_navigation`
--
ALTER TABLE `mall_navigation`
  ADD PRIMARY KEY (`id`);

--
-- 表的索引 `mall_oauth`
--
ALTER TABLE `mall_oauth`
  ADD PRIMARY KEY (`id`);

--
-- 表的索引 `mall_order`
--
ALTER TABLE `mall_order`
  ADD PRIMARY KEY (`id`),
  ADD KEY `order_no` (`order_no`),
  ADD KEY `user_id` (`user_id`),
  ADD KEY `create_time` (`create_time`);

--
-- 表的索引 `mall_order_collection`
--
ALTER TABLE `mall_order_collection`
  ADD PRIMARY KEY (`id`);

--
-- 表的索引 `mall_order_delivery`
--
ALTER TABLE `mall_order_delivery`
  ADD PRIMARY KEY (`id`),
  ADD KEY `order_id` (`order_id`),
  ADD KEY `user_id` (`user_id`),
  ADD KEY `freight_id` (`freight_id`);

--
-- 表的索引 `mall_order_goods`
--
ALTER TABLE `mall_order_goods`
  ADD PRIMARY KEY (`id`),
  ADD KEY `goods_id` (`goods_id`),
  ADD KEY `order_id` (`order_id`);

--
-- 表的索引 `mall_order_group`
--
ALTER TABLE `mall_order_group`
  ADD PRIMARY KEY (`id`) USING BTREE;

--
-- 表的索引 `mall_order_log`
--
ALTER TABLE `mall_order_log`
  ADD PRIMARY KEY (`id`);

--
-- 表的索引 `mall_order_refundment`
--
ALTER TABLE `mall_order_refundment`
  ADD PRIMARY KEY (`id`),
  ADD KEY `order_id` (`order_id`),
  ADD KEY `if_del` (`is_delete`),
  ADD KEY `user_id` (`user_id`);

--
-- 表的索引 `mall_pages`
--
ALTER TABLE `mall_pages`
  ADD PRIMARY KEY (`id`) USING BTREE;

--
-- 表的索引 `mall_pages_items`
--
ALTER TABLE `mall_pages_items`
  ADD PRIMARY KEY (`id`) USING BTREE;

--
-- 表的索引 `mall_pages_relation`
--
ALTER TABLE `mall_pages_relation`
  ADD PRIMARY KEY (`id`) USING BTREE;

--
-- 表的索引 `mall_pages_type`
--
ALTER TABLE `mall_pages_type`
  ADD PRIMARY KEY (`id`);

--
-- 表的索引 `mall_pages_widget`
--
ALTER TABLE `mall_pages_widget`
  ADD PRIMARY KEY (`id`) USING BTREE;

--
-- 表的索引 `mall_payment`
--
ALTER TABLE `mall_payment`
  ADD PRIMARY KEY (`id`);

--
-- 表的索引 `mall_products_attribute`
--
ALTER TABLE `mall_products_attribute`
  ADD PRIMARY KEY (`id`);

--
-- 表的索引 `mall_products_attribute_data`
--
ALTER TABLE `mall_products_attribute_data`
  ADD PRIMARY KEY (`id`);

--
-- 表的索引 `mall_products_brand`
--
ALTER TABLE `mall_products_brand`
  ADD PRIMARY KEY (`id`),
  ADD KEY `sort` (`sort`);

--
-- 表的索引 `mall_products_model`
--
ALTER TABLE `mall_products_model`
  ADD PRIMARY KEY (`id`);

--
-- 表的索引 `mall_products_model_data`
--
ALTER TABLE `mall_products_model_data`
  ADD PRIMARY KEY (`id`),
  ADD KEY `model_id` (`pid`);

--
-- 表的索引 `mall_promotion_bonus`
--
ALTER TABLE `mall_promotion_bonus`
  ADD PRIMARY KEY (`id`);

--
-- 表的索引 `mall_promotion_group`
--
ALTER TABLE `mall_promotion_group`
  ADD PRIMARY KEY (`id`) USING BTREE;

--
-- 表的索引 `mall_promotion_group_item`
--
ALTER TABLE `mall_promotion_group_item`
  ADD PRIMARY KEY (`id`);

--
-- 表的索引 `mall_promotion_order`
--
ALTER TABLE `mall_promotion_order`
  ADD PRIMARY KEY (`id`);

--
-- 表的索引 `mall_promotion_point`
--
ALTER TABLE `mall_promotion_point`
  ADD PRIMARY KEY (`id`),
  ADD KEY `status` (`status`,`start_time`,`end_time`),
  ADD KEY `goods_id` (`goods_id`),
  ADD KEY `sort` (`sort`);

--
-- 表的索引 `mall_promotion_point_item`
--
ALTER TABLE `mall_promotion_point_item`
  ADD PRIMARY KEY (`id`);

--
-- 表的索引 `mall_promotion_price`
--
ALTER TABLE `mall_promotion_price`
  ADD PRIMARY KEY (`id`),
  ADD KEY `goods_id` (`goods_id`),
  ADD KEY `product_id` (`product_id`);

--
-- 表的索引 `mall_promotion_price_item`
--
ALTER TABLE `mall_promotion_price_item`
  ADD PRIMARY KEY (`id`),
  ADD KEY `goods_id` (`pid`),
  ADD KEY `group_id` (`group_id`);

--
-- 表的索引 `mall_promotion_regiment`
--
ALTER TABLE `mall_promotion_regiment`
  ADD PRIMARY KEY (`id`);

--
-- 表的索引 `mall_promotion_regiment_item`
--
ALTER TABLE `mall_promotion_regiment_item`
  ADD PRIMARY KEY (`id`);

--
-- 表的索引 `mall_promotion_second`
--
ALTER TABLE `mall_promotion_second`
  ADD PRIMARY KEY (`id`),
  ADD KEY `goods_id` (`goods_id`),
  ADD KEY `sort` (`sort`);

--
-- 表的索引 `mall_promotion_second_item`
--
ALTER TABLE `mall_promotion_second_item`
  ADD PRIMARY KEY (`id`);

--
-- 表的索引 `mall_search_keywords`
--
ALTER TABLE `mall_search_keywords`
  ADD PRIMARY KEY (`id`);

--
-- 表的索引 `mall_setting`
--
ALTER TABLE `mall_setting`
  ADD PRIMARY KEY (`id`);

--
-- 表的索引 `mall_sms_template`
--
ALTER TABLE `mall_sms_template`
  ADD PRIMARY KEY (`id`);

--
-- 表的索引 `mall_statistics_search`
--
ALTER TABLE `mall_statistics_search`
  ADD PRIMARY KEY (`id`);

--
-- 表的索引 `mall_statistics_search_goods`
--
ALTER TABLE `mall_statistics_search_goods`
  ADD PRIMARY KEY (`id`);

--
-- 表的索引 `mall_store`
--
ALTER TABLE `mall_store`
  ADD PRIMARY KEY (`id`);

--
-- 表的索引 `mall_system_manage`
--
ALTER TABLE `mall_system_manage`
  ADD PRIMARY KEY (`id`);

--
-- 表的索引 `mall_system_menu`
--
ALTER TABLE `mall_system_menu`
  ADD PRIMARY KEY (`id`);

--
-- 表的索引 `mall_system_purview`
--
ALTER TABLE `mall_system_purview`
  ADD PRIMARY KEY (`id`);

--
-- 表的索引 `mall_system_queue`
--
ALTER TABLE `mall_system_queue`
  ADD PRIMARY KEY (`id`);

--
-- 表的索引 `mall_system_users`
--
ALTER TABLE `mall_system_users`
  ADD PRIMARY KEY (`id`);

--
-- 表的索引 `mall_system_users_log`
--
ALTER TABLE `mall_system_users_log`
  ADD PRIMARY KEY (`id`);

--
-- 表的索引 `mall_users`
--
ALTER TABLE `mall_users`
  ADD PRIMARY KEY (`id`),
  ADD UNIQUE KEY `username` (`username`);

--
-- 表的索引 `mall_users_address`
--
ALTER TABLE `mall_users_address`
  ADD PRIMARY KEY (`id`),
  ADD KEY `user_id` (`user_id`);

--
-- 表的索引 `mall_users_bonus`
--
ALTER TABLE `mall_users_bonus`
  ADD PRIMARY KEY (`id`);

--
-- 表的索引 `mall_users_comment`
--
ALTER TABLE `mall_users_comment`
  ADD PRIMARY KEY (`id`);

--
-- 表的索引 `mall_users_consult`
--
ALTER TABLE `mall_users_consult`
  ADD PRIMARY KEY (`id`);

--
-- 表的索引 `mall_users_favorite`
--
ALTER TABLE `mall_users_favorite`
  ADD PRIMARY KEY (`id`);

--
-- 表的索引 `mall_users_group`
--
ALTER TABLE `mall_users_group`
  ADD PRIMARY KEY (`id`);

--
-- 表的索引 `mall_users_log`
--
ALTER TABLE `mall_users_log`
  ADD PRIMARY KEY (`id`);

--
-- 表的索引 `mall_users_luckdraw`
--
ALTER TABLE `mall_users_luckdraw`
  ADD PRIMARY KEY (`id`);

--
-- 表的索引 `mall_users_rechange`
--
ALTER TABLE `mall_users_rechange`
  ADD PRIMARY KEY (`id`),
  ADD KEY `user_id` (`user_id`);

--
-- 表的索引 `mall_users_report`
--
ALTER TABLE `mall_users_report`
  ADD PRIMARY KEY (`id`);

--
-- 表的索引 `mall_users_share_temp`
--
ALTER TABLE `mall_users_share_temp`
  ADD PRIMARY KEY (`id`);

--
-- 表的索引 `mall_users_sign`
--
ALTER TABLE `mall_users_sign`
  ADD PRIMARY KEY (`id`),
  ADD KEY `user_id` (`user_id`);

--
-- 表的索引 `mall_users_sms`
--
ALTER TABLE `mall_users_sms`
  ADD PRIMARY KEY (`id`);

--
-- 表的索引 `mall_users_suggest`
--
ALTER TABLE `mall_users_suggest`
  ADD PRIMARY KEY (`id`);

--
-- 表的索引 `mall_users_tags`
--
ALTER TABLE `mall_users_tags`
  ADD PRIMARY KEY (`id`);

--
-- 表的索引 `mall_users_token`
--
ALTER TABLE `mall_users_token`
  ADD PRIMARY KEY (`id`);

--
-- 表的索引 `mall_users_withdraw_log`
--
ALTER TABLE `mall_users_withdraw_log`
  ADD PRIMARY KEY (`id`);

--
-- 表的索引 `mall_version`
--
ALTER TABLE `mall_version`
  ADD PRIMARY KEY (`id`);

--
-- 表的索引 `mall_wechat_keys`
--
ALTER TABLE `mall_wechat_keys`
  ADD PRIMARY KEY (`id`);

--
-- 表的索引 `mall_wechat_media`
--
ALTER TABLE `mall_wechat_media`
  ADD PRIMARY KEY (`id`) USING BTREE;

--
-- 表的索引 `mall_wechat_mini_subscribe_message`
--
ALTER TABLE `mall_wechat_mini_subscribe_message`
  ADD PRIMARY KEY (`id`);

--
-- 表的索引 `mall_wechat_news`
--
ALTER TABLE `mall_wechat_news`
  ADD PRIMARY KEY (`id`) USING BTREE;

--
-- 表的索引 `mall_wechat_news_article`
--
ALTER TABLE `mall_wechat_news_article`
  ADD PRIMARY KEY (`id`) USING BTREE;

--
-- 表的索引 `mall_wechat_qrcode`
--
ALTER TABLE `mall_wechat_qrcode`
  ADD PRIMARY KEY (`id`);

--
-- 表的索引 `mall_wechat_users`
--
ALTER TABLE `mall_wechat_users`
  ADD PRIMARY KEY (`id`) USING BTREE;

--
-- 表的索引 `mall_wechat_users_tags`
--
ALTER TABLE `mall_wechat_users_tags`
  ADD PRIMARY KEY (`id`);

--
-- 在导出的表使用AUTO_INCREMENT
--

--
-- 使用表AUTO_INCREMENT `mall_archives`
--
ALTER TABLE `mall_archives`
  MODIFY `id` int(11) NOT NULL AUTO_INCREMENT, AUTO_INCREMENT=4;

--
-- 使用表AUTO_INCREMENT `mall_area`
--
ALTER TABLE `mall_area`
  MODIFY `id` int(11) NOT NULL AUTO_INCREMENT, AUTO_INCREMENT=3749;

--
-- 使用表AUTO_INCREMENT `mall_attachments`
--
ALTER TABLE `mall_attachments`
  MODIFY `id` bigint(20) NOT NULL AUTO_INCREMENT, AUTO_INCREMENT=224;

--
-- 使用表AUTO_INCREMENT `mall_card`
--
ALTER TABLE `mall_card`
  MODIFY `id` bigint(20) NOT NULL AUTO_INCREMENT;

--
-- 使用表AUTO_INCREMENT `mall_card_order`
--
ALTER TABLE `mall_card_order`
  MODIFY `id` bigint(20) UNSIGNED NOT NULL AUTO_INCREMENT;

--
-- 使用表AUTO_INCREMENT `mall_card_template`
--
ALTER TABLE `mall_card_template`
  MODIFY `id` bigint(20) NOT NULL AUTO_INCREMENT ;

--
-- 使用表AUTO_INCREMENT `mall_cart`
--
ALTER TABLE `mall_cart`
  MODIFY `id` bigint(20) NOT NULL AUTO_INCREMENT;

--
-- 使用表AUTO_INCREMENT `mall_category`
--
ALTER TABLE `mall_category`
  MODIFY `id` int(11) NOT NULL AUTO_INCREMENT, AUTO_INCREMENT=79;

--
-- 使用表AUTO_INCREMENT `mall_chat_friends`
--
ALTER TABLE `mall_chat_friends`
  MODIFY `id` bigint(20) NOT NULL AUTO_INCREMENT , AUTO_INCREMENT=5;

--
-- 使用表AUTO_INCREMENT `mall_chat_group`
--
ALTER TABLE `mall_chat_group`
  MODIFY `id` smallint(5) NOT NULL AUTO_INCREMENT;

--
-- 使用表AUTO_INCREMENT `mall_chat_message`
--
ALTER TABLE `mall_chat_message`
  MODIFY `id` bigint(20) NOT NULL AUTO_INCREMENT , AUTO_INCREMENT=17;

--
-- 使用表AUTO_INCREMENT `mall_chat_phrase`
--
ALTER TABLE `mall_chat_phrase`
  MODIFY `id` bigint(20) NOT NULL AUTO_INCREMENT;

--
-- 使用表AUTO_INCREMENT `mall_chat_rating`
--
ALTER TABLE `mall_chat_rating`
  MODIFY `id` int(11) NOT NULL AUTO_INCREMENT;

--
-- 使用表AUTO_INCREMENT `mall_chat_service`
--
ALTER TABLE `mall_chat_service`
  MODIFY `id` bigint(20) NOT NULL AUTO_INCREMENT , AUTO_INCREMENT=3;

--
-- 使用表AUTO_INCREMENT `mall_chat_service_log`
--
ALTER TABLE `mall_chat_service_log`
  MODIFY `id` bigint(20) NOT NULL AUTO_INCREMENT;

--
-- 使用表AUTO_INCREMENT `mall_chat_session`
--
ALTER TABLE `mall_chat_session`
  MODIFY `id` bigint(20) NOT NULL AUTO_INCREMENT, AUTO_INCREMENT=4;

--
-- 使用表AUTO_INCREMENT `mall_data`
--
ALTER TABLE `mall_data`
  MODIFY `id` int(11) NOT NULL AUTO_INCREMENT, AUTO_INCREMENT=9;

--
-- 使用表AUTO_INCREMENT `mall_data_item`
--
ALTER TABLE `mall_data_item`
  MODIFY `id` int(11) NOT NULL AUTO_INCREMENT, AUTO_INCREMENT=62;

--
-- 使用表AUTO_INCREMENT `mall_data_type`
--
ALTER TABLE `mall_data_type`
  MODIFY `id` int(11) NOT NULL AUTO_INCREMENT;

--
-- 使用表AUTO_INCREMENT `mall_deliver`
--
ALTER TABLE `mall_deliver`
  MODIFY `id` bigint(20) UNSIGNED NOT NULL AUTO_INCREMENT, AUTO_INCREMENT=2;

--
-- 使用表AUTO_INCREMENT `mall_distribution`
--
ALTER TABLE `mall_distribution`
  MODIFY `id` bigint(20) UNSIGNED NOT NULL AUTO_INCREMENT, AUTO_INCREMENT=4;

--
-- 使用表AUTO_INCREMENT `mall_freight`
--
ALTER TABLE `mall_freight`
  MODIFY `id` bigint(20) UNSIGNED NOT NULL AUTO_INCREMENT, AUTO_INCREMENT=17;

--
-- 使用表AUTO_INCREMENT `mall_goods`
--
ALTER TABLE `mall_goods`
  MODIFY `id` bigint(20) UNSIGNED NOT NULL AUTO_INCREMENT , AUTO_INCREMENT=32;

--
-- 使用表AUTO_INCREMENT `mall_goods_attribute`
--
ALTER TABLE `mall_goods_attribute`
  MODIFY `id` bigint(20) NOT NULL AUTO_INCREMENT, AUTO_INCREMENT=7;

--
-- 使用表AUTO_INCREMENT `mall_goods_extends`
--
ALTER TABLE `mall_goods_extends`
  MODIFY `id` bigint(20) NOT NULL AUTO_INCREMENT, AUTO_INCREMENT=47;

--
-- 使用表AUTO_INCREMENT `mall_goods_item`
--
ALTER TABLE `mall_goods_item`
  MODIFY `id` bigint(20) UNSIGNED NOT NULL AUTO_INCREMENT, AUTO_INCREMENT=7;

--
-- 使用表AUTO_INCREMENT `mall_goods_model`
--
ALTER TABLE `mall_goods_model`
  MODIFY `id` bigint(20) UNSIGNED NOT NULL AUTO_INCREMENT;

--
-- 使用表AUTO_INCREMENT `mall_luckdraw`
--
ALTER TABLE `mall_luckdraw`
  MODIFY `id` bigint(20) NOT NULL AUTO_INCREMENT, AUTO_INCREMENT=69;

--
-- 使用表AUTO_INCREMENT `mall_navigation`
--
ALTER TABLE `mall_navigation`
  MODIFY `id` int(11) NOT NULL AUTO_INCREMENT, AUTO_INCREMENT=16;

--
-- 使用表AUTO_INCREMENT `mall_oauth`
--
ALTER TABLE `mall_oauth`
  MODIFY `id` int(11) NOT NULL AUTO_INCREMENT, AUTO_INCREMENT=3;

--
-- 使用表AUTO_INCREMENT `mall_order`
--
ALTER TABLE `mall_order`
  MODIFY `id` bigint(20) UNSIGNED NOT NULL AUTO_INCREMENT, AUTO_INCREMENT=9;

--
-- 使用表AUTO_INCREMENT `mall_order_collection`
--
ALTER TABLE `mall_order_collection`
  MODIFY `id` bigint(20) NOT NULL AUTO_INCREMENT, AUTO_INCREMENT=2;

--
-- 使用表AUTO_INCREMENT `mall_order_delivery`
--
ALTER TABLE `mall_order_delivery`
  MODIFY `id` bigint(20) NOT NULL AUTO_INCREMENT ;

--
-- 使用表AUTO_INCREMENT `mall_order_goods`
--
ALTER TABLE `mall_order_goods`
  MODIFY `id` bigint(20) NOT NULL AUTO_INCREMENT, AUTO_INCREMENT=9;

--
-- 使用表AUTO_INCREMENT `mall_order_group`
--
ALTER TABLE `mall_order_group`
  MODIFY `id` int(10) NOT NULL AUTO_INCREMENT;

--
-- 使用表AUTO_INCREMENT `mall_order_log`
--
ALTER TABLE `mall_order_log`
  MODIFY `id` bigint(20) UNSIGNED NOT NULL AUTO_INCREMENT, AUTO_INCREMENT=3;

--
-- 使用表AUTO_INCREMENT `mall_order_refundment`
--
ALTER TABLE `mall_order_refundment`
  MODIFY `id` bigint(20) NOT NULL AUTO_INCREMENT;

--
-- 使用表AUTO_INCREMENT `mall_pages`
--
ALTER TABLE `mall_pages`
  MODIFY `id` int(10) NOT NULL AUTO_INCREMENT, AUTO_INCREMENT=11;

--
-- 使用表AUTO_INCREMENT `mall_pages_items`
--
ALTER TABLE `mall_pages_items`
  MODIFY `id` int(10) NOT NULL AUTO_INCREMENT, AUTO_INCREMENT=3898;

--
-- 使用表AUTO_INCREMENT `mall_pages_relation`
--
ALTER TABLE `mall_pages_relation`
  MODIFY `id` int(10) NOT NULL AUTO_INCREMENT, AUTO_INCREMENT=4;

--
-- 使用表AUTO_INCREMENT `mall_pages_type`
--
ALTER TABLE `mall_pages_type`
  MODIFY `id` int(11) NOT NULL AUTO_INCREMENT, AUTO_INCREMENT=4;

--
-- 使用表AUTO_INCREMENT `mall_pages_widget`
--
ALTER TABLE `mall_pages_widget`
  MODIFY `id` int(10) NOT NULL AUTO_INCREMENT, AUTO_INCREMENT=21;

--
-- 使用表AUTO_INCREMENT `mall_payment`
--
ALTER TABLE `mall_payment`
  MODIFY `id` bigint(20) NOT NULL AUTO_INCREMENT, AUTO_INCREMENT=15;

--
-- 使用表AUTO_INCREMENT `mall_products_attribute`
--
ALTER TABLE `mall_products_attribute`
  MODIFY `id` bigint(20) UNSIGNED NOT NULL AUTO_INCREMENT, AUTO_INCREMENT=3;

--
-- 使用表AUTO_INCREMENT `mall_products_attribute_data`
--
ALTER TABLE `mall_products_attribute_data`
  MODIFY `id` bigint(20) UNSIGNED NOT NULL AUTO_INCREMENT, AUTO_INCREMENT=3;

--
-- 使用表AUTO_INCREMENT `mall_products_brand`
--
ALTER TABLE `mall_products_brand`
  MODIFY `id` bigint(20) UNSIGNED NOT NULL AUTO_INCREMENT , AUTO_INCREMENT=2;

--
-- 使用表AUTO_INCREMENT `mall_products_model`
--
ALTER TABLE `mall_products_model`
  MODIFY `id` bigint(20) UNSIGNED NOT NULL AUTO_INCREMENT ;

--
-- 使用表AUTO_INCREMENT `mall_products_model_data`
--
ALTER TABLE `mall_products_model_data`
  MODIFY `id` bigint(20) UNSIGNED NOT NULL AUTO_INCREMENT ;

--
-- 使用表AUTO_INCREMENT `mall_promotion_bonus`
--
ALTER TABLE `mall_promotion_bonus`
  MODIFY `id` int(11) NOT NULL AUTO_INCREMENT, AUTO_INCREMENT=2;

--
-- 使用表AUTO_INCREMENT `mall_promotion_group`
--
ALTER TABLE `mall_promotion_group`
  MODIFY `id` bigint(20) NOT NULL AUTO_INCREMENT, AUTO_INCREMENT=2;

--
-- 使用表AUTO_INCREMENT `mall_promotion_group_item`
--
ALTER TABLE `mall_promotion_group_item`
  MODIFY `id` bigint(20) UNSIGNED NOT NULL AUTO_INCREMENT;

--
-- 使用表AUTO_INCREMENT `mall_promotion_order`
--
ALTER TABLE `mall_promotion_order`
  MODIFY `id` bigint(20) NOT NULL AUTO_INCREMENT;

--
-- 使用表AUTO_INCREMENT `mall_promotion_point`
--
ALTER TABLE `mall_promotion_point`
  MODIFY `id` bigint(20) UNSIGNED NOT NULL AUTO_INCREMENT, AUTO_INCREMENT=2;

--
-- 使用表AUTO_INCREMENT `mall_promotion_point_item`
--
ALTER TABLE `mall_promotion_point_item`
  MODIFY `id` bigint(20) UNSIGNED NOT NULL AUTO_INCREMENT;

--
-- 使用表AUTO_INCREMENT `mall_promotion_price`
--
ALTER TABLE `mall_promotion_price`
  MODIFY `id` bigint(20) UNSIGNED NOT NULL AUTO_INCREMENT;

--
-- 使用表AUTO_INCREMENT `mall_promotion_price_item`
--
ALTER TABLE `mall_promotion_price_item`
  MODIFY `id` bigint(20) UNSIGNED NOT NULL AUTO_INCREMENT;

--
-- 使用表AUTO_INCREMENT `mall_promotion_regiment`
--
ALTER TABLE `mall_promotion_regiment`
  MODIFY `id` bigint(20) NOT NULL AUTO_INCREMENT, AUTO_INCREMENT=2;

--
-- 使用表AUTO_INCREMENT `mall_promotion_regiment_item`
--
ALTER TABLE `mall_promotion_regiment_item`
  MODIFY `id` bigint(20) UNSIGNED NOT NULL AUTO_INCREMENT;

--
-- 使用表AUTO_INCREMENT `mall_promotion_second`
--
ALTER TABLE `mall_promotion_second`
  MODIFY `id` int(11) UNSIGNED NOT NULL AUTO_INCREMENT, AUTO_INCREMENT=5;

--
-- 使用表AUTO_INCREMENT `mall_promotion_second_item`
--
ALTER TABLE `mall_promotion_second_item`
  MODIFY `id` bigint(20) UNSIGNED NOT NULL AUTO_INCREMENT;

--
-- 使用表AUTO_INCREMENT `mall_search_keywords`
--
ALTER TABLE `mall_search_keywords`
  MODIFY `id` int(11) NOT NULL AUTO_INCREMENT, AUTO_INCREMENT=8;

--
-- 使用表AUTO_INCREMENT `mall_setting`
--
ALTER TABLE `mall_setting`
  MODIFY `id` bigint(20) NOT NULL AUTO_INCREMENT, AUTO_INCREMENT=35;

--
-- 使用表AUTO_INCREMENT `mall_sms_template`
--
ALTER TABLE `mall_sms_template`
  MODIFY `id` int(11) NOT NULL AUTO_INCREMENT, AUTO_INCREMENT=5;

--
-- 使用表AUTO_INCREMENT `mall_statistics_search`
--
ALTER TABLE `mall_statistics_search`
  MODIFY `id` bigint(20) NOT NULL AUTO_INCREMENT;

--
-- 使用表AUTO_INCREMENT `mall_statistics_search_goods`
--
ALTER TABLE `mall_statistics_search_goods`
  MODIFY `id` bigint(20) NOT NULL AUTO_INCREMENT;

--
-- 使用表AUTO_INCREMENT `mall_store`
--
ALTER TABLE `mall_store`
  MODIFY `id` int(10) NOT NULL AUTO_INCREMENT;

--
-- 使用表AUTO_INCREMENT `mall_system_manage`
--
ALTER TABLE `mall_system_manage`
  MODIFY `id` bigint(20) NOT NULL AUTO_INCREMENT, AUTO_INCREMENT=4;

--
-- 使用表AUTO_INCREMENT `mall_system_menu`
--
ALTER TABLE `mall_system_menu`
  MODIFY `id` int(11) NOT NULL AUTO_INCREMENT, AUTO_INCREMENT=176;

--
-- 使用表AUTO_INCREMENT `mall_system_purview`
--
ALTER TABLE `mall_system_purview`
  MODIFY `id` int(11) NOT NULL AUTO_INCREMENT, AUTO_INCREMENT=381;

--
-- 使用表AUTO_INCREMENT `mall_system_queue`
--
ALTER TABLE `mall_system_queue`
  MODIFY `id` bigint(20) NOT NULL AUTO_INCREMENT, AUTO_INCREMENT=6;

--
-- 使用表AUTO_INCREMENT `mall_system_users`
--
ALTER TABLE `mall_system_users`
  MODIFY `id` smallint(8) NOT NULL AUTO_INCREMENT, AUTO_INCREMENT=3;

--
-- 使用表AUTO_INCREMENT `mall_system_users_log`
--
ALTER TABLE `mall_system_users_log`
  MODIFY `id` bigint(20) NOT NULL AUTO_INCREMENT, AUTO_INCREMENT=54;

--
-- 使用表AUTO_INCREMENT `mall_users`
--
ALTER TABLE `mall_users`
  MODIFY `id` bigint(20) UNSIGNED NOT NULL AUTO_INCREMENT, AUTO_INCREMENT=3;

--
-- 使用表AUTO_INCREMENT `mall_users_address`
--
ALTER TABLE `mall_users_address`
  MODIFY `id` bigint(20) UNSIGNED NOT NULL AUTO_INCREMENT, AUTO_INCREMENT=2;

--
-- 使用表AUTO_INCREMENT `mall_users_bonus`
--
ALTER TABLE `mall_users_bonus`
  MODIFY `id` int(11) NOT NULL AUTO_INCREMENT;

--
-- 使用表AUTO_INCREMENT `mall_users_comment`
--
ALTER TABLE `mall_users_comment`
  MODIFY `id` bigint(20) UNSIGNED NOT NULL AUTO_INCREMENT;

--
-- 使用表AUTO_INCREMENT `mall_users_consult`
--
ALTER TABLE `mall_users_consult`
  MODIFY `id` bigint(20) NOT NULL AUTO_INCREMENT;

--
-- 使用表AUTO_INCREMENT `mall_users_favorite`
--
ALTER TABLE `mall_users_favorite`
  MODIFY `id` bigint(20) NOT NULL AUTO_INCREMENT, AUTO_INCREMENT=2;

--
-- 使用表AUTO_INCREMENT `mall_users_group`
--
ALTER TABLE `mall_users_group`
  MODIFY `id` bigint(20) UNSIGNED NOT NULL AUTO_INCREMENT , AUTO_INCREMENT=7;

--
-- 使用表AUTO_INCREMENT `mall_users_log`
--
ALTER TABLE `mall_users_log`
  MODIFY `id` bigint(20) UNSIGNED NOT NULL AUTO_INCREMENT, AUTO_INCREMENT=35;

--
-- 使用表AUTO_INCREMENT `mall_users_luckdraw`
--
ALTER TABLE `mall_users_luckdraw`
  MODIFY `id` int(11) NOT NULL AUTO_INCREMENT, AUTO_INCREMENT=4;

--
-- 使用表AUTO_INCREMENT `mall_users_rechange`
--
ALTER TABLE `mall_users_rechange`
  MODIFY `id` bigint(20) NOT NULL AUTO_INCREMENT, AUTO_INCREMENT=2;

--
-- 使用表AUTO_INCREMENT `mall_users_report`
--
ALTER TABLE `mall_users_report`
  MODIFY `id` bigint(20) NOT NULL AUTO_INCREMENT;

--
-- 使用表AUTO_INCREMENT `mall_users_share_temp`
--
ALTER TABLE `mall_users_share_temp`
  MODIFY `id` bigint(20) NOT NULL AUTO_INCREMENT, AUTO_INCREMENT=2;

--
-- 使用表AUTO_INCREMENT `mall_users_sign`
--
ALTER TABLE `mall_users_sign`
  MODIFY `id` int(11) NOT NULL AUTO_INCREMENT, AUTO_INCREMENT=2;

--
-- 使用表AUTO_INCREMENT `mall_users_sms`
--
ALTER TABLE `mall_users_sms`
  MODIFY `id` int(11) NOT NULL AUTO_INCREMENT;

--
-- 使用表AUTO_INCREMENT `mall_users_suggest`
--
ALTER TABLE `mall_users_suggest`
  MODIFY `id` bigint(20) NOT NULL AUTO_INCREMENT;

--
-- 使用表AUTO_INCREMENT `mall_users_tags`
--
ALTER TABLE `mall_users_tags`
  MODIFY `id` int(11) NOT NULL AUTO_INCREMENT;

--
-- 使用表AUTO_INCREMENT `mall_users_token`
--
ALTER TABLE `mall_users_token`
  MODIFY `id` bigint(20) UNSIGNED NOT NULL AUTO_INCREMENT, AUTO_INCREMENT=37;

--
-- 使用表AUTO_INCREMENT `mall_users_withdraw_log`
--
ALTER TABLE `mall_users_withdraw_log`
  MODIFY `id` bigint(20) NOT NULL AUTO_INCREMENT;

--
-- 使用表AUTO_INCREMENT `mall_version`
--
ALTER TABLE `mall_version`
  MODIFY `id` int(11) NOT NULL AUTO_INCREMENT , AUTO_INCREMENT=3;

--
-- 使用表AUTO_INCREMENT `mall_wechat_keys`
--
ALTER TABLE `mall_wechat_keys`
  MODIFY `id` bigint(20) NOT NULL AUTO_INCREMENT;

--
-- 使用表AUTO_INCREMENT `mall_wechat_media`
--
ALTER TABLE `mall_wechat_media`
  MODIFY `id` bigint(20) UNSIGNED NOT NULL AUTO_INCREMENT;

--
-- 使用表AUTO_INCREMENT `mall_wechat_mini_subscribe_message`
--
ALTER TABLE `mall_wechat_mini_subscribe_message`
  MODIFY `id` int(11) NOT NULL AUTO_INCREMENT, AUTO_INCREMENT=10;

--
-- 使用表AUTO_INCREMENT `mall_wechat_news`
--
ALTER TABLE `mall_wechat_news`
  MODIFY `id` bigint(20) UNSIGNED NOT NULL AUTO_INCREMENT;

--
-- 使用表AUTO_INCREMENT `mall_wechat_news_article`
--
ALTER TABLE `mall_wechat_news_article`
  MODIFY `id` bigint(20) UNSIGNED NOT NULL AUTO_INCREMENT;

--
-- 使用表AUTO_INCREMENT `mall_wechat_qrcode`
--
ALTER TABLE `mall_wechat_qrcode`
  MODIFY `id` bigint(20) NOT NULL AUTO_INCREMENT;

--
-- 使用表AUTO_INCREMENT `mall_wechat_users`
--
ALTER TABLE `mall_wechat_users`
  MODIFY `id` bigint(20) UNSIGNED NOT NULL AUTO_INCREMENT;

--
-- 使用表AUTO_INCREMENT `mall_wechat_users_tags`
--
ALTER TABLE `mall_wechat_users_tags`
  MODIFY `id` bigint(20) NOT NULL AUTO_INCREMENT ;
COMMIT;
